line_id,timestamp,temperature_c,pressure_psi,vibration_mm_s,motor_current_a,flow_rate_lpm,humidity_pct,is_anomaly,anomaly_type
Line-A,2026-01-01 00:00:00,72.02159899804657,41.45994393777344,2.36295482676704,17.259597497725924,106.18031254281014,46.666514229090666,0,none
Line-A,2026-01-01 00:05:00,67.95809176782231,40.008477060680846,2.119705979861516,17.266939922740246,98.28359597822455,51.629517322604535,0,none
Line-A,2026-01-01 00:10:00,71.11479169438311,40.99448827267619,2.152909815585694,15.963015839095249,96.94748847165796,54.36355309292777,0,none
Line-A,2026-01-01 00:15:00,70.5215225317445,39.82243801510317,2.351852955187036,16.808881719591113,99.81030284010896,44.55573036539344,0,none
Line-A,2026-01-01 00:20:00,69.98251439757856,39.91169322997328,1.994275719000742,16.186100881740487,101.09805629861096,48.4396960293063,0,none
Line-A,2026-01-01 00:25:00,70.88106716115304,39.48143584432506,2.44487952265472,16.978042915975745,103.43737207698864,44.73843518616808,0,none
Line-A,2026-01-01 00:30:00,69.87129233058002,43.29309403775961,2.091623378075531,17.473818976517883,108.02216926105032,44.55138028353269,0,none
Line-A,2026-01-01 00:35:00,72.77164110976435,40.88544502628554,2.1938131485499097,17.86409174100977,106.4345721393128,50.89725430689604,0,none
Line-A,2026-01-01 00:40:00,67.96937789070658,35.76147314651918,1.94208259662511,17.54860189084296,104.6324492253487,53.158271742486576,0,none
Line-A,2026-01-01 00:45:00,70.70425914550273,39.840615364747606,2.229959946734429,16.903250706881394,105.79097140940922,50.59627083814839,0,none
Line-A,2026-01-01 00:50:00,72.08250082618783,41.55225684336,2.055982926178224,16.720707040333146,101.9687088421466,53.77220768052457,0,none
Line-A,2026-01-01 00:55:00,71.80544254427744,36.45873704852292,1.7586009115987926,16.515682014710887,102.01994056109356,51.48520245818234,0,none
Line-A,2026-01-01 01:00:00,73.10250335186556,39.21280894614125,1.8594190397155,17.06305658735359,105.16767604553375,51.50906037990355,0,none
Line-A,2026-01-01 01:05:00,71.52705568711295,40.76786181060586,2.368863554408214,17.429222283833763,110.91985735439036,51.2942616305741,0,none
Line-A,2026-01-01 01:10:00,72.190802293324,39.58162088583685,1.967737787955513,16.497040356492462,102.52346298047252,51.43515051385226,0,none
Line-A,2026-01-01 01:15:00,71.33471648076807,43.08327946369503,2.415920269766533,16.52711784392401,101.68782710533246,50.59891041798992,0,none
Line-A,2026-01-01 01:20:00,70.68598687496969,42.02859381797372,2.173853170690733,18.01466061628921,108.93515458442415,55.30464161614858,0,none
Line-A,2026-01-01 01:25:00,72.79646297653473,41.19616822186367,2.2483600360831564,16.66418285460381,104.02116193837249,48.65971926520599,0,none
Line-A,2026-01-01 01:30:00,69.63949191029494,39.681996410462006,2.008374958197916,16.523707753014264,100.71599596281256,46.85560359476403,0,none
Line-A,2026-01-01 01:35:00,73.23309026271576,42.37627362849391,1.860597175467035,15.74405762794444,103.8354931126772,47.29105774007395,0,none
Line-A,2026-01-01 01:40:00,69.72586632623515,40.51695325853784,1.6526192342625945,18.073834327175945,104.21730913033063,47.98117549298362,0,none
Line-A,2026-01-01 01:45:00,71.74004728019378,40.68170714813024,2.5163734102160853,15.548419330365626,101.02358417581348,47.75220399467879,0,none
Line-A,2026-01-01 01:50:00,72.17804636641313,40.03198644873288,1.971780938258336,17.23253217435841,100.81362774066638,53.33321769102124,0,none
Line-A,2026-01-01 01:55:00,71.6162250024443,40.50935465080927,1.8728374551554172,15.851318604308185,105.51478935433818,52.30484253567632,0,none
Line-A,2026-01-01 02:00:00,71.88044752570747,37.9761320605201,1.5276771810655907,17.32576345190292,104.2020847564081,51.44403809052428,0,none
Line-A,2026-01-01 02:05:00,72.52047573218532,39.14287814842059,1.837825313345684,17.216599553668118,101.57854615816984,53.211213024677946,0,none
Line-A,2026-01-01 02:10:00,74.99368918949577,39.71884605442607,1.8501393541367652,17.107709203213417,107.8559327676138,49.33369210887022,0,none
Line-A,2026-01-01 02:15:00,74.50564132968232,36.88241361089322,1.7654854190965064,15.441182951979702,104.6260628066616,50.86152114978525,0,none
Line-A,2026-01-01 02:20:00,74.27061430272357,40.92244312471789,2.0327613357934795,17.088341113383457,109.1915934384745,51.52734873010056,0,none
Line-A,2026-01-01 02:25:00,72.80834160680521,43.21024126882048,1.872588404239217,16.70109899007589,105.8814032273138,57.88687318856561,0,none
Line-A,2026-01-01 02:30:00,74.33431111106167,41.78243969177223,1.6441120709304091,17.51034594843511,98.96356676971794,55.71228308518442,0,none
Line-A,2026-01-01 02:35:00,76.01050348875194,39.97804851099564,1.713358698273526,16.82683068787941,105.10348474469455,55.93938006835815,0,none
Line-A,2026-01-01 02:40:00,73.74699474455478,38.4134524209554,1.9997373252328652,17.64488808457171,101.171762020299,50.17135070467228,0,none
Line-A,2026-01-01 02:45:00,72.8718795355011,38.13211599554188,1.6492157339940718,16.5461084109061,105.37981042815213,50.54382641314093,0,none
Line-A,2026-01-01 02:50:00,74.86374740917894,41.45791118083282,2.0013421550668062,17.14536466558866,100.42766852181494,53.27894003966444,0,none
Line-A,2026-01-01 02:55:00,72.16270587716802,42.82442565601151,2.3447988191177638,17.70260925626661,108.8883492810206,52.88403067440553,0,none
Line-A,2026-01-01 03:00:00,74.7460587883008,38.99273971418636,1.760509023657287,16.457880263680956,108.17385245477878,50.51788188288524,0,none
Line-A,2026-01-01 03:05:00,76.1450616053438,39.40461747677787,2.1834335012825874,16.700129089119493,100.34463551947908,52.58748040385204,0,none
Line-A,2026-01-01 03:10:00,74.74020510406349,39.096234914743896,2.348977101735332,17.554058947561032,105.68447692457192,49.82903308861044,0,none
Line-A,2026-01-01 03:15:00,72.60984871755869,41.43793209483852,1.81364464371881,16.900968350359005,110.87142422492563,53.68038849620115,0,none
Line-A,2026-01-01 03:20:00,71.60987960326027,40.01371006608228,1.9431580041372485,15.575381349326747,99.55975342801688,52.87189876518339,0,none
Line-A,2026-01-01 03:25:00,73.52871839580527,42.29152936806206,1.8346548275942636,18.437169903664103,111.23437178385984,50.305304206561615,0,none
Line-A,2026-01-01 03:30:00,75.6354482697082,39.08897111696663,1.9541825728379016,17.14544243360653,108.19516674284988,52.16917420565967,0,none
Line-A,2026-01-01 03:35:00,75.42394402274854,37.92389180428305,2.3557582269015147,16.572214624922758,111.77649520448722,51.428344223443005,0,none
Line-A,2026-01-01 03:40:00,73.72505239562442,39.940644338139535,2.245413731053602,14.939028245396347,104.500231952587,51.33896100474853,0,none
Line-A,2026-01-01 03:45:00,74.02856250863233,42.12845166958995,1.9083456089100503,18.06171282068019,101.8729135322593,49.57146869667773,0,none
Line-A,2026-01-01 03:50:00,74.20461634088869,40.97614805097826,1.5781731342251772,16.573561890321315,104.69396579875998,54.84484452332191,0,none
Line-A,2026-01-01 03:55:00,74.36382702709193,38.774135184449165,2.7369386397050106,15.716873971114149,103.69852527553584,50.70247328722128,0,none
Line-A,2026-01-01 04:00:00,71.16668820793531,42.95750594669505,1.4053184818221187,16.176717162969226,107.29755472810542,50.605847045537736,0,none
Line-A,2026-01-01 04:05:00,76.79352194724372,39.26155505262007,1.989284318105132,16.477705145445107,101.74554138892664,45.68391463398277,0,none
Line-A,2026-01-01 04:10:00,73.50375447880403,40.58779030377564,2.0668792477603715,16.285388209396217,101.9129875000306,48.96762875133847,0,none
Line-A,2026-01-01 04:15:00,74.73928596551923,40.49435207607491,2.535628853906421,16.906982335380746,104.45733997480234,54.40825829645644,0,none
Line-A,2026-01-01 04:20:00,74.82032770095347,40.98823007909285,1.8242412993938013,16.371379120232906,108.60089286359651,48.099153126433215,0,none
Line-A,2026-01-01 04:25:00,74.93451610244017,39.88517899521556,2.3494829300718143,16.033018193887198,99.2256845280319,59.571517492238485,0,none
Line-A,2026-01-01 04:30:00,74.08387188080124,40.07513285275595,1.5098668351453004,15.223625004786411,110.89148366753592,55.30285267129635,0,none
Line-A,2026-01-01 04:35:00,73.16776561072479,38.51042256932278,2.062732295063336,16.987464497566727,107.35802027512617,55.320632692541736,0,none
Line-A,2026-01-01 04:40:00,75.13428088276619,44.629562599357314,2.238981013253738,16.95916205952723,102.84156400297232,54.31802424011335,0,none
Line-A,2026-01-01 04:45:00,76.0080216901644,41.88847894253229,1.51697038013872,16.43226168057355,102.77924294154514,45.93025127356583,0,none
Line-A,2026-01-01 04:50:00,75.2556174081827,41.31803741670024,1.9217784243165577,15.763321501684812,96.98702261787751,53.8207212812692,0,none
Line-A,2026-01-01 04:55:00,74.8576725060139,37.76810281101726,1.847697038258166,17.443134095941975,101.903233075586,49.63006982319163,0,none
Line-A,2026-01-01 05:00:00,76.8372513409598,40.551721102373286,2.00628591980695,16.207804075668285,99.2110990839074,44.48440090952152,0,none
Line-A,2026-01-01 05:05:00,74.0766137011035,40.535096673166834,1.7982921943488237,16.99657177913512,99.70858009729626,52.02499190007491,0,none
Line-A,2026-01-01 05:10:00,75.93095389769529,39.73089180732123,1.738993240483978,17.33478410178704,99.51801848750328,50.000906108528326,0,none
Line-A,2026-01-01 05:15:00,76.09712112767002,37.88819754134531,2.2258128129044987,16.023383592809346,99.6400315040734,55.97023578198192,0,none
Line-A,2026-01-01 05:20:00,75.43881515482727,38.85859592704742,2.2457397873306792,17.69850255278146,108.87500054284466,51.44921398255735,0,none
Line-A,2026-01-01 05:25:00,77.02052969857044,38.92813565296087,1.7388149200032543,16.41252456798485,98.5032193472652,50.357010058241634,0,none
Line-A,2026-01-01 05:30:00,75.15574943186151,43.70353678278288,2.093004115194129,16.619247272705227,100.85638821235392,50.67772303424888,0,none
Line-A,2026-01-01 05:35:00,75.65598371535306,41.69352466278482,1.8883534339512915,16.951031050030235,107.53030622167424,55.13585283207088,0,none
Line-A,2026-01-01 05:40:00,72.39342318683101,41.42968082447226,2.5563987643518504,18.00515127873003,99.96266605246691,53.88796431074273,0,none
Line-A,2026-01-01 05:45:00,75.86339645665983,37.94910431999838,1.846531597332336,17.561016855969527,106.716552041776,52.99517688419726,0,none
Line-A,2026-01-01 05:50:00,76.55536617347357,36.19707206631864,2.508261001528425,17.619418947292413,100.46836652254451,48.388979438865874,0,none
Line-A,2026-01-01 05:55:00,76.34458630140232,42.33034344665541,2.5071261342210414,16.091479804513277,99.13172679776808,52.68674957359535,0,none
Line-A,2026-01-01 06:00:00,76.48986642400038,36.79281967194618,1.5019338542866498,16.05359148752656,102.176763267534,52.29247895187214,0,none
Line-A,2026-01-01 06:05:00,73.58758083116236,38.23749355193197,2.348435379087547,15.608744753720748,96.3447105298262,52.76847168134258,0,none
Line-A,2026-01-01 06:10:00,76.04084925862455,43.02707399757013,2.0057952319680057,16.26981782390644,106.01984239226816,48.84776584825396,0,none
Line-A,2026-01-01 06:15:00,73.02437819300286,40.31720444758757,2.134485715722372,17.20539437339129,103.5869995905624,49.649572749695785,0,none
Line-A,2026-01-01 06:20:00,75.67431651622708,37.74999362155594,1.977331398922296,17.74796214107036,98.87454525824025,64.93441059396432,0,none
Line-A,2026-01-01 06:25:00,76.77518906649932,38.89601544485419,2.0733823899137014,16.91906741736958,104.26043084952674,58.151217911867874,0,none
Line-A,2026-01-01 06:30:00,75.01135870993535,42.649669031004265,1.8059942612797744,16.3268196735302,100.21617515264428,53.35511778548336,0,none
Line-A,2026-01-01 06:35:00,76.30173864414553,43.24538869213434,1.257587597591018,15.796566803108172,103.90114718521278,47.40050066732461,0,none
Line-A,2026-01-01 06:40:00,76.06956275563311,40.39784076123871,1.97663110569552,18.432168199065924,104.65526023208145,48.21112035606416,0,none
Line-A,2026-01-01 06:45:00,76.86024292286699,40.437670808841446,1.7735065417578757,14.676261475724324,109.75254571275984,52.746313969129694,0,none
Line-A,2026-01-01 06:50:00,74.53642767872725,41.75671051434333,2.249426988575772,17.579560503410526,103.01200028997664,50.64330436309821,0,none
Line-A,2026-01-01 06:55:00,77.5884807773186,41.837751699425446,2.0346132316349017,16.00871865009414,109.19393563345638,48.47180987076905,0,none
Line-A,2026-01-01 07:00:00,73.41459477758059,42.522815673701565,2.13048141305992,17.990178385258762,103.97116040190885,51.46403820963187,0,none
Line-A,2026-01-01 07:05:00,76.0459386910437,40.3630240817222,2.4866785752740728,15.559670856619787,107.41099559063036,53.52430876245816,0,none
Line-A,2026-01-01 07:10:00,74.01039312846487,38.84625810989485,2.639054988467141,16.486106184987996,102.0953414649638,49.419776088044046,0,none
Line-A,2026-01-01 07:15:00,72.1585051457441,43.56317192065369,1.9504555044816207,16.328307713706803,101.275453834745,54.60906603635832,0,none
Line-A,2026-01-01 07:20:00,76.44068814259802,41.17502735886861,1.312808210883862,17.18783648267279,101.43738707982516,51.66035521998624,0,none
Line-A,2026-01-01 07:25:00,73.8690607533902,40.17150995356391,1.9661080843171883,17.341773014279358,107.12167132561204,55.261804209932194,0,none
Line-A,2026-01-01 07:30:00,74.19471680540077,39.579301708065735,2.1106448072800745,17.151387883809395,107.667561919248,50.103152265853176,0,none
Line-A,2026-01-01 07:35:00,73.44333382578355,44.99514971339159,2.66538951780228,16.33310824861302,105.8256830608622,51.5511586816742,0,none
Line-A,2026-01-01 07:40:00,74.72420945171247,41.87226671819168,1.495132980969581,16.511937661528957,102.01373056778382,52.79831114300681,0,none
Line-A,2026-01-01 07:45:00,72.4130160767073,38.98167623662861,2.267683182115013,16.679834613927763,98.99385794503002,53.89451237765955,0,none
Line-A,2026-01-01 07:50:00,72.99817289101249,39.583624205303046,1.6476488481369345,16.6300532980965,105.7791560882348,52.853994732152536,0,none
Line-A,2026-01-01 07:55:00,73.08474382065246,42.32184415912917,0.8418248444691665,16.570570465062236,98.27487799642655,47.69634074447896,0,none
Line-A,2026-01-01 08:00:00,73.9534880345959,41.97843915054816,1.8246598388022344,16.921886184147542,104.17829389484058,51.15351892092646,0,none
Line-A,2026-01-01 08:05:00,72.00197712030092,40.64327415226002,1.9143059808577825,16.466698397028622,108.41296800388696,49.5637166159761,0,none
Line-A,2026-01-01 08:10:00,75.23390621895959,40.39773345728784,2.0399853811445645,16.239743659131413,107.7979109933349,48.50229230673863,0,none
Line-A,2026-01-01 08:15:00,73.88224094330081,36.31450176815978,2.372600894729173,14.99341662884594,109.4556001893691,45.33974974933579,0,none
Line-A,2026-01-01 08:20:00,73.98041539759534,42.22166989899781,1.364060327238699,16.621750125772852,106.21568702326236,48.18867573481556,0,none
Line-A,2026-01-01 08:25:00,73.83794932329899,39.619242498571744,2.082083099020498,17.311186801882865,107.20256461501565,59.4239150330347,0,none
Line-A,2026-01-01 08:30:00,72.9718899052829,43.84129719887138,2.1533402475003816,15.094743242969956,100.21906205430588,42.23453704699152,0,none
Line-A,2026-01-01 08:35:00,73.3386315009996,43.25813609436157,1.813314104116911,16.01457359015865,108.32085106745384,44.015318705023255,0,none
Line-A,2026-01-01 08:40:00,74.23622212675197,42.50922296605014,2.120096241943567,16.92290093255955,99.26443940274936,50.32754707808887,0,none
Line-A,2026-01-01 08:45:00,74.23070384027064,40.65107341433785,2.1148779000797564,15.81967961656677,108.62936647131454,50.22936680628081,0,none
Line-A,2026-01-01 08:50:00,75.33433951861969,44.382334507754734,2.120201917039893,16.027846848333404,107.469790632937,52.84870465332038,0,none
Line-A,2026-01-01 08:55:00,74.13872596388109,43.22893697400745,1.7963075732774896,16.260922484413598,98.42918516627807,52.46417311236648,0,none
Line-A,2026-01-01 09:00:00,73.97182619636412,44.157826255399854,1.8463117206510375,16.162966491953775,109.72107837897146,52.36309387050114,0,none
Line-A,2026-01-01 09:05:00,74.40604082454787,40.0926914775576,1.5454782978228057,15.784280766640158,98.2164374956705,48.95901257019864,0,none
Line-A,2026-01-01 09:10:00,72.03225400698625,41.82827434404994,2.060860734730442,16.874133265068203,101.2102180355566,55.99821640622726,0,none
Line-A,2026-01-01 09:15:00,75.13442757999132,39.96067421023511,2.163922486364025,17.059073286748518,103.02769197675464,45.37777509465745,0,none
Line-A,2026-01-01 09:20:00,71.87555186480193,39.80582028654019,2.032708015008619,14.815093854959152,106.83133400157465,53.05272807870098,0,none
Line-A,2026-01-01 09:25:00,74.02382447607589,42.33096092018717,1.495817648978701,15.978306580937904,106.56199180445712,52.88562799311952,0,none
Line-A,2026-01-01 09:30:00,73.3398144018867,42.2921527559459,1.8900712214104936,16.279625421062512,101.9743705990664,52.31265313871699,0,none
Line-A,2026-01-01 09:35:00,73.72232063273434,43.46674772433625,2.012410321863689,15.564263703290024,107.0486444538468,49.80661071154449,0,none
Line-A,2026-01-01 09:40:00,72.81171292772753,43.207138871380415,1.7816723117761668,16.886328695275914,100.48411584732308,49.79525754089438,0,none
Line-A,2026-01-01 09:45:00,72.32851457073225,43.31800247552891,1.585947315402949,15.831296295924794,101.14288866845584,53.87167557059103,0,none
Line-A,2026-01-01 09:50:00,72.11577708226,40.17174503782935,1.7090075511276048,17.281919204728922,108.34252501255617,48.995562377773375,0,none
Line-A,2026-01-01 09:55:00,74.76278558992337,43.82121545495751,2.008671494588525,16.696956368981052,101.76658276726704,52.67554797365136,0,none
Line-A,2026-01-01 10:00:00,72.98114647316314,40.08687805345339,1.6013941479221971,15.752334860816836,97.82451271580024,45.93757536724783,0,none
Line-A,2026-01-01 10:05:00,71.62021257745398,41.639164678142976,1.9707900882044391,16.881188006338306,106.82764482734208,48.92036778521397,0,none
Line-A,2026-01-01 10:10:00,72.97295285030144,41.91813243891956,1.5290434307849816,15.481486787061598,104.58322049929758,54.810163746807824,0,none
Line-A,2026-01-01 10:15:00,72.03839302380251,39.83980004474945,1.1016840530276986,16.990805080332265,104.85122094498796,48.951732839243824,0,none
Line-A,2026-01-01 10:20:00,70.54264677590969,40.92888631222186,1.7681524844391578,15.416930884335091,97.58257150986084,55.74985900706186,0,none
Line-A,2026-01-01 10:25:00,72.9017451185058,43.07310317261771,2.3260582816854987,15.369028915559678,101.89462519563207,50.42036089652735,0,none
Line-A,2026-01-01 10:30:00,73.75093522858089,42.95733907469802,1.481032780870685,15.676657387903976,106.40770182657808,52.41773111079304,0,none
Line-A,2026-01-01 10:35:00,72.24981633997197,39.33965301051508,2.163878860282914,15.46471333065555,106.85359017354727,48.45688370308288,0,none
Line-A,2026-01-01 10:40:00,74.29277842285751,41.71630101791876,1.9495653263722736,17.982412469804704,100.25443827606308,50.60869086675694,0,none
Line-A,2026-01-01 10:45:00,68.47327728860098,39.903301697784975,2.126319943512331,17.055304888194506,104.83887216592392,47.09580409846739,0,none
Line-A,2026-01-01 10:50:00,71.80405378053804,36.13460581222517,1.4828092823948602,15.859426802258918,106.5078432407324,49.28268204351586,0,none
Line-A,2026-01-01 10:55:00,71.60581652029146,39.41722655646561,2.4246103856394043,16.929550495440438,106.6342438079358,49.076316037714605,0,none
Line-A,2026-01-01 11:00:00,67.64381889415145,42.08947912481954,1.69852064158193,15.329289484580276,102.29661410060764,52.138236396524455,0,none
Line-A,2026-01-01 11:05:00,69.54105822074656,38.696620370557646,2.281532368484056,16.685184502822956,108.06670693760472,47.07580188401468,0,none
Line-A,2026-01-01 11:10:00,70.37174711464198,41.91056527371028,2.0299110438720147,16.32364843136658,98.45795757579292,45.72904126147762,0,none
Line-A,2026-01-01 11:15:00,69.45602614670149,37.20408890075302,2.3768284403753044,17.976074917500227,105.40731403452716,49.769807680215,0,none
Line-A,2026-01-01 11:20:00,70.96801027332825,41.56900585753917,2.540308014860704,17.3071272065678,101.20682882038751,46.115742534345685,0,none
Line-A,2026-01-01 11:25:00,69.1171466526517,40.3136873632116,2.220364506937809,16.29575494570628,104.32888330559598,46.833803529163205,0,none
Line-A,2026-01-01 11:30:00,69.78249441717207,41.40869689977335,1.5113067421890467,16.47696521908837,99.33045279569971,52.10308964843431,0,none
Line-A,2026-01-01 11:35:00,73.18820675156458,42.21175133165967,1.297354618509952,17.892325690059426,103.4946587968985,51.84194734299232,0,none
Line-A,2026-01-01 11:40:00,68.41314337997368,41.05445226891051,2.1850363693808066,17.062653136463545,105.70025671923224,47.84370759537324,0,none
Line-A,2026-01-01 11:45:00,69.969974108711,38.0801211033759,1.7986270392584578,16.204764453226982,100.23479155390233,54.48814123097456,0,none
Line-A,2026-01-01 11:50:00,70.08285144680563,39.65088800374392,1.6489318834893747,17.190800254409183,108.286320174596,50.760883429625856,0,none
Line-A,2026-01-01 11:55:00,69.69054105603816,40.920839625405065,1.8885495856016663,17.064264143276404,98.03332937898988,46.75977679587186,0,none
Line-A,2026-01-01 12:00:00,71.45865007688954,42.79870343117631,1.6560757281426364,16.547045043719216,102.45781377430878,49.072462997216455,0,none
Line-A,2026-01-01 12:05:00,70.99464685455604,39.06888569447006,2.037219362328215,17.062800088193445,98.47750737098912,44.21878064075663,0,none
Line-A,2026-01-01 12:10:00,68.58997336311454,42.04563916504931,1.7643503147117336,16.0020662074441,105.41383719771343,45.689771836804255,0,none
Line-A,2026-01-01 12:15:00,70.87355272665275,38.86552818260157,1.501224559929199,15.90144982138673,106.66507902894055,47.28600503369678,0,none
Line-A,2026-01-01 12:20:00,67.7203603785327,40.88899033640215,1.541168730127799,15.048312404947405,108.77547029816849,49.83918061730582,0,none
Line-A,2026-01-01 12:25:00,69.41212592629329,40.3524161668639,1.9020802054219104,17.501353863725992,106.54315034629616,51.00427165299286,0,none
Line-A,2026-01-01 12:30:00,68.09597212487301,39.09083959899426,1.8515867580098904,16.19064605669008,111.94266450983564,51.63285099392323,0,none
Line-A,2026-01-01 12:35:00,71.48685316418073,39.98167049937068,1.954704867696873,17.80430763059032,100.6157188263441,47.08190436387488,0,none
Line-A,2026-01-01 12:40:00,70.31366331209367,41.72459294508591,2.1600838885144458,16.370785807291796,104.59299255839218,47.074690496100736,0,none
Line-A,2026-01-01 12:45:00,68.48946512156218,39.77288297167999,1.884012798875571,15.717615264740347,107.49265897439724,45.48327744613199,0,none
Line-A,2026-01-01 12:50:00,67.27768583475245,37.866882776830046,2.334570483200463,17.57959746988579,102.65401468890916,42.86326945839608,0,none
Line-A,2026-01-01 12:55:00,67.1684505852741,41.6499540682108,1.9685525781641195,17.109241306433486,99.2079430704582,44.03332747365992,0,none
Line-A,2026-01-01 13:00:00,65.43841036312104,45.68277617379268,1.6798934669056589,17.102869807916747,108.03248718123496,49.73002329391039,0,none
Line-A,2026-01-01 13:05:00,66.35565257652839,39.92592984285743,2.28641109417891,16.549338541283603,111.30186751095412,46.53369159463154,0,none
Line-A,2026-01-01 13:10:00,67.53847347362927,42.28432475985348,1.675716979397489,16.34750438662336,102.09884251472202,42.75816915625744,0,none
Line-A,2026-01-01 13:15:00,67.95029782383497,41.71401109996592,2.2982826926354374,16.734485934375158,98.01563702327016,50.45692109119233,0,none
Line-A,2026-01-01 13:20:00,68.85788497470008,43.29619606357383,1.521661282752726,16.2430394498873,111.0416920776639,52.640405520120346,0,none
Line-A,2026-01-01 13:25:00,67.70454860203779,41.65936616269088,1.7586470969039667,16.563298727303064,103.49567928505724,50.76820980378323,0,none
Line-A,2026-01-01 13:30:00,65.95847385595161,38.762404977981895,1.9225798829393868,16.728621103487928,105.62808664493232,46.22257898547183,0,none
Line-A,2026-01-01 13:35:00,67.45343441119567,38.26710103705349,1.3570459926811846,17.084363027485704,105.34797956606825,46.23936051540288,0,none
Line-A,2026-01-01 13:40:00,69.09523961132759,45.52371503853793,1.7625624284117674,16.797602917090984,96.1677974414667,46.76356393263981,0,none
Line-A,2026-01-01 13:45:00,66.86339217211626,39.25908577382513,1.309936060309607,18.536866802503813,111.15014005603489,46.90129083252168,0,none
Line-A,2026-01-01 13:50:00,68.78775235838914,37.25251063707695,1.7243094049786851,16.75496853673606,108.9188116445542,45.87464450260895,0,none
Line-A,2026-01-01 13:55:00,65.63772194570912,41.25242721647663,1.979233189674332,16.27004230710763,100.49917096801964,41.62823655034948,0,none
Line-A,2026-01-01 14:00:00,68.3330436043605,41.65979337137108,1.6126300060264838,17.44848746554505,102.221410931805,41.9677650506387,0,none
Line-A,2026-01-01 14:05:00,66.8096507783479,40.28655262022774,2.1942641941722534,16.61110705463912,107.1218891766714,45.630381616391126,0,none
Line-A,2026-01-01 14:10:00,68.17218999166099,40.61399019819795,2.0721281834800958,15.76819534959559,108.50575988185388,47.79078192646389,0,none
Line-A,2026-01-01 14:15:00,66.83589338798194,40.779440949672974,1.561533875440582,18.42618065808575,105.26944250758426,46.64275841059354,0,none
Line-A,2026-01-01 14:20:00,69.4752651582854,40.60918702904874,2.3811965303085136,16.388538660380693,106.6258583488146,43.54023788150494,0,none
Line-A,2026-01-01 14:25:00,66.55077528486208,43.65734309740196,2.0867458542017885,16.955276572240166,103.02931768499396,46.68317909888896,0,none
Line-A,2026-01-01 14:30:00,65.41226765735213,36.85103043301862,2.021069841955448,17.30683910093636,101.78994659597912,43.909949965558745,0,none
Line-A,2026-01-01 14:35:00,67.50565431685729,39.52281723430568,1.221040704807939,16.88875879856874,96.50201836278606,43.243147087294695,0,none
Line-A,2026-01-01 14:40:00,68.23972979025451,39.80462050294975,1.8398447081955127,16.513061138150615,109.1464407528191,45.57315012066841,0,none
Line-A,2026-01-01 14:45:00,67.91508860400184,43.72348897635448,-0.5268230639620208,18.193253192920903,105.98040188251058,41.37801216785452,1,spike
Line-A,2026-01-01 14:50:00,65.48322500868814,42.69494031167283,2.186902271269548,17.443426731560752,107.27709320853376,47.09418309214358,0,none
Line-A,2026-01-01 14:55:00,66.44861307067413,41.78103541218034,1.7498698851558194,17.231591004386992,101.92910286943238,41.40983023033486,0,none
Line-A,2026-01-01 15:00:00,64.77506565813428,41.98108020169187,2.494726666638191,17.856048792702193,106.66539853658372,43.57074839572216,0,none
Line-A,2026-01-01 15:05:00,65.58665086012314,41.37850100074379,2.213825478097679,17.008804824308097,106.82423224377902,43.42532826077568,0,none
Line-A,2026-01-01 15:10:00,65.49533799893548,40.13208466944301,2.50413866303252,18.533003924910872,108.1796406096512,50.95978640937467,0,none
Line-A,2026-01-01 15:15:00,66.07437024924401,41.076438799600886,1.6233886771762285,17.82905592253273,106.26992448450682,44.24498786044177,0,none
Line-A,2026-01-01 15:20:00,63.8582829150326,42.01686757610411,1.676388366224863,16.801979946020285,103.88593887829587,42.68002790594233,0,none
Line-A,2026-01-01 15:25:00,68.35016932807758,40.1777011954041,1.8677924943166364,16.937955100626528,100.71034564909672,44.16803402869094,0,none
Line-A,2026-01-01 15:30:00,64.56407111372997,38.498984547969386,2.201417034870119,18.24122319788358,102.21557717011098,41.51789158804935,0,none
Line-A,2026-01-01 15:35:00,64.68386433384698,37.4479503075214,2.079436274128029,16.596345353744848,105.21903784935176,44.53693681879284,0,none
Line-A,2026-01-01 15:40:00,68.41284176426637,39.82381420559157,2.4755667996269235,16.735634255921536,101.79110970758065,42.58448675179128,0,none
Line-A,2026-01-01 15:45:00,65.31330773167126,42.50853329781915,2.3749903909461696,17.523931054736103,100.98028267991172,47.047101133111575,0,none
Line-A,2026-01-01 15:50:00,64.83844152443318,42.91420738262031,2.2839722960645736,18.198651936182777,110.10438309007483,41.34544710309241,0,none
Line-A,2026-01-01 15:55:00,65.37183835476037,41.187192451095584,2.004542463619116,17.822161937495647,99.35762499020356,50.93343752076629,0,none
Line-A,2026-01-01 16:00:00,63.68208415953419,40.39506471267675,2.048342444854925,16.47227875072845,102.69735670297383,45.61454510458161,0,none
Line-A,2026-01-01 16:05:00,64.54240428655886,43.9626847938812,2.341271171446677,16.240219401481767,99.74426306989253,44.36744017371216,0,none
Line-A,2026-01-01 16:10:00,64.67556643292544,40.937986113202726,1.4239120017153857,16.71621110630054,103.86051153061472,46.54597923149088,0,none
Line-A,2026-01-01 16:15:00,65.29409354230188,41.90326652323228,1.969271252096197,15.138956655430349,105.81954355910044,49.49502792105814,0,none
Line-A,2026-01-01 16:20:00,64.80024292110413,39.926681550602346,1.930623595169036,17.05915716012546,107.1165876479962,47.19906849576074,0,none
Line-A,2026-01-01 16:25:00,66.64600009186326,39.5008967943427,1.44786223027226,16.627607129698898,102.95762057971892,39.01307981600245,0,none
Line-A,2026-01-01 16:30:00,62.77966159858793,39.42628775245924,1.7383448158649402,16.610565554404722,102.49542535637563,45.87559789449263,0,none
Line-A,2026-01-01 16:35:00,67.83616397842621,44.83944203634224,2.0971404612922786,16.36326811990119,108.06484672248004,46.94478562165912,0,none
Line-A,2026-01-01 16:40:00,64.58144752141494,40.92042561615123,1.706841615298091,16.53186861370407,100.44576243432957,46.76212728274346,0,none
Line-A,2026-01-01 16:45:00,63.694955412964354,41.16518306613162,1.710566013935249,17.910597873141942,103.75828191702392,46.91925909354136,0,none
Line-A,2026-01-01 16:50:00,66.13985747391294,41.1867458060931,1.9131362899845168,16.671248684979293,95.64066298137108,49.7349699201929,0,none
Line-A,2026-01-01 16:55:00,63.9571883144334,42.12013204349666,1.9406912474516549,16.168732917948585,105.3430596822591,40.18943528707983,0,none
Line-A,2026-01-01 17:00:00,64.57425530371918,43.31071149611814,2.155234400026142,17.041484594225775,104.1815069736737,44.71731582120842,0,none
Line-A,2026-01-01 17:05:00,64.06803115124175,38.44642807074251,2.365193792112817,16.942739652195048,103.78022927886155,42.9432977890456,0,none
Line-A,2026-01-01 17:10:00,63.66967108242865,42.07558224256816,1.8561484191295805,17.351117713461147,100.18292954463196,45.83519581631907,0,none
Line-A,2026-01-01 17:15:00,65.26757074199334,44.08483178002435,2.3938404679514957,16.471902912755535,111.81986957320808,39.149152747897205,0,none
Line-A,2026-01-01 17:20:00,65.76542492818876,41.2861695515469,1.8618114402194204,15.817996722751332,105.97723509419755,48.87995075403657,0,none
Line-A,2026-01-01 17:25:00,62.48748067417463,43.33502511560251,2.10920404828202,17.17661022747369,108.30671976616968,44.73710130200245,0,none
Line-A,2026-01-01 17:30:00,64.21638068897472,40.26367276939437,2.035114688110446,15.76260564339227,107.5443329631244,45.558318584678695,0,none
Line-A,2026-01-01 17:35:00,64.8113958771236,39.99043064591082,1.895951982391464,17.08429749405466,102.43794357161651,44.676648705526645,0,none
Line-A,2026-01-01 17:40:00,66.34536245775836,38.486703442180726,2.233843323286855,17.401129890098733,106.14360425325744,45.59841711678668,0,none
Line-A,2026-01-01 17:45:00,61.88065433056671,40.46901131410058,2.147304638205528,16.790102425687298,110.0809260742444,45.27740384803612,0,none
Line-A,2026-01-01 17:50:00,64.32039440403133,42.19123270270016,2.032964723096104,16.74575237296168,98.17173681416308,42.5986898889846,0,none
Line-A,2026-01-01 17:55:00,64.52192881184882,37.526405134632434,2.005769732517393,16.793645537410487,99.90001197138297,46.865205944353086,0,none
Line-A,2026-01-01 18:00:00,65.42029557586477,40.54138863293987,1.965227561806039,17.40547020969328,104.59936503060362,46.96613458172093,0,none
Line-A,2026-01-01 18:05:00,64.6961060306922,37.91863557949867,2.1030224787632736,15.899419478895052,101.51560155639336,46.96613458172093,1,flatline
Line-A,2026-01-01 18:10:00,64.75337955603689,40.751683795442005,1.793017310470964,17.20076351712521,113.79285994292016,46.96613458172093,1,flatline
Line-A,2026-01-01 18:15:00,63.46257014051861,38.93653203393975,2.238734900978207,17.517890819375374,104.00072993798808,46.96613458172093,1,flatline
Line-A,2026-01-01 18:20:00,62.09557635499856,36.702123041325336,2.3300381767872933,17.85589672504723,105.90661407178132,46.96613458172093,1,flatline
Line-A,2026-01-01 18:25:00,67.29775066970214,43.01209340834818,1.9521245603276665,16.972056480314926,99.16529302727356,46.96613458172093,1,flatline
Line-A,2026-01-01 18:30:00,63.95678095007495,40.08858460901394,2.31804464688127,18.06231214077742,102.41327106342275,46.96613458172093,1,flatline
Line-A,2026-01-01 18:35:00,63.95005815322079,37.78189823506838,2.5000086482716117,17.248535097598715,99.54550152679673,46.96613458172093,1,flatline
Line-A,2026-01-01 18:40:00,63.650508439993175,40.63572079581665,1.989582441569202,17.691107365837613,109.28769559833997,46.96613458172093,1,flatline
Line-A,2026-01-01 18:45:00,65.2258273326818,41.57133630505495,2.1593650616989324,16.627388970585518,100.57167110835492,46.96613458172093,1,flatline
Line-A,2026-01-01 18:50:00,63.8875815161676,39.11407733940335,2.5198941681796097,17.284770347704637,105.21849211200517,46.96613458172093,1,flatline
Line-A,2026-01-01 18:55:00,61.81088547923641,41.35928848625334,2.3901347495618226,18.11774525197133,99.19292847321832,46.96613458172093,1,flatline
Line-A,2026-01-01 19:00:00,65.58253377043305,36.73749408823672,2.2509203574890377,17.29447158913798,105.03496877035344,46.96613458172093,1,flatline
Line-A,2026-01-01 19:05:00,62.861565715616806,43.00944948333388,2.435595403834553,17.077054763719932,106.17223141439136,46.96613458172093,1,flatline
Line-A,2026-01-01 19:10:00,63.55071749506914,42.01088937061108,3.076686247456617,16.670099406281512,104.38686579460796,46.96613458172093,1,flatline
Line-A,2026-01-01 19:15:00,65.0021386083421,41.21565216179951,2.2101536602069083,15.340583958224244,107.56907162003348,46.96613458172093,1,flatline
Line-A,2026-01-01 19:20:00,64.60756454689223,38.21305278961896,1.6749606983674004,17.03815448142785,102.25737756673234,46.96613458172093,1,flatline
Line-A,2026-01-01 19:25:00,62.9827245546092,42.77360658326805,2.188164330965307,16.864999933824635,110.84784367646776,46.96613458172093,1,flatline
Line-A,2026-01-01 19:30:00,62.39879831163748,41.27461027991036,2.462281094768205,17.116817085396743,100.76371956968546,46.96613458172093,1,flatline
Line-A,2026-01-01 19:35:00,63.608716533719466,41.221048508376015,1.9838158730899065,16.455698252899314,95.6579771594538,46.96613458172093,1,flatline
Line-A,2026-01-01 19:40:00,66.02669962142699,38.39300357791699,2.373447451129067,15.55367543341344,100.4617810707601,46.96613458172093,1,flatline
Line-A,2026-01-01 19:45:00,62.35368365218006,40.60446469831776,1.8857336226087935,15.872253769567685,106.32723958107564,46.96613458172093,1,flatline
Line-A,2026-01-01 19:50:00,65.08328003871414,39.86782202960303,1.4861665278715708,17.537989499377613,103.88738301211362,46.96613458172093,1,flatline
Line-A,2026-01-01 19:55:00,64.99572840923584,43.86998902028707,2.2327710134616487,17.30859324422699,107.40261122703964,42.380425591075934,0,none
Line-A,2026-01-01 20:00:00,64.53729835874591,42.11959042489846,2.0412472756119064,17.157980791572157,107.68882706882034,37.76108359857835,0,none
Line-A,2026-01-01 20:05:00,60.53421600501352,45.77074039293417,1.4553814898297772,16.25252330294827,99.12498961827556,45.1658702368047,0,none
Line-A,2026-01-01 20:10:00,65.86787818706242,41.54600422154969,1.498065972100204,16.169567640287905,102.78018338771068,45.95499716428105,0,none
Line-A,2026-01-01 20:15:00,65.49538604112557,38.33790431833357,2.285309045669747,16.50401629475506,102.98040568651774,41.69166086520386,0,none
Line-A,2026-01-01 20:20:00,62.58647601322357,39.98722665855008,1.971724069227977,16.123068544561015,101.8536421851013,45.39229975845861,0,none
Line-A,2026-01-01 20:25:00,65.74473689994748,36.355122442389,1.7905534416916202,17.609406697174933,104.90614064120972,47.59990291681548,0,none
Line-A,2026-01-01 20:30:00,65.14014369990727,42.33334285913281,1.69975577767126,15.891713753472446,101.67208857710835,46.66328221599683,0,none
Line-A,2026-01-01 20:35:00,65.13479276183452,42.93741644026885,2.2105814408763846,17.49878107870169,103.80124039097844,45.37041366070957,0,none
Line-A,2026-01-01 20:40:00,66.74946206862546,40.62466663996043,1.877358809294421,16.126021652669863,98.46065334652656,44.19878255906877,0,none
Line-A,2026-01-01 20:45:00,65.24394751021477,39.72448356352143,1.894548527058188,17.579614212087733,99.96820193310042,44.05098146228486,0,none
Line-A,2026-01-01 20:50:00,64.66651442126151,37.62849305349698,1.612109022012191,17.925469094700098,105.26304510245696,39.538564754922426,0,none
Line-A,2026-01-01 20:55:00,67.67220161091147,39.18233502238724,2.0714747093707264,16.960275846437106,101.00847147122656,47.01860168567255,0,none
Line-A,2026-01-01 21:00:00,68.22399161149856,40.9428098801755,2.637299301352124,17.818727890814817,97.48826354339629,41.68796729617708,0,none
Line-A,2026-01-01 21:05:00,65.97656327522762,39.54766954750762,2.247946573011858,17.76749076858389,99.89704311693454,45.859080553154186,0,none
Line-A,2026-01-01 21:10:00,68.58039257452398,43.03067532885407,2.393748865073793,18.881886278317864,103.47027729914954,45.14475966145182,0,none
Line-A,2026-01-01 21:15:00,66.80000593568309,41.70239310763332,2.149663899955037,15.52796546218852,103.81227873062976,47.34749130404995,0,none
Line-A,2026-01-01 21:20:00,65.15080543366734,38.354490916537785,2.4224541025264203,17.68247608731539,103.11559877372146,48.19729954446789,0,none
Line-A,2026-01-01 21:25:00,69.5630873613729,39.51809648323452,2.1984433892758046,17.01482444751456,102.74625184904194,45.62860847335076,0,none
Line-A,2026-01-01 21:30:00,68.20105359663796,38.93435177546525,2.4018947101900165,16.993818331711864,101.55926060715868,47.07653320908257,0,none
Line-A,2026-01-01 21:35:00,65.19089132136108,42.03355794503304,2.4510694035124576,16.884360308009736,105.93948965376254,49.007445332450445,0,none
Line-A,2026-01-01 21:40:00,65.57026794311047,41.07272805867648,1.9999785969052797,16.412471809956187,102.98809866481596,46.57851129562409,0,none
Line-A,2026-01-01 21:45:00,66.76821304706557,42.59628231550464,2.570968252407108,17.248664627039528,103.00971662267553,50.721287269825496,0,none
Line-A,2026-01-01 21:50:00,65.64142035060594,42.06499617059039,1.393890442379742,16.05927890349281,104.86677761336315,44.01876340842092,0,none
Line-A,2026-01-01 21:55:00,65.76824371763801,42.2187692649488,1.7048050445645528,15.701175146447127,112.49422371793248,44.12326369442932,0,none
Line-A,2026-01-01 22:00:00,66.22885081406706,39.40174789967516,2.021574954046302,17.487052886430916,100.32543426463884,47.53838639888114,0,none
Line-A,2026-01-01 22:05:00,66.08513961432278,43.32715871642091,2.3957504399565,16.701766760174614,98.18710252236592,44.665362918446334,0,none
Line-A,2026-01-01 22:10:00,66.2027314464566,39.66409035548944,1.6135874183905654,17.042944331402673,101.49326527959066,41.23457188457903,0,none
Line-A,2026-01-01 22:15:00,67.23574420403479,39.82043214805641,2.370737766621476,17.96104325503647,103.8473716310955,50.720178317545205,0,none
Line-A,2026-01-01 22:20:00,68.24300635094875,35.81343960792854,1.9533012433733783,15.3016035978,98.87124553589786,50.12826698086057,0,none
Line-A,2026-01-01 22:25:00,66.64087611911958,42.89280573409523,2.027210572196765,17.481872734944385,109.5582601155874,45.13419028996317,0,none
Line-A,2026-01-01 22:30:00,69.09944259078557,44.60285906355912,2.295166049213618,17.02311051880068,102.2395444928978,44.91575136128468,0,none
Line-A,2026-01-01 22:35:00,67.79577892431001,38.099435319670015,1.7522409365584428,16.864364431547976,98.44572460443904,46.3256077948275,0,none
Line-A,2026-01-01 22:40:00,68.21923888260417,43.29562573757974,1.3928634127742183,16.565343351364284,102.76818155571372,44.42943470854773,0,none
Line-A,2026-01-01 22:45:00,67.90624418433521,41.54139906395327,1.8569544626492849,17.042617991979345,98.58628202229022,48.24951374358018,0,none
Line-A,2026-01-01 22:50:00,66.06441973043003,39.98195985613188,2.009606792569953,17.106064094148895,105.75123908942936,49.35240889249855,0,none
Line-A,2026-01-01 22:55:00,69.25412968376095,39.011426133715496,1.8681297266145085,17.495118063267732,105.7112435766035,52.09994302471986,0,none
Line-A,2026-01-01 23:00:00,69.08322023121333,36.28077148557481,2.2945164095683794,17.726132609897352,99.17523547150286,52.52478216485531,0,none
Line-A,2026-01-01 23:05:00,68.22510696253248,42.22145312328673,1.5149320056859104,17.42404239371278,105.24119919347376,50.3635808029435,0,none
Line-A,2026-01-01 23:10:00,67.34132282522096,38.55214885882379,2.0949422448383275,18.04462036061573,103.15873702269876,45.94730216598845,0,none
Line-A,2026-01-01 23:15:00,68.6657946445112,39.08332973648274,2.0900894783758504,17.247458185488085,106.07027452249994,45.769796171106414,0,none
Line-A,2026-01-01 23:20:00,71.63011789181081,38.62949583599187,2.2758655500178144,16.508498247633714,105.84548935347802,43.739594525710295,0,none
Line-A,2026-01-01 23:25:00,66.58969419091076,36.57094078437483,2.1482682354429685,15.883458019446037,102.46428432987813,47.78571813134992,0,none
Line-A,2026-01-01 23:30:00,69.54114025895912,40.33941909352711,2.0150629594265936,16.020254648540522,98.93710331851578,47.9543265822367,0,none
Line-A,2026-01-01 23:35:00,68.25843584097288,42.66932622311087,2.277118601900028,18.668014794735136,102.5547850911274,43.91500978004655,0,none
Line-A,2026-01-01 23:40:00,70.79973201157266,44.02155804409586,2.197313386798999,16.324091593317707,102.30504853937526,44.85150314013688,0,none
Line-A,2026-01-01 23:45:00,71.05979240851609,39.53985621646926,2.3974852403622773,16.611383999116928,100.80831102526032,45.283173908638055,0,none
Line-A,2026-01-01 23:50:00,69.39376004171633,42.07309185454746,2.1196085815072574,18.259187492577944,103.25979899787224,43.55634145274229,0,none
Line-A,2026-01-01 23:55:00,70.03150089491547,37.5170729944301,2.4296215426212564,18.582944599009792,102.67529334383524,49.91982211770952,0,none
Line-A,2026-01-02 00:00:00,69.43348601240353,40.551153046321616,2.76842186743656,16.27575356930258,104.51047427492168,46.1359275992554,0,none
Line-A,2026-01-02 00:05:00,69.88030226791552,39.44621313071077,2.2965207800088345,15.620166393535271,103.02271508363168,46.33846586973386,0,none
Line-A,2026-01-02 00:10:00,71.6115526701271,39.23493826781188,2.0362112705563318,18.04909239774473,110.62752538306366,48.33942287672008,0,none
Line-A,2026-01-02 00:15:00,72.22338841361429,36.39304816896277,1.82081198028843,16.895164353136472,105.29320346072014,39.91500740432934,0,none
Line-A,2026-01-02 00:20:00,70.91956817205302,42.88292635182269,1.553599712357032,17.3071285835589,102.63473272489357,50.00630048769945,0,none
Line-A,2026-01-02 00:25:00,69.55148065367183,41.6283606954988,2.111385007086327,16.630774462397813,107.72688842911244,48.96794806077087,0,none
Line-A,2026-01-02 00:30:00,70.85123832631984,39.34423200665116,1.8989703964330689,16.750592338615764,106.8215713549892,47.7496552245816,0,none
Line-A,2026-01-02 00:35:00,70.96575535330605,41.56345907448086,1.683111834406042,17.769718069461803,102.46499051954714,50.26284892587135,0,none
Line-A,2026-01-02 00:40:00,71.84307854805607,38.19672349863048,1.8604051238602777,16.33904983826391,100.00877409856368,55.08896205716658,0,none
Line-A,2026-01-02 00:45:00,71.49539923129167,40.797773096095405,1.8633400337789008,16.55708012673034,96.75489461489266,48.69121494391321,0,none
Line-A,2026-01-02 00:50:00,70.38588281037745,40.1496429375399,2.326707058474641,15.803919977174134,97.24112639110972,53.10439476025172,0,none
Line-A,2026-01-02 00:55:00,71.87318263107537,38.64468391543584,1.9627249208584088,17.306385486403904,103.61820277164912,44.43351302290105,0,none
Line-A,2026-01-02 01:00:00,72.4743066975662,39.87349782401419,2.2030639192494608,17.01847782666913,110.02127779645204,44.82538085565199,0,none
Line-A,2026-01-02 01:05:00,69.20602592569968,39.3606001572126,1.5441451472295091,16.66596288811134,103.7654311305009,48.791587239995486,0,none
Line-A,2026-01-02 01:10:00,71.19413221782249,41.11737215086973,2.271883594727417,15.598214749681636,103.58547399067388,45.12076513813106,0,none
Line-A,2026-01-02 01:15:00,71.50960330064025,43.53831806406653,2.67030587376197,17.143283543960283,100.56598705067252,49.59882651335025,0,none
Line-A,2026-01-02 01:20:00,74.46089161383479,42.38975516988647,1.7154125675851306,16.718828757930844,101.78761567640386,49.55153330145426,0,none
Line-A,2026-01-02 01:25:00,72.8619467145525,39.19523649850133,1.9505147752198784,16.677201298234973,102.32719237545244,52.08690264570322,0,none
Line-A,2026-01-02 01:30:00,70.60044030222996,40.212833688934055,1.6351603603849405,16.508810478718136,109.48336607730371,50.65116502603998,0,none
Line-A,2026-01-02 01:35:00,73.31588934085029,38.717497005529424,2.052436454715579,16.092605015637215,108.06097651593832,46.402118248299615,0,none
Line-A,2026-01-02 01:40:00,71.09041855378085,40.88550537457762,2.2021899866638965,17.386207190558032,106.74732792078748,50.133697225345095,0,none
Line-A,2026-01-02 01:45:00,67.57052246294498,43.25009547401662,2.4827212847085542,17.706987024880036,105.13208210056544,50.77496172971691,0,none
Line-A,2026-01-02 01:50:00,73.23689400066594,38.860222531323984,2.0834612833247124,16.987375784656088,105.16037144181752,50.23890431093495,0,none
Line-A,2026-01-02 01:55:00,70.67025093026344,40.80340323121028,2.392969584035608,15.65632568365387,101.06732244810844,55.04144489880751,0,none
Line-A,2026-01-02 02:00:00,73.80204615294672,39.92222071667214,2.252047001393233,16.190441985746464,103.1679854377529,49.78061633193918,0,none
Line-A,2026-01-02 02:05:00,74.58184929076205,39.044179680284536,1.8826480405397896,16.723991912626943,104.68168278187974,55.26180815619002,0,none
Line-A,2026-01-02 02:10:00,71.78160543307173,42.905555123907234,2.101386880419559,16.003150914012675,96.01527350945165,47.06228714483196,0,none
Line-A,2026-01-02 02:15:00,73.65636284639262,41.25855081453842,2.080500393490216,15.876080558498227,99.53873719924752,52.26850253474592,0,none
Line-A,2026-01-02 02:20:00,73.37158983628251,39.6849583424117,2.165118681276268,18.035491109793444,108.12216895166564,50.90556255082129,0,none
Line-A,2026-01-02 02:25:00,72.40401553792277,43.46658513470359,2.125885234166754,17.211692258774736,105.09306404345656,44.42228675713472,0,none
Line-A,2026-01-02 02:30:00,73.02740770775732,42.111744755132655,2.179162130466616,15.591939504469758,107.19978059351732,50.85935824503151,0,none
Line-A,2026-01-02 02:35:00,73.62121140134683,41.41045354024264,2.3440894176862783,15.23037922016566,109.13204752147652,48.95740528566582,0,none
Line-A,2026-01-02 02:40:00,72.46226254266924,42.09115368035374,2.1439970817335845,16.435794796008114,107.20077066484636,47.975087433507824,0,none
Line-A,2026-01-02 02:45:00,74.31224283476095,46.668037025348816,2.143024958426502,15.897700112596045,100.33426035625548,53.2955282144235,0,none
Line-A,2026-01-02 02:50:00,73.64988612723243,37.47521784749518,2.742741472623956,17.69494805154092,106.81631431658826,51.76717769781051,0,none
Line-A,2026-01-02 02:55:00,74.29549332591107,38.61048112731454,2.408043490153948,17.157339757344506,105.42774773895982,50.72227266087766,0,none
Line-A,2026-01-02 03:00:00,74.77766591140981,39.07542325025256,2.4677760462612794,15.824577909148308,104.19406301259198,54.60670988211973,0,none
Line-A,2026-01-02 03:05:00,72.37500606580862,39.15810674998297,2.060091428414771,16.72648049053072,101.91987499953932,50.626403374305504,0,none
Line-A,2026-01-02 03:10:00,74.33919928556348,39.44890781102686,2.353106817061976,16.355186161327527,99.2011622139931,56.61524029390777,0,none
Line-A,2026-01-02 03:15:00,74.79538475027564,41.65687845156408,2.909499323892777,18.003290142173135,108.59896007473084,52.46609833804166,0,none
Line-A,2026-01-02 03:20:00,77.9110958331167,42.37014941401638,2.669464281129033,15.228323438516831,101.845056831707,50.0801444672609,0,none
Line-A,2026-01-02 03:25:00,74.51392302349568,37.47553068419028,1.7465953572041322,17.973814760570818,107.95788135133752,41.65587795121137,0,none
Line-A,2026-01-02 03:30:00,75.03598097408616,41.368213788684834,2.257840812180673,15.57949430073166,107.708516650601,53.87719018069168,0,none
Line-A,2026-01-02 03:35:00,73.9877889170349,41.19836650496605,2.0927840815974994,17.01417252129197,101.58389652098349,46.83536292980798,0,none
Line-A,2026-01-02 03:40:00,74.18313761741001,42.41526679382609,2.27861285767279,16.363538010708922,104.2262577969405,52.81112792749805,0,none
Line-A,2026-01-02 03:45:00,75.02335022987522,41.82367687657679,1.5905057588691016,17.909559259642347,99.23385969471416,46.62671735479741,0,none
Line-A,2026-01-02 03:50:00,75.14059652095034,41.67571832703237,2.126105138080737,16.401090874892038,99.05286692379208,51.653384366661705,0,none
Line-A,2026-01-02 03:55:00,72.08313286821536,39.85360649887742,1.6540093565301086,16.867598266183993,106.73074536928488,50.39158744599331,0,none
Line-A,2026-01-02 04:00:00,73.71655635546733,38.62567483786917,2.6195335589113133,15.71212727012576,110.46712999978276,51.421411106723575,0,none
Line-A,2026-01-02 04:05:00,74.73694568761479,43.30468245492816,2.109053610388682,17.48139830159796,104.98187572994156,53.506955709907,0,none
Line-A,2026-01-02 04:10:00,73.15813654593443,42.31569317101224,1.815487035176886,17.174620593049603,105.5030447717756,52.15698980239924,0,none
Line-A,2026-01-02 04:15:00,72.69005258122357,41.784580519708655,2.1245116183064767,17.451578022355495,96.33250279381753,48.898536061241046,0,none
Line-A,2026-01-02 04:20:00,74.53669642183802,40.41216641940528,2.2723607926513933,16.442527134804777,100.75450010472038,52.42558349266402,0,none
Line-A,2026-01-02 04:25:00,75.14691708041124,41.14985057306372,1.8245481622559832,17.662923321327952,107.57281626371388,53.86506067179532,0,none
Line-A,2026-01-02 04:30:00,74.6486105933926,43.444783532790446,2.082477353138405,17.345790760961336,103.90884548791898,50.05281002227456,0,none
Line-A,2026-01-02 04:35:00,73.5123273297785,40.06373502247938,2.4197154851037963,15.896790102575494,97.39392348963416,52.55019713732256,0,none
Line-A,2026-01-02 04:40:00,77.09785089239213,40.22288944624973,2.117022195218849,17.8301308515905,103.84235299278446,51.57966598561513,0,none
Line-A,2026-01-02 04:45:00,76.48887836749728,41.8083245631984,2.418448552708185,15.734043606433543,102.70254280298404,48.86172271195616,0,none
Line-A,2026-01-02 04:50:00,71.92314212131059,41.42967434006272,2.14685856135532,16.585801657008272,110.19360899836389,49.35843847637937,0,none
Line-A,2026-01-02 04:55:00,72.58163217213341,38.05610369579379,1.8304722376294107,16.411710666497203,107.0798314615018,55.090324610362096,0,none
Line-A,2026-01-02 05:00:00,76.14346991096264,41.15080946873445,2.4123666817704192,16.533219753001717,103.17127794658626,52.968632133337806,0,none
Line-A,2026-01-02 05:05:00,77.13772100663493,41.94322512475837,2.0504148805444555,17.915484643596216,101.44046705108066,56.67916573557592,0,none
Line-A,2026-01-02 05:10:00,75.05166142125029,40.640566477308376,1.743924202901575,16.950641510750565,108.05049330169956,50.08446259758111,0,none
Line-A,2026-01-02 05:15:00,73.02253515047919,39.325210302618274,2.1073630278578133,17.53995247684083,109.09875088789542,53.28250460962219,0,none
Line-A,2026-01-02 05:20:00,74.90991721372764,42.24436916916334,2.1295234888847205,17.042629799867996,101.53675296964036,49.41796152089008,0,none
Line-A,2026-01-02 05:25:00,77.90279659448375,40.95848721319796,1.6749670557786538,17.237733396841964,105.91129533812146,51.70036755562836,0,none
Line-A,2026-01-02 05:30:00,73.20695731978022,45.07862033489327,1.6713032057614234,17.320092312159243,102.20846925323036,47.445099097704606,0,none
Line-A,2026-01-02 05:35:00,77.13460361134037,40.392426605640935,2.138865833077176,17.78545893055482,103.87479297812244,50.84082887199403,0,none
Line-A,2026-01-02 05:40:00,72.72603507235132,40.34204794709665,2.326431681026696,16.944284004313154,105.33890260450497,52.975513597559775,0,none
Line-A,2026-01-02 05:45:00,76.4717474200421,43.81589937759997,1.8368626807709725,17.638152983780262,100.83744179351288,52.1199303958,0,none
Line-A,2026-01-02 05:50:00,75.39655786147638,38.290454861048126,2.216561375542801,16.9449270140772,100.11317339210376,51.4421881729719,0,none
Line-A,2026-01-02 05:55:00,75.41654176810913,41.38554439835903,1.465653953865366,17.011092358315263,107.51678976346788,51.6482614139095,0,none
Line-A,2026-01-02 06:00:00,75.60718851630132,44.78785621374219,1.5114450132918515,16.732811389659876,102.52456636575288,52.03050481762603,0,none
Line-A,2026-01-02 06:05:00,74.35887657194698,42.01889963471114,1.923434238734758,16.135953812210413,106.66229773382938,52.39481830663746,0,none
Line-A,2026-01-02 06:10:00,74.04814333001049,42.506138604463146,1.5304010155592154,16.38092833089972,96.60465573663946,48.52358259454602,0,none
Line-A,2026-01-02 06:15:00,74.5372138578465,38.58861054102179,2.096034758345008,17.604938717741526,102.64864745005438,46.82183010690889,0,none
Line-A,2026-01-02 06:20:00,76.17293138466381,41.86701109294513,2.2169380876368345,15.610588645485617,99.0673335635548,51.79846417556823,0,none
Line-A,2026-01-02 06:25:00,74.95659458510904,43.00115837079837,2.405165883597032,16.70776191001039,96.993907212569,55.31498291628234,0,none
Line-A,2026-01-02 06:30:00,73.55014990125174,44.08711223304824,1.807119130656814,16.84687187370811,105.1038861687492,52.687483609339246,0,none
Line-A,2026-01-02 06:35:00,77.11517888522069,40.66953057544067,2.2164616750917654,17.486075253367886,101.02504438594914,50.263884493913245,0,none
Line-A,2026-01-02 06:40:00,75.66746035394492,42.34462693652056,1.605150838435168,17.312221008508345,104.45967645644193,54.69003507261635,0,none
Line-A,2026-01-02 06:45:00,74.10598138632311,40.81955297970784,2.5905484623247026,17.59117567885844,101.0486259206176,49.5849138543419,0,none
Line-A,2026-01-02 06:50:00,73.47764164651804,43.36375983596474,2.1156728231039685,16.307336979629692,107.2892866964638,52.792848721928266,0,none
Line-A,2026-01-02 06:55:00,76.2185563721833,38.58261388462078,1.9635766824320324,16.619056221826327,104.24902584307472,52.60781984640659,0,none
Line-A,2026-01-02 07:00:00,74.97552104702321,38.20618592781635,2.2651775032043773,16.398570937604966,95.7663874181026,49.49649746446072,0,none
Line-A,2026-01-02 07:05:00,77.29086372179151,37.140717301251215,1.979200421585999,16.178040516466304,93.9139747248262,47.35532512054249,0,none
Line-A,2026-01-02 07:10:00,74.3977388908864,40.75596969167973,2.0490241949853387,15.96471505559931,100.97632340552248,52.41624578682116,0,none
Line-A,2026-01-02 07:15:00,76.34941897920561,40.09179221428604,1.8405646639738824,16.726296144728195,101.94999025806176,47.67148939242024,0,none
Line-A,2026-01-02 07:20:00,73.26226035829715,42.225594362709,2.234887589699697,16.20690225826087,106.68083506507354,49.441033059647765,0,none
Line-A,2026-01-02 07:25:00,72.97733837661036,41.32158291469206,2.0719946984868773,16.33174701355989,103.48852638870024,53.64408717467983,0,none
Line-A,2026-01-02 07:30:00,75.57655119918762,37.95256701035162,2.182352926688394,17.025072468034466,103.80419083555438,56.23791695532921,0,none
Line-A,2026-01-02 07:35:00,72.70043589578859,38.40790925698596,1.6791299822512873,17.26650969056586,104.39287662024849,52.74305030978546,0,none
Line-A,2026-01-02 07:40:00,75.03002767417803,41.54446436001697,1.7766889069175016,16.325641043987904,101.57904266208932,50.63345636076156,0,none
Line-A,2026-01-02 07:45:00,74.83294885189241,41.940754484673725,1.8815874231719327,15.75832239508221,104.72499653419142,50.6328894164838,0,none
Line-A,2026-01-02 07:50:00,76.85187528814467,39.8348971610378,1.7717049846821868,16.03994229087701,104.7792857119656,52.17195088035789,0,none
Line-A,2026-01-02 07:55:00,74.6427603092072,39.04528052754,2.255313828130125,16.179009541688654,100.8445292643715,52.35271854517865,0,none
Line-A,2026-01-02 08:00:00,75.17955386125486,38.073710166983815,1.486299558399018,17.751588329521432,109.82059146422864,50.5500297799061,0,none
Line-A,2026-01-02 08:05:00,75.56078975816355,41.607567983865216,1.9163891622212048,16.66631913342479,106.9699371645318,56.1971080291905,0,none
Line-A,2026-01-02 08:10:00,74.58298708334401,43.42248133399904,1.9766948188908275,16.043377464666538,100.25063354260944,50.39972925056553,0,none
Line-A,2026-01-02 08:15:00,73.57217196959662,41.16595157029983,1.6494682687962332,17.4053276243909,103.72292729296863,51.978538262859466,0,none
Line-A,2026-01-02 08:20:00,76.93745744028178,39.08308054637977,1.7819003653583805,16.73037677692084,103.6511432469631,51.901715181342425,0,none
Line-A,2026-01-02 08:25:00,73.0440748594724,39.57639619715973,2.38706016141901,15.94580000947688,101.5553201100767,49.92815641215957,0,none
Line-A,2026-01-02 08:30:00,75.44437426156168,39.57885751210921,1.681881318471836,14.742087051556576,103.04798024890115,47.726811790994944,0,none
Line-A,2026-01-02 08:35:00,73.14923962730296,40.354945530620114,1.7451146048602997,16.71155338019997,104.1934801304035,53.52819866058441,0,none
Line-A,2026-01-02 08:40:00,75.96630858078348,40.519687171930585,1.851702292075348,16.530438459877576,100.44916804058263,49.69702484126884,0,none
Line-A,2026-01-02 08:45:00,76.27241588091421,40.26971984699672,1.8933308059946456,15.242416961143364,101.76190809684076,53.22594592437114,0,none
Line-A,2026-01-02 08:50:00,72.42092946355615,38.11052903923161,2.078165735240001,16.974900412824642,105.96230036087309,53.60781479150912,0,none
Line-A,2026-01-02 08:55:00,71.75956431476577,43.66512140345584,1.8439116571416587,16.149249426208133,101.67537114135637,52.4865566428608,0,none
Line-A,2026-01-02 09:00:00,74.89427149899386,39.46809175825316,1.879431506995776,17.07198416225523,105.98714781316318,53.2952638191552,0,none
Line-A,2026-01-02 09:05:00,75.21457482386542,38.25913835625224,1.9285245023907067,17.25670434028312,102.09933421220668,51.808153708186296,0,none
Line-A,2026-01-02 09:10:00,75.4050142271275,38.65811185215728,2.117508158871655,17.759462849918677,93.4201014551647,52.024991243907806,0,none
Line-A,2026-01-02 09:15:00,73.46150351816117,38.155294546137895,1.3689790870970748,17.013886756307315,99.83211508300934,53.67186438120819,0,none
Line-A,2026-01-02 09:20:00,70.77739439364751,41.46565406211456,2.1725571214313466,16.943235037093118,106.58485750127494,50.26551570814383,0,none
Line-A,2026-01-02 09:25:00,72.31276921382543,40.51825370033028,2.117824524282299,15.938269899183531,110.46216329570014,51.937276022432734,0,none
Line-A,2026-01-02 09:30:00,73.03089891102977,41.49018963201743,2.0803050027032506,17.26658678807743,99.57213357958804,44.83327049995263,0,none
Line-A,2026-01-02 09:35:00,74.85710184787533,42.002866159973294,2.2708242520395943,16.40547297095864,101.21429865973744,48.65502994849142,0,none
Line-A,2026-01-02 09:40:00,70.66534925590602,42.81110158634602,1.7388851552386704,16.893554957510297,100.40776020326174,48.71918884999709,0,none
Line-A,2026-01-02 09:45:00,72.06208123068606,38.91141185283826,2.2722964637061818,18.18151954023105,99.7149282241202,49.328641021519886,0,none
Line-A,2026-01-02 09:50:00,74.28351359418647,42.92177697696616,1.7693512670640326,16.405632783845167,114.30737285307676,45.54607898457501,0,none
Line-A,2026-01-02 09:55:00,74.17473449364277,44.54811695130733,2.1567789648834106,15.66785672852552,97.46463290545525,51.15753889205448,0,none
Line-A,2026-01-02 10:00:00,74.53141790339993,42.84418331930532,2.0253741841445727,15.188380307285222,100.46958077492224,52.396220649462194,0,none
Line-A,2026-01-02 10:05:00,68.50195624394577,42.53371559627647,1.5506368200739928,17.477355835798086,106.98509821617614,48.79754821251807,0,none
Line-A,2026-01-02 10:10:00,71.54658534240967,35.89179166458271,2.0591521410481346,17.560409579445626,101.80006797301029,48.80672865440811,0,none
Line-A,2026-01-02 10:15:00,72.71207861509042,43.66363263634917,1.7622105784626327,16.001511338982287,103.24327865794965,43.898840882590505,0,none
Line-A,2026-01-02 10:20:00,71.69751237284723,42.06193264763735,2.468617539342569,17.856757056860037,107.91496879681723,49.10379017969641,0,none
Line-A,2026-01-02 10:25:00,72.30143847314802,37.68172910838583,1.983223056560496,14.682386348076571,105.58373680266764,51.85507841691764,0,none
Line-A,2026-01-02 10:30:00,71.22086202484023,40.41040197324829,2.151037427343302,17.44431729629453,113.02652194664007,49.107434413399965,0,none
Line-A,2026-01-02 10:35:00,73.6124436131708,40.053508047689526,1.8808327646077456,17.059113557103917,106.4335187250047,51.00795500954267,0,none
Line-A,2026-01-02 10:40:00,71.84645899045896,40.68586030190924,1.7382494367612953,16.439589029047223,103.37256064695713,58.12666332905987,0,none
Line-A,2026-01-02 10:45:00,71.40898340494975,42.54664567702901,2.2385647498045675,17.052051804297868,101.80065972994866,49.41541239787777,0,none
Line-A,2026-01-02 10:50:00,71.49002314567623,41.80668634077322,1.745896748393222,17.124516100523678,102.93495219424442,47.89967929767772,0,none
Line-A,2026-01-02 10:55:00,69.70435365422598,39.69386364167272,2.0993820694656398,17.292483389799486,110.63116034657769,49.70922564983972,0,none
Line-A,2026-01-02 11:00:00,71.89203836914348,38.32546395351005,1.289177965739212,17.347603993063657,104.19041566843228,47.061557281437565,0,none
Line-A,2026-01-02 11:05:00,70.83975651150776,40.55527754709745,1.8496522599110743,17.67065046210856,99.13765278709266,49.47123807389414,0,none
Line-A,2026-01-02 11:10:00,70.80587763253824,42.900812901638425,2.0993528968150783,15.182108590405733,101.33996967261508,52.97359381337883,0,none
Line-A,2026-01-02 11:15:00,68.51258541202905,40.36991285567984,2.406101228422879,16.35133701216557,104.67990308239403,45.68887262193768,0,none
Line-A,2026-01-02 11:20:00,69.91400738145059,39.61596938584021,1.9735222340883012,16.087491650432373,102.75734447925169,49.50291764901459,0,none
Line-A,2026-01-02 11:25:00,71.78675998434257,40.5114113673769,2.322960135778481,15.806557134123643,106.27284901087356,50.5898005874623,0,none
Line-A,2026-01-02 11:30:00,72.56526262776968,37.40812576902939,1.4252490710070609,16.564453743898763,102.0315886160412,49.79391568200952,0,none
Line-A,2026-01-02 11:35:00,70.91682505229247,37.71822024254278,2.098129652059473,16.80283935781284,103.52877848472248,50.88426748682169,0,none
Line-A,2026-01-02 11:40:00,71.26370335376461,39.014799539552975,2.0526725028014594,17.36774093667493,105.15618957902552,52.80772382373094,0,none
Line-A,2026-01-02 11:45:00,69.19067999300488,39.6492291686993,2.239304380367674,14.999982374005466,101.8599074348772,47.27643374060235,0,none
Line-A,2026-01-02 11:50:00,68.65254538629664,39.649562110864,1.7663540595791034,16.712801146952373,108.02922850110971,46.47187937272176,0,none
Line-A,2026-01-02 11:55:00,69.44152525945975,44.011136787012575,1.8142815256346971,16.57620669456631,99.0007452595547,49.24330506091515,0,none
Line-A,2026-01-02 12:00:00,70.28151361087457,40.37416368407055,2.663853796587839,16.54944000513506,111.37604777455807,43.2310441769102,0,none
Line-A,2026-01-02 12:05:00,69.53618474891253,40.39809107028425,2.226896566323611,15.181011411910056,100.68913726029731,48.11818339573642,0,none
Line-A,2026-01-02 12:10:00,72.15155118674954,37.768633669269455,1.993135840043559,16.947394745801056,102.55204019380076,47.7175889356102,0,none
Line-A,2026-01-02 12:15:00,72.43155995923472,39.91780914210127,1.9222075711956723,15.922393242994229,103.55461095655868,47.41676668183928,0,none
Line-A,2026-01-02 12:20:00,69.4712560321875,42.26826032070748,2.082183425336858,16.295794856965916,105.09068772831192,46.58867574057835,0,none
Line-A,2026-01-02 12:25:00,67.82328363957849,41.57515045437373,2.285900996642768,15.611473324126637,97.85463724412526,48.3551881012715,0,none
Line-A,2026-01-02 12:30:00,72.2290247870112,37.24696114645046,1.599409665342326,18.20907261763144,102.07285629535184,49.74019409459033,0,none
Line-A,2026-01-02 12:35:00,68.05572959514937,39.84266235922721,2.432715566874597,16.16459395740125,102.14137073588994,51.71981150882701,0,none
Line-A,2026-01-02 12:40:00,68.73605815288836,41.32861236388408,2.1977822338911337,17.499327846141885,109.6015186944028,45.53304154575522,0,none
Line-A,2026-01-02 12:45:00,68.97660104492164,42.26935567994321,1.94240233479032,17.14330746620756,102.33089940333898,48.96162030430881,0,none
Line-A,2026-01-02 12:50:00,69.83397474601576,43.07929609704296,1.989765885364784,18.46891630688734,103.42217328979926,44.20887691670234,0,none
Line-A,2026-01-02 12:55:00,69.0391619046977,41.53518224468996,1.7071992540847938,16.755477671270334,105.1667053100475,48.41569782526229,0,none
Line-A,2026-01-02 13:00:00,71.15808434680382,40.06616123273536,2.080828833296789,16.295423413544643,101.7160074708376,50.73405904285822,0,none
Line-A,2026-01-02 13:05:00,68.58329891032642,40.48414909745926,2.0545214788167647,17.621420042265314,99.52184950523618,54.61852207333638,0,none
Line-A,2026-01-02 13:10:00,69.74587322295483,41.809224035702336,1.9284722255095397,18.03963467095489,97.1473142027393,46.59627375722756,0,none
Line-A,2026-01-02 13:15:00,66.64639645879167,38.7366943726885,2.009071227587267,16.921569533832347,103.71912942335103,45.28149121722671,0,none
Line-A,2026-01-02 13:20:00,66.71068872382146,41.44647542090789,2.1835504911729964,16.24321266427738,99.89650935819672,45.3771252888512,0,none
Line-A,2026-01-02 13:25:00,69.76538816513104,38.32464540364699,2.2613897239233,15.77842757728238,105.42206429414097,41.66665849259413,0,none
Line-A,2026-01-02 13:30:00,65.63900331941761,41.20172429121952,1.8776245854253424,16.496530435170587,103.0131288852914,47.88594070955492,0,none
Line-A,2026-01-02 13:35:00,67.91780534910123,40.58089430455156,2.436502962904351,17.45243720258306,103.18424618544532,47.8231603017996,0,none
Line-A,2026-01-02 13:40:00,70.10943947244579,39.53248687732454,1.706457989016977,16.55810713868537,102.59949903142056,49.25485266130557,0,none
Line-A,2026-01-02 13:45:00,70.16701978967127,42.73627424725575,2.530972874814565,17.522433534777456,92.23529762361584,40.15535342875207,0,none
Line-A,2026-01-02 13:50:00,67.09878854417832,42.73941293015085,1.5310619271107275,16.105712733657786,97.10962632693806,46.63274642875836,0,none
Line-A,2026-01-02 13:55:00,69.01189753892453,43.1721534839954,2.1238754339260955,17.530664137995785,105.25542899170436,44.252800074913296,0,none
Line-A,2026-01-02 14:00:00,67.07788168416063,41.820867438575945,2.132342570347197,16.38763396387965,100.84112337575728,43.17901114412921,0,none
Line-A,2026-01-02 14:05:00,66.75349412831022,40.00979951744263,2.2196437415006987,16.87462510080807,102.94656548045404,49.59325388667595,0,none
Line-A,2026-01-02 14:10:00,65.17844542185216,40.35876147675406,2.901644458123836,16.623818361584007,106.35095057542296,45.62691999497928,0,none
Line-A,2026-01-02 14:15:00,65.32018984289229,39.941040573305486,2.6473037617522657,17.931010683128783,108.79155254461746,47.82276750089192,0,none
Line-A,2026-01-02 14:20:00,67.03394612011506,40.11337962685312,2.318945758286045,18.605789630192803,101.09308762950047,40.96914385739724,0,none
Line-A,2026-01-02 14:25:00,68.28200679774098,40.05385975199283,2.299555357010523,16.7437499436841,98.64312476911944,47.16020899847469,0,none
Line-A,2026-01-02 14:30:00,66.87432944587358,39.512141247777535,2.312035535184258,16.38572462607229,108.59150010677696,44.72886547255804,0,none
Line-A,2026-01-02 14:35:00,69.48294410613744,37.3120094530097,2.462130699506472,17.374525502407035,111.0181491971198,54.62087048900064,0,none
Line-A,2026-01-02 14:40:00,65.45560583841475,44.35586593976288,2.016129352451568,16.086541961692838,102.44508888299944,45.803798309479454,0,none
Line-A,2026-01-02 14:45:00,66.0233429086229,42.90121560802454,2.408760610192532,16.06671746509288,107.70255115984996,46.63483686630354,0,none
Line-A,2026-01-02 14:50:00,68.36810286204998,39.487744198464725,2.5582493700767808,16.707670715144577,102.7404509720475,47.27261120022718,0,none
Line-A,2026-01-02 14:55:00,67.23191247265564,44.1654656728401,2.542484747385997,18.02867324369849,99.13484485317372,41.382776423463554,0,none
Line-A,2026-01-02 15:00:00,64.30937030985672,40.6051229349785,2.045770381834775,15.499174055243914,101.0869284595892,49.47530016257606,0,none
Line-A,2026-01-02 15:05:00,66.2204237450429,47.87667958938666,1.9748060467321007,16.541399647025237,107.66212143964248,49.80631506814964,0,none
Line-A,2026-01-02 15:10:00,67.62742804663291,37.83642933376264,2.4595507425671768,17.124845104532742,108.96775817761214,47.23740868495636,0,none
Line-A,2026-01-02 15:15:00,68.24610601571725,39.21206704847559,2.794480881757062,17.717416900132015,104.9743245111058,44.2658306180004,0,none
Line-A,2026-01-02 15:20:00,66.0025448007895,38.42455292157715,1.8860306692883508,17.189557293241467,108.82178887587985,50.09972489311279,0,none
Line-A,2026-01-02 15:25:00,66.2816615493353,43.44542291789117,1.7940229871888582,18.598335215172185,105.7148963377095,46.62918219355812,0,none
Line-A,2026-01-02 15:30:00,67.51357644617849,38.25621633138199,2.2721577063033447,17.84950131536814,103.3771929796581,45.928332859420486,0,none
Line-A,2026-01-02 15:35:00,66.31676590497999,43.744934435732524,1.851690853555774,16.94136444230089,101.7116100359496,44.34067775422577,0,none
Line-A,2026-01-02 15:40:00,65.70448560751115,40.26681603827175,1.8860529400184465,17.109567119612407,101.63976042374884,45.14375016607261,0,none
Line-A,2026-01-02 15:45:00,63.1877306166572,37.626897045567176,2.7965328237177403,16.38362407191773,100.98065018866666,45.37314523222093,0,none
Line-A,2026-01-02 15:50:00,64.8253856025516,40.06733453927973,2.032433072726306,16.820227499401796,106.20695873120351,43.93692040923692,0,none
Line-A,2026-01-02 15:55:00,64.42800927256795,41.512702491801655,2.4329151704863974,16.834967839825687,105.65949982870308,43.72675036167089,0,none
Line-A,2026-01-02 16:00:00,65.54991437623394,39.76527282184022,2.1939297418933417,17.90699412116874,111.09505030361905,42.80037153140625,0,none
Line-A,2026-01-02 16:05:00,63.934206226779,41.03292280280398,2.4895140426905007,17.419321204962447,105.11386319755474,47.29945973319451,0,none
Line-A,2026-01-02 16:10:00,64.39646882115416,42.26396367234456,1.7067948265937734,16.477926669889374,104.39617139443683,45.56429686860756,0,none
Line-A,2026-01-02 16:15:00,62.29719156007662,43.72877441512996,2.171997619382564,16.78538889633698,107.41042291080764,48.80152528853207,0,none
Line-A,2026-01-02 16:20:00,64.2027254811857,40.32395558482367,1.7997816647503857,16.770190445265705,100.9076626637575,43.39745729713591,0,none
Line-A,2026-01-02 16:25:00,64.51492833966759,41.05363195548042,2.271266337934001,17.156672570302195,96.71921559166846,42.50924751421972,0,none
Line-A,2026-01-02 16:30:00,64.08115736820675,39.68468774207638,2.5291792027158726,16.843838718645358,109.5262847654983,45.11428092389131,0,none
Line-A,2026-01-02 16:35:00,65.20880687920045,40.8033134727288,1.9359832761954852,16.101811252568304,109.90389029646953,38.9423090535482,0,none
Line-A,2026-01-02 16:40:00,65.88585226018687,38.66754459190684,2.35317341952131,17.181264334824043,101.53771377060708,42.42526267197525,0,none
Line-A,2026-01-02 16:45:00,66.98124560402532,38.73549766381203,2.4463384238831427,17.47369953953547,103.0525933568177,44.77522993424231,0,none
Line-A,2026-01-02 16:50:00,65.91290364408455,41.70477619045983,1.2864561686329754,18.926953180061368,100.38601644052387,47.17132941191853,0,none
Line-A,2026-01-02 16:55:00,65.49123150904317,40.83354299447269,2.057354950534936,17.406706144259417,101.90954248840691,45.3931630124593,0,none
Line-A,2026-01-02 17:00:00,65.51935888173965,39.65353259442601,2.453256429221539,15.741388494177052,102.69637035828208,39.99641356916566,0,none
Line-A,2026-01-02 17:05:00,63.55250906128212,41.546996023435696,2.0225159287539705,17.001122802671595,107.0188876006361,46.09866077076919,0,none
Line-A,2026-01-02 17:10:00,64.68473957042832,40.03158848429563,1.844648044135174,17.344758215253044,101.60809726691816,45.38384690985262,0,none
Line-A,2026-01-02 17:15:00,63.62586236919836,41.60954557254595,2.222959080219869,16.019371494723487,102.44363461124168,38.434932608993584,0,none
Line-A,2026-01-02 17:20:00,67.2777168628786,36.38898104321204,2.35622962978246,16.83159458045582,104.99180059237716,40.86606034254082,0,none
Line-A,2026-01-02 17:25:00,65.09955708055561,40.59127094058552,1.9949861561344056,17.098261796914645,103.3155793967994,43.57071305506665,0,none
Line-A,2026-01-02 17:30:00,65.22838595316225,42.0495109253477,1.9792449032862007,17.571747359511047,98.51557620102275,45.767080949493,0,none
Line-A,2026-01-02 17:35:00,64.45809801375204,41.07414047825152,2.036894064386107,17.66224955587783,106.1266935735914,47.61062192086624,0,none
Line-A,2026-01-02 17:40:00,64.28979180210015,41.71232206422056,2.43677140641881,15.81362663691056,100.028723099897,47.86388031473976,0,none
Line-A,2026-01-02 17:45:00,63.7219606400189,38.60125511878054,2.258371868329608,18.196907189018702,103.16660857189576,48.12177390081331,0,none
Line-A,2026-01-02 17:50:00,62.89673077219421,38.64883409328996,2.262237351652421,17.96589890583196,99.36118137017482,42.4510400752313,0,none
Line-A,2026-01-02 17:55:00,66.54195434243148,42.25199525937529,2.023252777877835,16.276948376596557,106.93159615998692,50.41843305052488,0,none
Line-A,2026-01-02 18:00:00,63.16037526317356,40.27438287463247,2.5050757600675824,16.34600193352893,104.77057820342596,42.61516672760114,0,none
Line-A,2026-01-02 18:05:00,61.41889547101662,41.75817184904134,2.069090042178767,15.970683028656111,103.78915285751816,47.78180881308602,0,none
Line-A,2026-01-02 18:10:00,62.95840654826485,41.785153654154094,2.4183544064059235,16.23012547427618,109.5781349783258,40.86364936490829,0,none
Line-A,2026-01-02 18:15:00,64.31804952034776,43.0085531346097,1.935508512498326,16.288430106625672,104.16653395487904,43.95211852532913,0,none
Line-A,2026-01-02 18:20:00,65.23844598605045,39.34959564279792,1.844741166210261,16.129153169945003,98.02591117324263,40.79022463250117,0,none
Line-A,2026-01-02 18:25:00,63.07744534026811,41.6940678687895,2.244851631947348,15.54655202603262,103.79710391224808,43.336546616721456,0,none
Line-A,2026-01-02 18:30:00,62.82157057842827,38.71413842867408,2.0143532668807542,14.472448575825204,100.91146308818404,45.07148656322769,0,none
Line-A,2026-01-02 18:35:00,65.3308100951335,37.0895203555401,1.464440928250785,17.014067023242454,101.74490760448424,46.31165090408332,0,none
Line-A,2026-01-02 18:40:00,63.648320966369056,41.37639105963376,2.251028832457647,16.19258239093382,98.0084321410982,46.04145432771556,0,none
Line-A,2026-01-02 18:45:00,63.85573963053675,43.58569844005122,2.213776255639153,16.097112417718414,94.46951042890332,42.4727519665032,0,none
Line-A,2026-01-02 18:50:00,64.4267399124346,38.822905472503024,2.308299931010445,17.38409098999525,104.43150849715822,44.85760002578624,0,none
Line-A,2026-01-02 18:55:00,64.26753580409643,38.22739764858432,1.8828175683485744,16.793026682380265,101.98513531909902,44.787914661475234,0,none
Line-A,2026-01-02 19:00:00,64.44718849967033,39.30220761438983,1.9762461802608329,15.775252933048204,97.38883900388132,50.43575523545638,0,none
Line-A,2026-01-02 19:05:00,66.71157502624408,39.449545553040174,2.2824719352141773,16.671841884663223,111.43758207187548,43.92904828697896,0,none
Line-A,2026-01-02 19:10:00,63.67227067723364,42.6877489767846,1.7802183979231985,17.116588579679767,101.97434945773436,47.4239510371864,0,none
Line-A,2026-01-02 19:15:00,65.04286069487681,41.40684902890996,1.9809723782942272,15.835843106033566,103.15853280647892,42.88971586463774,0,none
Line-A,2026-01-02 19:20:00,64.1115581769804,37.85203939766995,2.220846778869167,15.997454685895764,102.42309823489508,42.70288706584892,0,none
Line-A,2026-01-02 19:25:00,63.36303706219369,41.98275634413752,2.0940649296275,17.942497551473906,105.00451585836,46.69731194122459,0,none
Line-A,2026-01-02 19:30:00,66.25597226434618,39.33261508925733,2.114980496323924,18.025140716142296,103.8257388770839,45.560588607947,0,none
Line-A,2026-01-02 19:35:00,65.14282015685788,44.53381803055686,2.0227872661828084,15.998068657299786,106.94535040265949,48.04724220960114,0,none
Line-A,2026-01-02 19:40:00,62.32293458099308,39.77415855529886,2.600731165545404,15.505407989827605,108.46752911866776,44.1735408935483,0,none
Line-A,2026-01-02 19:45:00,68.7486235652184,41.70833943645152,1.956678780841005,16.576719096413044,97.3029737513993,45.74520254668678,0,none
Line-A,2026-01-02 19:50:00,62.66579358729543,35.22588351024949,1.834498374254515,16.747416431412855,108.90102673300176,47.08862711851028,0,none
Line-A,2026-01-02 19:55:00,64.57990299696591,41.85004494219956,2.0963302306899987,16.51723050475175,97.42445804247428,42.657694576143136,0,none
Line-A,2026-01-02 20:00:00,64.84064930216857,40.55359966359623,1.961682238932953,16.022127543325027,107.79023546597222,49.293826328141805,0,none
Line-A,2026-01-02 20:05:00,66.95300233768936,39.75953291071276,2.0809932027575733,16.83052123287537,108.72310565949368,42.16436427527319,0,none
Line-A,2026-01-02 20:10:00,62.72698137610888,41.23620023839442,1.962666749445819,17.14384747887194,100.59708959223975,45.64139365385335,0,none
Line-A,2026-01-02 20:15:00,63.10701999455061,39.5509652049271,1.8425777609780272,16.236208710527986,93.85986462842416,42.92884843911155,0,none
Line-A,2026-01-02 20:20:00,65.7406949937614,41.91932009939265,2.031309852515553,16.509000304200168,100.01040633800774,44.02042150924552,0,none
Line-A,2026-01-02 20:25:00,64.74045294776464,41.11296291630703,1.9951345993305247,16.772130671301433,102.78493733220664,47.47963085869607,0,none
Line-A,2026-01-02 20:30:00,65.72209860643918,39.5375675706598,1.8494122332688792,17.116330667225558,100.0277844313757,45.24032431407671,0,none
Line-A,2026-01-02 20:35:00,64.80652136785085,39.37192649080206,2.245632979190652,15.801375168354951,106.68851621371232,52.13056066447085,0,none
Line-A,2026-01-02 20:40:00,68.1605246997881,38.476318661584905,2.5049410822754643,17.73447946018037,100.85688173541224,43.31251070372954,0,none
Line-A,2026-01-02 20:45:00,67.95728965032166,40.29466065990027,1.8774147725835413,16.381295499181867,104.76191703422916,48.85987541928162,0,none
Line-A,2026-01-02 20:50:00,63.73943216055597,42.897551337064016,2.389241491848209,16.936731405390606,105.7689206618388,44.93817301583766,0,none
Line-A,2026-01-02 20:55:00,66.47224726321443,41.532893972799656,2.030544342378207,16.725011884394334,100.44010697290804,45.40059571465904,0,none
Line-A,2026-01-02 21:00:00,64.70784371750439,41.23570374533665,1.996510608530553,16.482431010987536,105.8133615342274,38.36165363560247,0,none
Line-A,2026-01-02 21:05:00,66.34829307352207,43.01342416255895,2.3388467269310484,14.931400082212514,102.95088279883308,47.55538213788813,0,none
Line-A,2026-01-02 21:10:00,67.14176289701541,42.45524871205211,1.6195201404393718,15.62193486079245,113.285479000878,49.84493180002714,0,none
Line-A,2026-01-02 21:15:00,66.31260262551439,39.02703262034735,1.8902491372522892,16.643322460800558,102.66885144699,44.21538723470481,0,none
Line-A,2026-01-02 21:20:00,68.17743645766045,40.7977206865434,1.6998420230640423,16.149428694446584,100.67114087510224,49.145350615391216,0,none
Line-A,2026-01-02 21:25:00,67.50850994449137,42.128249651119305,2.195705727829095,16.420713707925543,104.92560401726702,43.97906244351015,0,none
Line-A,2026-01-02 21:30:00,68.15834544382838,39.84434488486952,2.0875118039665024,15.4418596209501,99.51785651390746,46.66607361328367,0,none
Line-A,2026-01-02 21:35:00,63.70490492066894,43.38631480688839,2.324419580639697,16.816011301082053,107.36764595611947,42.20413368813986,0,none
Line-A,2026-01-02 21:40:00,67.85105100671417,42.22298345097239,1.6995993478825016,16.71279676148885,98.4651082898456,39.828748142896295,0,none
Line-A,2026-01-02 21:45:00,66.2512530898601,38.426975688095965,1.9946754245890468,16.48470681832849,108.5298875662261,42.98468561826393,0,none
Line-A,2026-01-02 21:50:00,67.27218644363661,41.63047868512222,1.3848193964824664,16.451636168094222,104.63237742935068,44.55789941445372,0,none
Line-A,2026-01-02 21:55:00,66.18247313230263,40.96983941212273,1.74871116704723,15.187624930160226,99.75210505050048,45.84001955972122,0,none
Line-A,2026-01-02 22:00:00,67.62890664395323,40.86872363288746,1.907219054238836,15.969791661108763,107.96838562003508,48.570565843887806,0,none
Line-A,2026-01-02 22:05:00,68.25097919142017,40.42774102811568,2.1127839674638027,16.861744902198275,102.0790542693867,48.75717220354597,0,none
Line-A,2026-01-02 22:10:00,68.16099762480428,39.89384690579389,2.0440185001916387,17.530845196435145,97.50937794452494,42.46599575196949,0,none
Line-A,2026-01-02 22:15:00,66.63431735414966,42.3844943887923,1.2548696238824135,17.365051862123774,113.3149443708942,41.409265527628,0,none
Line-A,2026-01-02 22:20:00,69.23349534588061,40.54987013796143,1.9998068289675135,16.67083879101792,100.21671798052348,43.58319555684428,0,none
Line-A,2026-01-02 22:25:00,66.456031114854,40.69259360860005,2.2555648181336494,15.705298049284597,99.25189131199366,40.045272278778086,0,none
Line-A,2026-01-02 22:30:00,67.31282612971125,40.42116060033224,2.127607772010055,16.87081640616399,101.24333118181062,44.70298171546749,0,none
Line-A,2026-01-02 22:35:00,67.49838402675198,42.72775556165822,1.253784770904611,15.568038113193744,103.71161657879668,46.32535394662176,0,none
Line-A,2026-01-02 22:40:00,65.1394519174875,41.764886793535474,1.4736004920138053,16.341528018225667,105.12383329758222,42.61847192419279,0,none
Line-A,2026-01-02 22:45:00,69.61135591664927,38.97899745649935,1.4408482966290332,14.819126342501251,98.68252401809382,46.551881635025296,0,none
Line-A,2026-01-02 22:50:00,69.12263706453817,37.1394005277089,1.1982492740174782,16.225782477789767,103.0224976357146,42.155602067406925,0,none
Line-A,2026-01-02 22:55:00,69.09792164661837,43.04624257905288,2.709455289338806,16.72496554362352,108.1838634231373,47.48679001461511,0,none
Line-A,2026-01-02 23:00:00,71.42515624363227,40.82279250580216,2.254666469629524,17.29801494015624,97.45594171265373,50.917825666570536,0,none
Line-A,2026-01-02 23:05:00,70.62420033954207,42.86711680094067,2.013701045077221,16.78102186705385,98.85842736551608,46.85788510034965,0,none
Line-A,2026-01-02 23:10:00,70.20016137691995,39.010777662894895,2.199513270490963,16.32285373879796,99.71949018285372,46.496538013302434,0,none
Line-A,2026-01-02 23:15:00,70.32747050768313,38.93832203001544,1.9390368330355143,16.705789448268497,98.51327702571366,49.78066006453701,0,none
Line-A,2026-01-02 23:20:00,71.1688191363797,43.39479185506131,2.2353152654457054,14.42086344317988,101.6337523362752,44.76909134949336,0,none
Line-A,2026-01-02 23:25:00,69.33110740102342,36.42746690502394,1.6626201320665532,15.77759921206118,104.03263557849932,53.70938398714018,0,none
Line-A,2026-01-02 23:30:00,67.26051812844238,41.447016632994725,2.287817036794168,14.942116929219363,100.73173401924409,51.05436728815476,0,none
Line-A,2026-01-02 23:35:00,68.80722847803938,40.838594920969214,2.090038715727373,15.219422792630802,102.4926247585544,48.00535671619437,0,none
Line-A,2026-01-02 23:40:00,68.04037658113882,36.774053138733606,2.0056366411839326,15.937732849479328,99.5636444034878,42.6243558334828,0,none
Line-A,2026-01-02 23:45:00,70.66253029852102,39.76833429537278,2.386193331827865,15.15044361095787,102.5613441819896,48.41944369244767,0,none
Line-A,2026-01-02 23:50:00,67.88434259524873,40.61343904375889,1.844326882547274,15.523921950964445,102.38818687832054,50.83087926845716,0,none
Line-A,2026-01-02 23:55:00,67.79119474357674,40.40441729907614,1.2953380645251618,16.830540471419088,108.49755019574847,47.56341469473088,0,none
Line-A,2026-01-03 00:00:00,69.39633229940111,42.88582715613583,1.7011980719543498,17.53467224562598,101.88773119530812,44.46688131044117,0,none
Line-A,2026-01-03 00:05:00,70.260294694921,40.50525053819612,1.8971714995483409,15.524197264445109,101.8352317732012,51.974731225816974,0,none
Line-A,2026-01-03 00:10:00,71.69630655055343,37.63855236987387,1.491133618064027,16.164827074591575,100.10438537146018,50.24239446009206,0,none
Line-A,2026-01-03 00:15:00,66.11250177653422,42.85505696169498,2.4357677413005345,14.931686407484252,103.32533456273912,47.75598890399633,0,none
Line-A,2026-01-03 00:20:00,67.99904404521682,41.25583525845849,1.4590409210114696,15.737456580798664,105.8415185448111,46.07080302224955,0,none
Line-A,2026-01-03 00:25:00,73.73372597196132,39.34392301600197,1.405012010863446,15.0605857852708,102.69972262089998,46.275734571079845,0,none
Line-A,2026-01-03 00:30:00,71.21173627319286,39.12451735671313,1.857346733543211,14.780382127020424,102.57343147056068,53.0066250754116,0,none
Line-A,2026-01-03 00:35:00,70.26549863202645,41.84134470393226,1.8922973958075893,16.049481237700537,102.14901863137167,42.747924505382656,0,none
Line-A,2026-01-03 00:40:00,69.87490478526003,39.12899660314149,2.3180308261342453,17.074794972235985,106.14818750133897,50.40724010406541,0,none
Line-A,2026-01-03 00:45:00,70.35843162429168,41.41738007894831,1.4985164842126106,15.575705858949869,105.36943820816062,47.08274179346202,0,none
Line-A,2026-01-03 00:50:00,70.26587239763981,40.71926018144579,1.7921602976360855,14.5771515796229,102.6301417005636,51.01974995601309,0,none
Line-A,2026-01-03 00:55:00,70.59469729582901,40.50125423736192,2.125126097231003,15.96116587702383,103.23046583577369,45.63820726611406,0,none
Line-A,2026-01-03 01:00:00,70.91018275832626,36.17842471172203,2.227045606591741,17.562958405347533,105.32168727312792,47.9688029848639,0,none
Line-A,2026-01-03 01:05:00,71.58071118275468,39.47949318547049,2.362877280806953,16.831794966739913,101.31495721363387,49.36330371325232,0,none
Line-A,2026-01-03 01:10:00,70.908214189937,38.21682143387572,2.5526531574516875,16.686015608330155,108.27301916769116,48.60042877362326,0,none
Line-A,2026-01-03 01:15:00,73.71467624228654,36.81582862119679,1.6343084153065277,16.813772505489247,104.51765619984629,49.94835953780871,0,none
Line-A,2026-01-03 01:20:00,72.62690101401364,40.933493893079344,2.788270362551771,16.046927646933497,100.68966554885448,50.45837842071306,0,none
Line-A,2026-01-03 01:25:00,73.35080452150456,40.44005950276515,2.316853134059374,17.97575784836458,98.34741489028085,50.345257809257085,0,none
Line-A,2026-01-03 01:30:00,71.22209918552527,41.78583564412843,2.047248007286896,15.38926655073278,106.2970559092718,48.534612603132,0,none
Line-A,2026-01-03 01:35:00,72.37334217354318,43.75051100111866,2.247990479852707,17.738163946236288,104.38194899317683,53.83161165117866,0,none
Line-A,2026-01-03 01:40:00,72.03392815950134,40.38628509272719,1.760536744258611,15.666819943952287,107.40152372444471,49.48735336100764,0,none
Line-A,2026-01-03 01:45:00,73.4943541235362,38.94619700936868,2.1216651683725667,16.265112668990124,102.49941058021808,55.5031561435962,0,none
Line-A,2026-01-03 01:50:00,70.56026894257634,39.02973700654808,1.968310505149588,15.763705209817996,100.73254972840816,55.02974779178784,0,none
Line-A,2026-01-03 01:55:00,68.26281563278555,41.16701700459379,1.8147523908781271,17.145105985955606,105.01347106966946,47.03818020299787,0,none
Line-A,2026-01-03 02:00:00,72.1742536652943,41.47601052346154,2.3942091204815514,17.228331644314054,95.11554227376732,56.91857763338699,0,none
Line-A,2026-01-03 02:05:00,72.09060808169528,40.211548394996136,2.3607337203760057,15.790273404150128,108.8003842047977,50.24887968803491,0,none
Line-A,2026-01-03 02:10:00,70.85426007408374,36.265692013925424,2.2928714774758023,16.35588484184154,109.3832731392887,50.28413390013349,0,none
Line-A,2026-01-03 02:15:00,70.42401917218122,42.98885302624242,1.7303128219595172,16.507823553072285,111.8421561958112,46.60100104712132,0,none
Line-A,2026-01-03 02:20:00,74.26563205019417,40.65642385292919,1.696604326676423,16.84238874914971,106.21450390055271,51.47695522680477,0,none
Line-A,2026-01-03 02:25:00,71.24051995362139,39.95514444934707,2.2087668494737285,16.231528074657277,98.41375825862728,49.5363299735204,0,none
Line-A,2026-01-03 02:30:00,74.97172181751051,44.35535254215068,2.495002351539445,16.72364776680737,97.1459308385362,50.25639779589517,0,none
Line-A,2026-01-03 02:35:00,70.2534536255789,44.74405289924665,2.050280207060453,15.297454275471964,98.29986080624104,52.39715332104538,0,none
Line-A,2026-01-03 02:40:00,73.11869592762842,38.64129323338544,1.8966164051426435,18.402377131605743,100.71229285844332,55.36354694451768,0,none
Line-A,2026-01-03 02:45:00,72.29711858452923,42.27889551793035,2.081109256108876,15.701445648387184,106.5147465602683,57.35165839310262,0,none
Line-A,2026-01-03 02:50:00,74.08558589389273,40.898993276708914,2.138508923457065,16.827268805860403,106.48983867684204,51.685420641257735,0,none
Line-A,2026-01-03 02:55:00,75.69362262833546,44.31600126848154,2.2244498639792822,16.061636251621014,101.2212725474379,51.983894699356505,0,none
Line-A,2026-01-03 03:00:00,73.40736468302342,40.65119795292484,1.9616356974196527,17.156504975445923,101.42529077666528,49.86984060844014,0,none
Line-A,2026-01-03 03:05:00,71.28551549000119,42.76984416781719,2.0624049754992906,15.93171534042542,101.38455869277544,53.88351787222603,0,none
Line-A,2026-01-03 03:10:00,73.0825949265538,40.69113198110977,2.3149913677809604,16.123073480999036,98.405997927927,56.48065870582887,0,none
Line-A,2026-01-03 03:15:00,74.08608571795392,41.00101089513209,1.983709025176044,17.140919085421242,103.02614132813264,47.358795445406926,0,none
Line-A,2026-01-03 03:20:00,72.17609383424244,39.35883474619678,1.5681357734452237,16.7206021167256,103.1558419162933,49.56412878356935,0,none
Line-A,2026-01-03 03:25:00,74.2575497160812,38.37807618150103,0.9244751540361116,15.778989099968395,101.37680112718334,50.259751386306526,0,none
Line-A,2026-01-03 03:30:00,73.1212526568027,39.20248834328243,1.7966886211917097,14.505612839464492,108.48403921798932,47.50937490042784,0,none
Line-A,2026-01-03 03:35:00,73.44323678401263,41.78762503339493,2.31434813380798,15.035022307400553,100.1589917691614,48.56379858855711,0,none
Line-A,2026-01-03 03:40:00,76.46514206809508,46.49187069356832,1.7666135250462809,16.72596345070848,109.185577514371,48.4513349884173,0,none
Line-A,2026-01-03 03:45:00,72.80146571117137,41.14948182367667,1.8760832493927777,16.046875810456548,107.65235973028894,57.35207310390157,0,none
Line-A,2026-01-03 03:50:00,76.2775519503097,41.20548200251847,1.4708583708894458,15.77366266322442,102.48434352494426,49.63839730280441,0,none
Line-A,2026-01-03 03:55:00,74.90041878613933,41.179402052182446,2.0942928815342814,15.997320824135592,97.19978282647524,53.98292649852969,0,none
Line-A,2026-01-03 04:00:00,72.17289340058467,39.13518433701485,2.0657756625514128,15.471395219519549,98.54172184946492,53.820939076312,0,none
Line-A,2026-01-03 04:05:00,72.73910168477659,40.567829162086674,1.479991059126307,14.648465593956796,102.72146088848936,51.10394194463899,0,none
Line-A,2026-01-03 04:10:00,73.92073828172916,41.419453073126114,1.2217955225617838,17.35349707439482,99.51262737488388,54.14137145822831,0,none
Line-A,2026-01-03 04:15:00,73.28748100136194,40.09792913262199,1.393478530752155,16.65203438323238,112.03414125171754,59.87072222249476,0,none
Line-A,2026-01-03 04:20:00,74.79823340960668,40.231060941486966,1.553880796494712,16.57740145665833,105.7645820431292,59.6364278273576,0,none
Line-A,2026-01-03 04:25:00,78.09668711805159,38.09948612938226,2.164435047686907,17.01340101827577,95.10834376384445,47.202435384240815,0,none
Line-A,2026-01-03 04:30:00,75.91933951240733,39.22873868749869,2.133703036190881,17.501927353148197,105.1879070307706,49.0689456308725,0,none
Line-A,2026-01-03 04:35:00,73.97623974930652,42.51552310794061,2.3365096650589647,17.52316070489849,106.862988622965,51.40538445993262,0,none
Line-A,2026-01-03 04:40:00,74.49392467720735,40.92797787094176,1.4894328834339023,17.982450034828513,103.10973299324012,52.87590401507728,0,none
Line-A,2026-01-03 04:45:00,76.9330765461616,43.32873143949243,2.095373105301741,17.129944798870717,97.83634856227611,52.54112852774948,0,none
Line-A,2026-01-03 04:50:00,75.55718548652652,41.67688473071482,1.761492177402905,16.25753498321155,107.42734771252516,55.56685348060399,0,none
Line-A,2026-01-03 04:55:00,73.59783536332012,39.22046699698133,1.768161372243631,17.277742064757863,104.48005766760318,51.030693805071365,0,none
Line-A,2026-01-03 05:00:00,76.36200609612303,38.10364244215172,2.133665503266063,15.882873436850968,103.91313666675649,58.300035210974485,0,none
Line-A,2026-01-03 05:05:00,74.59659973711153,44.33832346183782,2.53027709735035,16.44893503265606,100.61027734793392,51.80073732314832,0,none
Line-A,2026-01-03 05:10:00,73.42426848766517,42.2711238595514,1.7984859120670749,16.950207861683037,105.7205489593858,49.148919819313456,0,none
Line-A,2026-01-03 05:15:00,75.18707068553633,43.04967072794311,2.5250035316732635,17.023311008109474,103.00798047936266,51.02324583314873,0,none
Line-A,2026-01-03 05:20:00,77.32127865027252,41.55399096130675,2.093459521618613,16.034439390832326,101.0499028251791,53.21946230974378,0,none
Line-A,2026-01-03 05:25:00,73.6349392188368,41.21452161565536,1.8019752472053785,17.16291569007891,104.06439953661652,55.98888126733999,0,none
Line-A,2026-01-03 05:30:00,75.78637268723827,38.75340189045588,1.771756414701432,16.61614891892916,100.0442046287704,55.707679835565976,0,none
Line-A,2026-01-03 05:35:00,75.88633225040506,37.74246980359669,1.7549379469361934,16.10435174002273,103.59409926508724,50.848429639104566,0,none
Line-A,2026-01-03 05:40:00,78.49648587575929,39.95866516778949,1.572641178500275,17.62745182449974,101.29812141900368,54.00577926645729,0,none
Line-A,2026-01-03 05:45:00,75.1925303451939,44.77091944164163,2.2493948839534945,16.6286177684296,96.59673645054592,51.46885822641119,0,none
Line-A,2026-01-03 05:50:00,76.09113812231013,39.341672352610885,2.3442642980545814,17.33780844764351,103.98364314439888,52.1648495712789,0,none
Line-A,2026-01-03 05:55:00,72.72116800458211,41.350359566621,2.5229676007970623,15.400067547979983,107.84231544794952,50.31342100775505,0,none
Line-A,2026-01-03 06:00:00,74.09329373631051,39.19516193708844,2.108942506481203,15.703065043485749,106.45205054274774,51.97789677226165,0,none
Line-A,2026-01-03 06:05:00,76.21808588820322,44.41370688926942,2.672596571689034,17.25003058897606,101.99932366963654,46.81312360731477,0,none
Line-A,2026-01-03 06:10:00,74.89276237176708,41.153321426712246,1.9310660517619864,17.15627126020094,107.08434655166378,54.359647682064384,0,none
Line-A,2026-01-03 06:15:00,75.0281990277668,42.33252026318136,2.237235733126307,17.29065483906682,105.58240365349138,50.496851493508,0,none
Line-A,2026-01-03 06:20:00,74.11743689083279,38.2603685384573,2.3903389694754384,17.052456360496528,98.97119498100209,55.46356421740244,0,none
Line-A,2026-01-03 06:25:00,79.41448021846439,41.68155674437699,2.4270851427510625,16.3262337734084,99.35919331905562,56.86583438499098,0,none
Line-A,2026-01-03 06:30:00,75.34374012142952,41.94332124381748,2.1867247021842258,16.325619396834924,101.6488861829418,50.224175702688754,0,none
Line-A,2026-01-03 06:35:00,76.56306825767335,35.557137431997965,1.9920285638642428,17.133567244863983,105.5504647271375,51.34038455120981,0,none
Line-A,2026-01-03 06:40:00,77.80318240130755,42.01255341475111,1.8844584343415864,17.419845553407615,101.01002300459132,48.24868755313521,0,none
Line-A,2026-01-03 06:45:00,74.25674639080697,40.3309263075606,1.9397240958007225,17.40462278400354,101.5414861641531,55.75092368291654,0,none
Line-A,2026-01-03 06:50:00,78.19889895015122,38.95048269761841,2.4626986122074657,16.840137030913954,103.09982977132388,49.57169466305487,0,none
Line-A,2026-01-03 06:55:00,76.23756204726553,45.819570364931614,2.881594891490185,16.510465021917245,107.6611871324088,53.17235119719468,0,none
Line-A,2026-01-03 07:00:00,74.4841953824934,40.22314163270936,2.844592103020892,16.75757633851956,112.27393930266588,47.62613339036233,0,none
Line-A,2026-01-03 07:05:00,74.2461495663087,40.55194336700351,2.127642154158808,16.860781943101077,94.17510416253818,46.99186391708171,0,none
Line-A,2026-01-03 07:10:00,77.92944146573714,42.849637028139874,2.1606324746529304,16.426532964046597,103.2334479538075,52.69116091852703,0,none
Line-A,2026-01-03 07:15:00,75.74567019960926,39.14478476292239,1.7355260391273175,16.02575722459209,105.42530745320636,50.94751547832501,0,none
Line-A,2026-01-03 07:20:00,77.11148018112334,39.70467991869463,2.232060405898644,18.444158459803838,102.53712141068738,52.77168883803476,0,none
Line-A,2026-01-03 07:25:00,73.86032194770972,41.80543934291519,2.3385096897161937,18.21921382475453,106.3040561954922,49.91768500162336,0,none
Line-A,2026-01-03 07:30:00,79.37087729590961,41.52317104611532,2.3139973301611683,17.11811958747377,105.18277338701635,51.7358782228685,0,none
Line-A,2026-01-03 07:35:00,76.77307081277648,39.43900755543229,2.3328917050549327,16.2256674443506,106.5507269443264,51.77360542222301,0,none
Line-A,2026-01-03 07:40:00,73.5318937816774,43.60324879061705,1.9819709654911215,17.61857311495333,110.72426619985156,50.54712032223513,0,none
Line-A,2026-01-03 07:45:00,77.62719250671039,37.15121911083826,1.6447506138360122,15.40115868804858,105.07748621675744,50.826063357852114,0,none
Line-A,2026-01-03 07:50:00,73.74240074799697,39.67244280774937,1.914384101260466,17.75791860897419,111.98005354739048,49.53281719592902,0,none
Line-A,2026-01-03 07:55:00,74.43602861845702,42.9312067441476,2.634210708847983,17.04787104945823,98.00630495090702,52.496563901360965,0,none
Line-A,2026-01-03 08:00:00,72.72579389143263,43.51139857355271,2.524382420502051,17.552125369576355,100.50809116431786,50.60912321933061,0,none
Line-A,2026-01-03 08:05:00,74.92461990573354,41.36509631863042,1.788803595920486,16.94774060878205,105.41548824650096,48.77168065965705,0,none
Line-A,2026-01-03 08:10:00,70.91725812323082,44.52955993530924,2.07300503249327,17.937191635904536,101.88641001898164,50.32864397925741,0,none
Line-A,2026-01-03 08:15:00,75.3545424956893,42.93979989651104,2.830593296819793,17.04681410738442,100.74422039420313,48.287588043442405,0,none
Line-A,2026-01-03 08:20:00,76.78960350937284,42.60108016726806,2.17401611242255,18.226717584206774,105.94639347324429,52.540713156469074,0,none
Line-A,2026-01-03 08:25:00,75.71613900447096,39.5768809748324,2.162148517435473,16.269033373131986,103.09509457183262,52.48142918709426,0,none
Line-A,2026-01-03 08:30:00,73.61113158864929,40.15223213372053,2.3144710589614874,17.212181907594648,101.03275156430696,55.75152212012773,0,none
Line-A,2026-01-03 08:35:00,77.94350670992583,42.52150258666926,1.765401086712504,17.33937455993229,107.0663377571969,52.20409446476101,0,none
Line-A,2026-01-03 08:40:00,73.61469577692671,41.244612515953264,2.0698482689015654,16.364076937405137,102.72297921528114,48.92410603575328,0,none
Line-A,2026-01-03 08:45:00,74.9951729383741,41.55590713997605,2.2936408971645634,16.778173198391972,100.99427774459168,53.00269029570193,0,none
Line-A,2026-01-03 08:50:00,74.54825916514093,42.08008455346129,2.0591505874508726,17.866492629304386,101.94921702301286,50.676333157783255,0,none
Line-A,2026-01-03 08:55:00,73.93987080354441,40.98154648435565,2.027182526174783,17.66998711787172,104.41957244387824,54.66983464427274,0,none
Line-A,2026-01-03 09:00:00,74.43355642359587,42.38318503422306,1.741039831910164,16.980255632800752,90.91123551102952,46.98716722504843,0,none
Line-A,2026-01-03 09:05:00,75.3332772778576,42.58183274945671,2.377452823598236,17.574080341907294,107.2146922617355,48.51038667017153,0,none
Line-A,2026-01-03 09:10:00,73.52507299048098,37.8204439412258,2.6591185986746773,16.79985345418678,102.3850037916221,47.50460110053288,0,none
Line-A,2026-01-03 09:15:00,72.34203254092978,43.10548157338337,2.428229376520381,17.944002009138142,103.31442385550484,45.93994288380184,0,none
Line-A,2026-01-03 09:20:00,71.72994678481503,39.51649373327103,1.6797308755496805,16.158674984351922,104.33464799295191,52.8400931349247,0,none
Line-A,2026-01-03 09:25:00,73.59017377214802,42.230615142866846,1.7707859086131554,16.522326416241203,105.92327845663104,49.98874605205525,0,none
Line-A,2026-01-03 09:30:00,72.78987030073144,40.95669383397989,2.089511151719806,17.071427151000766,103.17862109620349,55.45771396232088,0,none
Line-A,2026-01-03 09:35:00,73.27020746350841,39.55571080639056,2.1042789713139154,16.41606821373208,109.95279169955334,49.27257422358972,0,none
Line-A,2026-01-03 09:40:00,74.541544570629,40.17630065380063,2.274476176868196,17.71704424050693,103.33259138044508,51.39480669444495,0,none
Line-A,2026-01-03 09:45:00,70.89956209601374,37.99889031394564,2.5010178456503085,16.29997699879707,104.92939255698651,48.42416945733187,0,none
Line-A,2026-01-03 09:50:00,74.21231908761298,37.972378237125135,1.7296443450375938,16.20910386801913,103.13597461542705,45.550649621759696,0,none
Line-A,2026-01-03 09:55:00,74.2892855176534,40.4617693875754,2.1785526644866238,15.614631773926652,105.9104468406966,52.85998029695799,0,none
Line-A,2026-01-03 10:00:00,73.16721435323072,41.183740381993005,2.586741508074381,17.30059159102855,98.96590376454368,57.5804774601044,0,none
Line-A,2026-01-03 10:05:00,70.48448702073742,40.46307005579164,2.110362751703951,16.98397857977584,99.72672224146288,50.51352536122347,0,none
Line-A,2026-01-03 10:10:00,72.75985430120701,39.84245870410862,1.6577651074066129,17.728886323655114,98.8457012952627,47.526543746133896,0,none
Line-A,2026-01-03 10:15:00,70.84193072862016,39.74682271390552,2.774943310096541,16.617092845488617,104.6502201281046,46.86279075264222,0,none
Line-A,2026-01-03 10:20:00,71.62924796107761,41.62389016061149,1.6713962830332711,16.860168035852833,106.3378630202929,51.18489568518758,0,none
Line-A,2026-01-03 10:25:00,72.04601723445806,38.900754252456366,2.142781258625638,17.090197856672635,105.80309714487883,50.02974765168543,0,none
Line-A,2026-01-03 10:30:00,70.75304088760593,43.94721870119624,1.9569594171249256,15.80092324571486,101.85792955160198,48.434931952327325,0,none
Line-A,2026-01-03 10:35:00,70.81185598763723,43.231874399925374,2.0218492300833764,17.768128039563322,96.2292914835133,47.210471782002045,0,none
Line-A,2026-01-03 10:40:00,70.60340700788555,41.391674146995065,2.17671059750944,17.71464535575534,110.01191283018416,50.02613317120302,0,none
Line-A,2026-01-03 10:45:00,72.6225969902254,42.64145513850641,2.2595037040073014,15.52203014276465,103.867947127891,55.37436270402353,0,none
Line-A,2026-01-03 10:50:00,72.00911293102966,37.594937234412605,2.082048518892374,16.119568460426855,107.30695828785886,51.16601396999052,0,none
Line-A,2026-01-03 10:55:00,71.1937354265476,41.45529782379116,2.2180875334210133,15.82110747704556,104.3743993689692,45.03018360860692,0,none
Line-A,2026-01-03 11:00:00,71.94532884254731,39.19687607569214,1.988426229020042,16.81422739848661,103.54344858475258,50.5633548577764,0,none
Line-A,2026-01-03 11:05:00,70.57831143832514,37.667344392705054,2.31559457501392,17.47272617964212,100.89950230389096,52.74864289343007,0,none
Line-A,2026-01-03 11:10:00,71.39109979069282,39.04175419097179,2.402816537170584,17.37939449234006,101.92352581316128,47.729314666085045,0,none
Line-A,2026-01-03 11:15:00,71.15767203114827,39.838272249898665,1.8515385509688884,16.189590656687265,104.47283419223264,53.53683748257222,0,none
Line-A,2026-01-03 11:20:00,69.74987970514537,41.994970423335154,1.6065140915895468,17.0974262407167,108.34339405219914,47.825094750682624,0,none
Line-A,2026-01-03 11:25:00,70.47520749771009,42.806144384963794,1.7685777934511715,17.278656863742626,102.17253460151494,47.156612844801096,0,none
Line-A,2026-01-03 11:30:00,72.79964855259766,39.32833837037696,1.3234014286653646,17.12743007744667,99.81743663821248,46.72777225672806,0,none
Line-A,2026-01-03 11:35:00,72.80529134625812,35.44043566153713,1.9760054544006007,17.27690025779323,97.13308005731751,45.446193115379685,0,none
Line-A,2026-01-03 11:40:00,70.45976197711539,41.2359592981725,1.958428925938216,17.877896613909616,109.74203487774886,50.65755671104609,0,none
Line-A,2026-01-03 11:45:00,70.83333078482701,40.67572910010207,1.5962701720473478,17.25378259100174,104.24542657170356,51.91546041508032,0,none
Line-A,2026-01-03 11:50:00,67.98698771042065,40.06098923179434,1.7931272142083607,15.385355463162762,105.4760844739432,49.10316027414861,0,none
Line-A,2026-01-03 11:55:00,67.25100538704652,40.79331027474497,1.9367165819432135,16.491602018253612,105.30482775780015,48.16730676574083,0,none
Line-A,2026-01-03 12:00:00,66.1437613857335,42.75997380595615,2.3668141409573646,16.008668934984627,105.75196237382848,50.65619559380506,0,none
Line-A,2026-01-03 12:05:00,70.15945535904454,37.8301917665675,2.136413696771576,15.518111586129004,106.86240720746646,47.943211404983344,0,none
Line-A,2026-01-03 12:10:00,71.40256605129825,42.49808084966456,1.5940832208944304,15.794623256724153,118.363130571241,48.6513625710236,0,none
Line-A,2026-01-03 12:15:00,69.69824124252447,42.68728245543933,2.435517139851393,15.6780683854749,101.90855083420269,43.29267416401361,0,none
Line-A,2026-01-03 12:20:00,69.73783296954237,41.34650418305301,2.464316016030496,15.34109161581714,101.44283279632046,46.40169187291648,0,none
Line-A,2026-01-03 12:25:00,69.6134383660526,41.9380880016988,1.6382480762750171,16.987725352556144,107.2650798773892,47.49542925898629,0,none
Line-A,2026-01-03 12:30:00,68.94378460032233,41.77738504197256,2.064633701844496,15.997724732549797,105.02458441964244,48.0271080991088,0,none
Line-A,2026-01-03 12:35:00,67.63160395633334,40.26257807726848,2.235859801202648,16.209143900653356,105.95083739820195,45.17866184840241,0,none
Line-A,2026-01-03 12:40:00,69.21126218083577,42.51536559388138,2.2236368461957245,17.481012339436017,100.6631637005076,48.51017227590961,0,none
Line-A,2026-01-03 12:45:00,69.66505565897741,38.57180031113504,1.6530965566299134,14.493862594567773,107.109120157212,45.37833568194173,0,none
Line-A,2026-01-03 12:50:00,68.62799983358978,40.50880774778079,1.6119322117889736,16.89770783353326,96.9644234870069,47.43239021806495,0,none
Line-A,2026-01-03 12:55:00,67.55630656241198,38.85892864196785,1.9705548123063312,16.07336493042059,107.66756614115609,47.73464867596568,0,none
Line-A,2026-01-03 13:00:00,65.9312609473445,36.94142019623409,1.221762897182746,17.10422700266183,100.48284830824744,48.754157820748695,0,none
Line-A,2026-01-03 13:05:00,70.08762429213861,42.11627169710493,2.2895334157121736,14.806663074923136,100.6863322101186,51.16666417873814,0,none
Line-A,2026-01-03 13:10:00,70.78941168975825,41.74896778045567,2.5542267749739573,17.010168248875406,107.13085681063664,47.94526835751858,0,none
Line-A,2026-01-03 13:15:00,70.69574727722933,36.75697839232289,1.5867831586938237,17.180089840666486,107.89949822226156,44.74067410495387,0,none
Line-A,2026-01-03 13:20:00,67.96012621096229,39.03610209045585,2.268400573067728,15.158994176289315,109.67811802003166,45.44442827273341,0,none
Line-A,2026-01-03 13:25:00,67.5119074073088,40.34226926200444,2.1576249404168357,16.173432549645227,102.03602428276764,44.93132101986008,0,none
Line-A,2026-01-03 13:30:00,68.99342118564108,41.11785974163129,1.5647814534205151,15.667014133947866,103.9395047230874,47.82694425399253,0,none
Line-A,2026-01-03 13:35:00,67.65925673283773,39.61849777988101,2.0555354590042025,15.7346536712053,104.67708777523951,44.28780053699383,0,none
Line-A,2026-01-03 13:40:00,65.95471855305067,40.38139198857933,1.784976959611278,16.440820469839988,101.07653409471476,43.04310654019296,0,none
Line-A,2026-01-03 13:45:00,65.27495930102134,42.915905815789216,1.426458955629279,18.060970903013192,106.4121740063891,53.24638637517907,0,none
Line-A,2026-01-03 13:50:00,66.22250334577659,42.60647801257958,0.9928411101633786,17.00741490807832,106.5521638716606,44.36796179404497,0,none
Line-A,2026-01-03 13:55:00,66.37618193833754,42.12841900957394,1.952455786162175,15.977592385131755,103.21028933536682,51.19763566671848,0,none
Line-A,2026-01-03 14:00:00,69.26874751836772,43.19463966356256,2.3196369213180046,17.36532123090459,103.22836900634792,45.45871842774324,0,none
Line-A,2026-01-03 14:05:00,69.05423913649584,38.13841631452169,2.3429642541489635,17.2856782895242,106.82534358620524,47.324346802091895,0,none
Line-A,2026-01-03 14:10:00,66.40956760440095,39.92165781216981,1.926333660591673,15.905387218579492,104.91460623770884,46.488253793236105,0,none
Line-A,2026-01-03 14:15:00,66.51326068337804,40.42617851538886,1.941777731621868,16.792672182987015,94.16157691092842,46.35857831472388,0,none
Line-A,2026-01-03 14:20:00,68.82380163194884,39.82789803849712,1.937395581953714,17.411372941182474,110.45696139047372,51.96763226022778,0,none
Line-A,2026-01-03 14:25:00,64.74878073677272,40.94090005355464,2.3409891608188897,17.4277143875732,102.45011199438316,41.89216803354893,0,none
Line-A,2026-01-03 14:30:00,63.85648771837831,38.91788385942475,2.461557416725657,18.913799574415677,97.10069306110648,42.39589525444793,0,none
Line-A,2026-01-03 14:35:00,66.17973506831379,39.45076858973201,1.8460317217267457,16.805421237692055,102.5339435512532,50.16905544342326,0,none
Line-A,2026-01-03 14:40:00,65.22138399179039,36.92266730830151,2.094679061715321,18.359022140821267,95.08464224104202,50.59704065751315,0,none
Line-A,2026-01-03 14:45:00,65.4677381978779,41.932945621365306,1.9240702907259304,17.056268819676202,107.45742988709132,39.80252281588905,0,none
Line-A,2026-01-03 14:50:00,65.99614036284511,43.76945380486856,2.2359657702981504,16.527006389210484,103.47913819217916,48.08583758156003,0,none
Line-A,2026-01-03 14:55:00,67.0933091759835,42.51852259741115,2.161164818861337,15.372958226850493,98.06029635964,46.82720446824623,0,none
Line-A,2026-01-03 15:00:00,64.63640747779444,39.85648347035585,2.502804641356545,16.938379562939716,99.58778300519712,45.81167558794788,0,none
Line-A,2026-01-03 15:05:00,69.12567707701756,38.75638000116302,1.7099026623440146,17.017154564828886,100.30705399293043,45.55977064545943,0,none
Line-A,2026-01-03 15:10:00,63.705631926759,37.0359066093751,1.848349728114,17.07471836097098,103.54205762245108,46.8660338263742,0,none
Line-A,2026-01-03 15:15:00,67.32969973310017,38.06859526692891,2.073572612453305,16.38734235140267,101.73576884976907,41.90722796026173,0,none
Line-A,2026-01-03 15:20:00,64.32544966867843,39.70622432049704,1.5628913791369083,15.948826529479286,101.15472508575547,41.91593889636526,0,none
Line-A,2026-01-03 15:25:00,64.44494206603059,42.88864602094834,2.4426948795844345,15.35981333646437,110.72456862652076,49.215917661338864,0,none
Line-A,2026-01-03 15:30:00,65.59917316977293,43.11192172124614,2.115677662500559,18.05490473682769,105.65556251950888,44.32440094537051,0,none
Line-A,2026-01-03 15:35:00,65.88311872976671,38.42018343281915,1.8349552259549455,16.172388304880396,95.65904308339876,43.58270239939302,0,none
Line-A,2026-01-03 15:40:00,66.06828946274436,40.2188792345773,2.3311119594772904,18.11346290791645,99.87934185664616,43.94624119300186,0,none
Line-A,2026-01-03 15:45:00,64.92346874900258,40.47964495503361,1.9451277101178968,16.152492852074033,98.98328928231754,42.613398140806886,0,none
Line-A,2026-01-03 15:50:00,64.22170619542278,41.15359426664792,2.2095298738549447,16.66274673366584,101.29419636406946,46.7486242746544,0,none
Line-A,2026-01-03 15:55:00,63.52368971577091,41.32980454311355,2.522615295984401,16.703800734296756,98.40808760476756,50.7822447069272,0,none
Line-A,2026-01-03 16:00:00,66.64813555834981,42.15066631686168,1.764333542811756,18.73401647882564,102.47585683328548,45.664482239077,0,none
Line-A,2026-01-03 16:05:00,64.13216360824178,40.80733127025517,2.4758505745204804,18.30339091578453,106.11411961724966,48.69315776498416,0,none
Line-A,2026-01-03 16:10:00,62.95244326093242,43.715863655075424,2.202700645353393,16.95060218126841,98.97828358551382,42.59962309408198,0,none
Line-A,2026-01-03 16:15:00,62.79045417171689,42.23295419146843,2.336097748605007,17.189443097659485,106.76018621206224,43.30099129474701,0,none
Line-A,2026-01-03 16:20:00,64.39418975559092,40.253421422838834,2.6438912071459915,15.63967902992131,104.17725555298976,45.19716372743784,0,none
Line-A,2026-01-03 16:25:00,64.45182196662313,46.22469657663746,1.843915526950189,17.739231302149317,103.26532614697857,43.743040707628126,0,none
Line-A,2026-01-03 16:30:00,63.10454454641512,39.796544752774246,2.2879953040755434,18.225774564927967,106.6487704848598,47.32426519702066,0,none
Line-A,2026-01-03 16:35:00,63.412701907198816,39.662441759255714,2.535269465232526,16.756992366408003,104.28391551063451,44.30712423640347,0,none
Line-A,2026-01-03 16:40:00,65.98730550886773,39.88613688149378,2.3591263621640355,17.233323941273184,102.0217065710113,42.78438961115396,0,none
Line-A,2026-01-03 16:45:00,65.80926272203443,39.40056357417445,2.0244145246586487,17.187098431767716,103.08505734849648,43.72805211680088,0,none
Line-A,2026-01-03 16:50:00,65.21184878859256,44.19138800121801,2.41301393820607,16.36612668554051,104.87898526544711,45.96393057295498,0,none
Line-A,2026-01-03 16:55:00,63.95879542993081,39.93144935561701,2.1830180567501998,16.667322927716416,103.63382386042984,47.48870294330708,0,none
Line-A,2026-01-03 17:00:00,64.37442234325457,44.85924353171456,2.456548322226018,17.528920368920353,102.4096656431876,43.98837775187138,0,none
Line-A,2026-01-03 17:05:00,65.79303989984265,42.58239999204803,2.186936702021706,16.661361784499842,103.64731790778264,48.15908784342277,0,none
Line-A,2026-01-03 17:10:00,63.462471727208914,37.74084695812776,2.096775994112035,19.04511528646078,103.15066552164528,46.497634848945296,0,none
Line-A,2026-01-03 17:15:00,66.167235073546,35.52652514977918,2.4260670124732044,15.332807611615408,96.6308120353764,46.29401804104106,0,none
Line-A,2026-01-03 17:20:00,65.24380123520788,38.10444667460766,2.081979699035228,17.254363833860328,109.45226601168712,44.20550431585531,0,none
Line-A,2026-01-03 17:25:00,64.85378115352997,37.83171375101984,2.3372349671881163,17.22123646205277,103.32616251052296,43.63326269657878,0,none
Line-A,2026-01-03 17:30:00,64.18402410488818,40.71454924377256,2.257851971684393,16.36750497457253,104.06075625163976,46.464448422185846,0,none
Line-A,2026-01-03 17:35:00,66.16073044186982,38.954372906957225,2.1950021336286225,16.763194851077852,103.90437160187965,46.87729193195332,0,none
Line-A,2026-01-03 17:40:00,65.5466705360008,39.43859977577134,2.039607902012956,17.798085067799438,102.73788373508768,43.61585734352943,0,none
Line-A,2026-01-03 17:45:00,65.05530854134402,39.53633170617922,1.764633949733081,17.264946985859808,98.96486875257234,46.14166419437732,0,none
Line-A,2026-01-03 17:50:00,64.58212635152859,41.21504240388694,1.86170087567854,17.542883739092673,114.51679755769104,44.87116504416029,0,none
Line-A,2026-01-03 17:55:00,64.04923303131457,38.83298925471415,2.281741537987606,16.078436509600774,100.68639567874725,45.09145526086556,0,none
Line-A,2026-01-03 18:00:00,62.48582133874668,41.79050315279312,2.1734592532733963,16.553422479044126,107.00880725942422,41.21330439118266,0,none
Line-A,2026-01-03 18:05:00,64.6237698720021,39.70982384215204,1.9722743136961571,17.341540387796986,106.3527801115068,47.43178555567636,0,none
Line-A,2026-01-03 18:10:00,65.06380992930974,39.47160999294622,2.3013377040570964,16.45133491479332,101.05864189558412,45.56728537147308,0,none
Line-A,2026-01-03 18:15:00,63.9136469183301,35.68529425336839,2.357943249356451,17.537384352579423,102.78659722171896,42.393013073031504,0,none
Line-A,2026-01-03 18:20:00,61.4491009249584,43.07730672196012,2.308674238271914,15.897683727230913,100.35800888707844,48.21853546553537,0,none
Line-A,2026-01-03 18:25:00,65.79010515782664,39.64317384237889,2.0054278432244828,16.609298347006963,106.63593422175155,42.08529254807147,0,none
Line-A,2026-01-03 18:30:00,64.4666498110741,39.56504062486427,2.09325177016747,17.309648303353548,104.07628456437853,47.2514005765624,0,none
Line-A,2026-01-03 18:35:00,65.66577257729544,40.67289627264237,2.358496479749698,15.55770946503746,103.7141960822211,49.33106306259928,0,none
Line-B,2026-01-01 00:00:00,61.3579069396362,41.75339688208577,2.818155792672929,16.42519513696922,83.7268563428585,55.715284734494304,0,none
Line-B,2026-01-01 00:05:00,62.026415924753664,40.47549568353393,2.2953216366260656,16.25374332835022,92.63706442404116,52.73311754868885,0,none
Line-B,2026-01-01 00:10:00,62.54915305758905,38.77812289342261,2.6957419298490586,18.034968686913203,86.89115565654153,53.63250854708176,0,none
Line-B,2026-01-01 00:15:00,63.9608364431185,40.96818201979753,2.6871199378365445,16.412142769251062,85.19145065761543,54.09873992146623,0,none
Line-B,2026-01-01 00:20:00,64.16285091787203,39.94637170205226,1.875963367912288,17.06098372597337,92.39666420727252,51.60368153701679,0,none
Line-B,2026-01-01 00:25:00,64.85666196414543,41.73144394891288,2.551894671414166,16.782550912641085,78.92906502085728,55.78519781578289,0,none
Line-B,2026-01-01 00:30:00,63.94235822953512,41.68554543030165,2.6555883105325,17.439033738742843,91.66348653226542,48.721825511550406,0,none
Line-B,2026-01-01 00:35:00,62.560250234719575,40.719591586876575,2.316949988899366,16.387815516263775,81.6069357487093,52.61195531703297,0,none
Line-B,2026-01-01 00:40:00,63.82579287230358,42.09790509154406,2.310101368772049,17.360193283204193,80.07454129664475,55.04068279654685,0,none
Line-B,2026-01-01 00:45:00,65.79094805734066,41.84852560768602,2.86908699171515,15.837558607667765,86.93135511336838,52.20769869141257,0,none
Line-B,2026-01-01 00:50:00,62.13146319295855,41.21777937443523,2.732128853893423,16.532343371802927,87.65036246416597,58.29098499837305,0,none
Line-B,2026-01-01 00:55:00,65.79336506465154,40.6223528442418,2.4203341747693767,18.337135617290578,91.86958592918552,55.88938036392773,0,none
Line-B,2026-01-01 01:00:00,65.11228303446755,42.15274049797496,2.4622137341199046,16.36365394146226,82.76804236412677,50.57672526820439,0,none
Line-B,2026-01-01 01:05:00,61.84336566028243,42.129417985984766,2.342129692558255,17.42460107670676,88.61942751665353,52.05629059124251,0,none
Line-B,2026-01-01 01:10:00,65.51788824157254,41.96411806572611,2.785770224860373,17.425592201264894,90.9657427370276,55.38968445434615,0,none
Line-B,2026-01-01 01:15:00,65.90492527985364,42.07059445113981,2.551426192959079,17.037236541374927,86.13625360562202,54.74809863030736,0,none
Line-B,2026-01-01 01:20:00,63.1609243942881,42.5247515978562,2.920932639172904,15.969254432002534,86.44868405030994,52.84815242734135,0,none
Line-B,2026-01-01 01:25:00,64.91009016759635,40.41082954058151,2.4260615126389404,15.671045940138862,87.84352253561282,50.75041699109722,0,none
Line-B,2026-01-01 01:30:00,59.624277405412805,45.46655108468124,2.737883167551637,16.88433282705478,90.88730933818243,51.96486639619424,0,none
Line-B,2026-01-01 01:35:00,66.16252573024329,39.97909743481699,2.867580059145384,17.850340235047938,85.36228963267928,51.88633218244596,0,none
Line-B,2026-01-01 01:40:00,62.341943809680885,43.023792223286165,2.233831847724238,17.16295524026454,87.444096382946,52.09807055484094,0,none
Line-B,2026-01-01 01:45:00,64.21250421777383,40.42621772089117,2.8397767708969037,17.21107080274329,80.94689087264173,54.16901026528871,0,none
Line-B,2026-01-01 01:50:00,65.89065254957931,38.81614022914845,2.794552755218791,16.58196515871613,84.20610851211867,50.06071719204548,0,none
Line-B,2026-01-01 01:55:00,66.82595946599542,41.01601469991746,3.132846471956268,16.961544355469933,83.91193493959949,61.28544250523785,0,none
Line-B,2026-01-01 02:00:00,65.73972014408906,41.77395571101315,2.58249501318779,17.304570826995207,90.61739917462025,60.26325928405908,0,none
Line-B,2026-01-01 02:05:00,63.99164036638101,40.67368264111594,2.865295063844747,16.965633531689488,85.8412825691051,53.37659086648156,0,none
Line-B,2026-01-01 02:10:00,68.03674360181796,46.353153432653485,3.07477337371523,15.227263319046262,85.37952124461596,57.45913811617182,0,none
Line-B,2026-01-01 02:15:00,67.49092236809896,41.13883427117928,2.9307984546677406,16.38729954732224,87.19715255956552,58.60048414283344,0,none
Line-B,2026-01-01 02:20:00,65.32166933169326,43.65143490434642,2.4382420561799543,16.41957098453978,80.1710292715128,55.88546073332056,0,none
Line-B,2026-01-01 02:25:00,65.75614794485423,38.89887461858419,2.598169888580077,15.794131508463265,81.29391610185812,58.21368056271746,0,none
Line-B,2026-01-01 02:30:00,65.26719725351195,44.37721090674568,2.5173267200606504,17.611279373184665,91.18216478684488,59.58613839221726,0,none
Line-B,2026-01-01 02:35:00,62.65865425682788,41.53793183909165,2.7630104272497613,16.714457802637742,79.86048960901046,58.73912914601395,0,none
Line-B,2026-01-01 02:40:00,67.8044900808584,43.422881618259005,2.659122406037357,16.18734489305285,89.92060828600626,58.20222693859504,0,none
Line-B,2026-01-01 02:45:00,66.51288110981149,43.53860528699676,2.962660728647652,17.062517285079664,87.13014864029748,53.59333674879584,0,none
Line-B,2026-01-01 02:50:00,65.17816723913923,46.07240482420831,2.708785260079363,17.274496197624295,86.85249320351895,56.47685117075397,0,none
Line-B,2026-01-01 02:55:00,66.54534953397997,42.36865105284504,2.7586202723254547,17.19731057820162,90.23046951364528,56.58425467935975,0,none
Line-B,2026-01-01 03:00:00,69.0669965860464,40.837763695196,3.0154027117747675,16.645348391828446,84.0602121219908,57.8317071903249,0,none
Line-B,2026-01-01 03:05:00,66.00083280045583,39.28091651989386,2.4497450706341177,16.52561901675787,92.48083063564364,59.2234035241607,0,none
Line-B,2026-01-01 03:10:00,66.34084986618228,43.61914619651144,2.882866025533877,16.277294513488613,86.6287041050055,59.85486802169713,0,none
Line-B,2026-01-01 03:15:00,66.11935816968389,42.21582881144622,2.8005066976875432,18.031564587895105,92.26919155596909,52.80250284707578,0,none
Line-B,2026-01-01 03:20:00,64.68053146845762,37.721652766430914,2.9136423326673464,18.163569764534085,80.81678048133637,54.56785793183012,0,none
Line-B,2026-01-01 03:25:00,65.65842058274669,42.8589347129022,2.487312243914886,16.57124910595976,89.90399917067919,55.97578403656019,0,none
Line-B,2026-01-01 03:30:00,67.19213989873292,43.59805988921149,2.824065286968275,17.64824133476594,82.8191802217262,54.30486668835163,0,none
Line-B,2026-01-01 03:35:00,64.96921371397116,43.67808148876158,2.0514080496288662,15.998963549429902,82.48581582125544,53.1408235867331,0,none
Line-B,2026-01-01 03:40:00,65.6102535500314,38.412540214203645,2.2716619594013108,16.434228793175112,84.56649960109965,56.51436467257079,0,none
Line-B,2026-01-01 03:45:00,64.80567593170271,40.86651326301436,2.130708860418727,16.682057298104027,83.82237470205247,63.43207914928959,0,none
Line-B,2026-01-01 03:50:00,66.73668335885185,37.44064496525162,2.415729711445614,17.991526184877912,87.09015991558265,52.72625514140835,0,none
Line-B,2026-01-01 03:55:00,67.4104403598451,38.88529695941099,2.5402479577361925,17.019282243442625,92.63631367603465,56.1387574461918,0,none
Line-B,2026-01-01 04:00:00,68.51453450249807,39.48418500104869,2.7084003440847795,17.59813878096192,96.0717622826994,56.8788839372338,0,none
Line-B,2026-01-01 04:05:00,67.92073829476313,40.62309744841683,2.1968011413525024,17.03975830185228,89.80251399193855,60.42994049945469,0,none
Line-B,2026-01-01 04:10:00,68.43483234617493,40.88622193652063,2.677904697596695,16.293644394980284,85.83696676265798,52.016604548968665,0,none
Line-B,2026-01-01 04:15:00,65.21670560264046,42.56640318944683,2.565121145531943,17.27824369159046,86.72588275095552,53.30211095874706,0,none
Line-B,2026-01-01 04:20:00,68.82663132635335,40.32790578479279,2.1770258993889966,17.739013682173706,88.52673078750396,57.30068984178924,0,none
Line-B,2026-01-01 04:25:00,67.15319210612229,46.65878848119421,2.6962330581076284,17.119304033807087,70.4567528209429,61.30486063375104,0,none
Line-B,2026-01-01 04:30:00,68.85196313062961,42.12661312792385,2.566191856981669,15.624470882533478,83.11324348254813,57.95158899054528,0,none
Line-B,2026-01-01 04:35:00,65.38699824139498,40.22009045324533,1.9019227514869628,16.464732040471233,83.02231145805325,64.13375348275117,0,none
Line-B,2026-01-01 04:40:00,68.38136054537671,42.474848661046025,2.2356113440309464,17.98196123453663,85.71929359960214,59.373886940684805,0,none
Line-B,2026-01-01 04:45:00,66.67130761145498,41.71596292411534,2.87959313088479,17.314691026369427,76.95824689590701,59.18378683868656,0,none
Line-B,2026-01-01 04:50:00,67.18142272281922,39.2144661921638,2.4936659876234177,17.54835995478042,80.44151060373606,56.36511829287568,0,none
Line-B,2026-01-01 04:55:00,67.32933488774788,40.4494094408731,2.395775586466612,14.936355428052616,82.87812441344826,58.85210910705419,0,none
Line-B,2026-01-01 05:00:00,67.67754024618617,42.06477842633559,2.280661624129586,17.483409889178443,85.33660312441197,62.55147516714662,0,none
Line-B,2026-01-01 05:05:00,64.48003352982127,43.32710693296317,2.3632262781912474,16.99666358337005,81.76473592970683,56.36952812827233,0,none
Line-B,2026-01-01 05:10:00,67.89291974777007,42.32738471686125,1.9942060154608865,15.874717685966877,82.76089952292809,58.43781741597696,0,none
Line-B,2026-01-01 05:15:00,64.95818906272939,42.64879623989,2.557558367512991,16.96319072851884,85.80893553232914,56.01261659965285,0,none
Line-B,2026-01-01 05:20:00,65.86843210827237,41.94571296596328,2.390687069795924,18.20782434365908,83.26410041192776,60.674951564332765,0,none
Line-B,2026-01-01 05:25:00,68.14577198410838,44.48637119079987,2.4386550838761423,15.60219283384552,88.72657753746059,56.88918303667077,0,none
Line-B,2026-01-01 05:30:00,68.3158681060848,42.47705502030912,2.015851438773219,17.3826146722371,83.41468706029822,58.079395659540346,0,none
Line-B,2026-01-01 05:35:00,69.39546811732203,41.16926238776037,2.6139599493849808,15.839266017546242,83.06432562501564,58.89940219696746,0,none
Line-B,2026-01-01 05:40:00,65.76729192207148,43.41920873457144,2.8204490044485904,17.397587534715043,90.45821677748064,56.90985910460304,0,none
Line-B,2026-01-01 05:45:00,67.78878779350637,41.92614052017458,2.5002621801247025,16.51551303807019,87.30670931814448,56.26284910901791,0,none
Line-B,2026-01-01 05:50:00,68.50189841653881,41.22718513057291,2.840802772879676,16.528817605485724,81.38128808147876,61.850153049048,0,none
Line-B,2026-01-01 05:55:00,67.53073545944807,39.06115887466303,2.876211545865755,17.048299590568813,89.89213709140492,60.93612533325687,0,none
Line-B,2026-01-01 06:00:00,68.7027692957058,43.96337348295468,2.614007398576505,17.688380744590756,81.01797529927998,53.14211047141001,0,none
Line-B,2026-01-01 06:05:00,68.25024310341361,38.47064656600541,2.344057220348707,18.320065748192228,86.52911147271573,53.269259399078486,0,none
Line-B,2026-01-01 06:10:00,66.57823374136173,41.90618444824622,2.4591154931028125,16.45261555234772,82.43280206383719,55.035674528668366,0,none
Line-B,2026-01-01 06:15:00,65.45053016877105,39.38707882465831,2.343537350406149,15.311182909474764,81.08922920482219,58.33834782926044,0,none
Line-B,2026-01-01 06:20:00,66.95064293362066,41.46736607450934,2.6960236215822286,17.475517421613645,86.94786009194772,53.48375868569267,0,none
Line-B,2026-01-01 06:25:00,67.70827900109254,43.62235724193009,2.4310082750428825,15.672646354000223,83.45578998611565,61.16893307532143,0,none
Line-B,2026-01-01 06:30:00,70.49637037130549,38.9160939689329,2.873722390066173,15.789779119012186,81.36229146357113,57.49497662975429,0,none
Line-B,2026-01-01 06:35:00,65.7619933359112,39.37145762224494,2.2762508144629585,15.891615961491771,86.68755367069443,59.45958629416421,0,none
Line-B,2026-01-01 06:40:00,66.60902921523484,42.43220923092724,2.6998532773650443,17.02956722978637,82.35867536169256,59.84251357242508,0,none
Line-B,2026-01-01 06:45:00,68.1199853467463,42.989750758275,2.447378961382427,16.804790419498435,87.60196523560867,60.55409561732682,0,none
Line-B,2026-01-01 06:50:00,65.09900893050985,41.95825357631527,1.9298065998008915,18.231011751709893,91.86490922098396,57.71989356513685,0,none
Line-B,2026-01-01 06:55:00,69.46728601681767,40.3366443827273,2.590674812107027,17.08368350586846,84.1931660158528,54.10749527077687,0,none
Line-B,2026-01-01 07:00:00,67.78354851354315,44.986877692857625,2.518017523898102,16.47095750045949,86.6861427625555,63.59041467633776,0,none
Line-B,2026-01-01 07:05:00,68.16142378831506,41.929391187565344,2.158672631141624,18.387664050274328,77.655752406957,54.29538683034332,0,none
Line-B,2026-01-01 07:10:00,66.32574292878824,40.50205361909788,2.4200192978146022,16.808576263645257,83.2237051125077,55.0213541616764,0,none
Line-B,2026-01-01 07:15:00,66.87108523373617,42.42902671263746,2.4356668030943505,17.20325552473645,83.90522660915494,59.69482057696683,0,none
Line-B,2026-01-01 07:20:00,68.5528962673988,43.92775973749568,1.9670273936643656,16.03625221416927,84.92541449611656,55.38149482638952,0,none
Line-B,2026-01-01 07:25:00,67.88960585492023,45.20737722308647,2.015532513399362,17.123609590443934,82.56770810179184,60.523815595405445,0,none
Line-B,2026-01-01 07:30:00,67.09750752250375,39.13866793352196,2.461132880669394,16.517625858243306,79.24931954290122,56.34660440951264,0,none
Line-B,2026-01-01 07:35:00,68.4184727478649,40.54551962263069,2.9374193330331715,16.955159547892517,86.51105305182668,64.7101962276329,0,none
Line-B,2026-01-01 07:40:00,66.3524056338564,40.98387461038789,2.948515407706518,17.45308560940405,84.70338166065784,60.20577445814124,0,none
Line-B,2026-01-01 07:45:00,67.13283740422919,40.51485637129132,3.472112480636012,15.994275672248316,83.00037557766517,57.96406278234264,0,none
Line-B,2026-01-01 07:50:00,64.39488586505234,43.348703439569576,2.374865172899198,15.883781353679998,78.92884450468709,56.36253212702377,0,none
Line-B,2026-01-01 07:55:00,66.02440978790595,40.75770471377221,2.174520702181986,16.405724056043603,84.47671149650093,55.91390737054899,0,none
Line-B,2026-01-01 08:00:00,66.88350241735964,39.73241469261529,2.1249441464938483,16.19664452937434,90.41192849389932,56.633535248772304,0,none
Line-B,2026-01-01 08:05:00,67.29878640351954,42.14457668885681,2.646700423379772,15.631687785288412,83.6670454940029,57.47819998569388,0,none
Line-B,2026-01-01 08:10:00,64.20207560060102,40.49134686495198,2.4899141008374133,16.438950838611547,80.97896259140308,61.77740382634515,0,none
Line-B,2026-01-01 08:15:00,65.59570942089252,40.44598208648499,2.643265673236684,16.34568167910557,80.25149069315098,60.356054044606346,0,none
Line-B,2026-01-01 08:20:00,62.76708464430089,38.2797431689085,3.2311620806747228,17.601607580972818,80.2740356844635,63.38709891561813,0,none
Line-B,2026-01-01 08:25:00,68.04510883685451,38.94057389302751,2.0540035374477696,16.078703716925713,81.05917512500471,61.73011714319444,0,none
Line-B,2026-01-01 08:30:00,67.4028188017346,39.8610605512256,2.254651206394532,16.26232381685899,83.52015479522436,50.542605794720856,0,none
Line-B,2026-01-01 08:35:00,65.77161795089678,39.00501182269099,2.534272009787814,16.59506202881338,87.66599133972377,60.75443164244104,0,none
Line-B,2026-01-01 08:40:00,65.66517371483123,41.53171266242448,2.339490818125737,17.06081267209723,81.70156901372823,55.74122689967088,0,none
Line-B,2026-01-01 08:45:00,66.66635093461188,40.797576808665774,1.982447874005083,16.014137486027774,88.74413458799694,57.21657584027648,0,none
Line-B,2026-01-01 08:50:00,64.95430534224454,40.81602980681164,2.9003913719577707,16.984497687195056,89.8330473096569,50.82820791024584,0,none
Line-B,2026-01-01 08:55:00,64.91551660636564,40.90393679056325,2.9751437038508044,16.213513633892884,84.86328557692885,57.38340205808682,0,none
Line-B,2026-01-01 09:00:00,65.78568396720232,42.46009920059053,2.7834892219093668,15.446161175719212,88.58173125758077,56.23393771568567,0,none
Line-B,2026-01-01 09:05:00,66.52461328259183,43.01780147160962,2.8337423124111307,15.899835700592298,85.84161510730507,57.79394054424117,0,none
Line-B,2026-01-01 09:10:00,66.67060856628893,40.95105912162697,3.015511803172718,16.631054555990172,82.75466589491813,59.38264121678122,0,none
Line-B,2026-01-01 09:15:00,66.10714685890389,47.12884761377816,2.381737107634235,17.143550580701906,91.04624591686898,56.36510207432987,0,none
Line-B,2026-01-01 09:20:00,66.31841340981137,39.55694264369794,2.732295149886076,17.084732925180347,79.56000821566552,52.130734002721454,0,none
Line-B,2026-01-01 09:25:00,62.95688543528375,40.28370763034052,2.4331170641936497,16.86911419145767,88.62510815604476,62.2573301082931,0,none
Line-B,2026-01-01 09:30:00,64.47017867198781,38.414229092460666,2.6284086097261152,17.654159978942506,92.06053270182232,59.760626771567786,0,none
Line-B,2026-01-01 09:35:00,64.52641298656154,42.5383574549362,2.6302527365091803,17.04753287833708,86.70940569838251,60.590434784012174,0,none
Line-B,2026-01-01 09:40:00,66.70301435898851,38.52454371315148,2.0655732522297257,17.18432510889926,84.60496667639485,55.28428143257725,0,none
Line-B,2026-01-01 09:45:00,68.23861251310595,43.80740390426235,2.9913429412707573,17.432881559276044,86.18316231815098,59.71794207703784,0,none
Line-B,2026-01-01 09:50:00,66.44212676704537,40.83433505853231,2.7354525989260337,16.23479132285401,88.78379156491668,59.46726911834635,0,none
Line-B,2026-01-01 09:55:00,65.05458823399202,46.63640781697635,2.4571027005157755,16.791248329486287,77.81234569014303,56.63229942691603,0,none
Line-B,2026-01-01 10:00:00,63.049229343763706,45.97580898304128,2.4435289856551945,16.91306075275048,81.69694350990085,55.98814471067866,0,none
Line-B,2026-01-01 10:05:00,66.15732190331931,46.62843607740845,2.8524027523907893,17.464002763941423,83.86080107992424,52.16732795613169,0,none
Line-B,2026-01-01 10:10:00,65.02093362762392,41.75735340536604,2.738570906417843,15.38608494671349,85.68719922430122,49.70151978471621,0,none
Line-B,2026-01-01 10:15:00,63.55785383164385,42.58962323547065,2.6741259171744525,15.62466143610036,85.02670631021024,50.88563355174908,0,none
Line-B,2026-01-01 10:20:00,63.17602387556396,40.79742045045554,2.6948015486301045,16.49774990985324,85.27537924802033,56.49374403369114,0,none
Line-B,2026-01-01 10:25:00,61.51212385633976,43.55142112031782,2.4820284712837544,17.953644114657003,80.46115783947019,54.12837351045213,0,none
Line-B,2026-01-01 10:30:00,65.05423870711275,39.43754020494804,3.344552187482693,16.23889672259709,87.08120397639149,45.35060063448623,0,none
Line-B,2026-01-01 10:35:00,66.91337745606982,38.56477055777975,2.5709286461185346,17.283976260759214,88.53618434780094,53.80197390593909,0,none
Line-B,2026-01-01 10:40:00,64.83215964696282,45.05836172409494,2.72801369183269,16.213750598921028,81.77166907465718,50.01118945470137,0,none
Line-B,2026-01-01 10:45:00,65.49862107889193,40.4063685224253,2.656497106121422,17.587418191692684,88.87677072116368,54.66057344789348,0,none
Line-B,2026-01-01 10:50:00,63.488208394900106,39.10604537766725,2.492860283440272,16.753077581953058,90.19008639666764,57.39522845032303,0,none
Line-B,2026-01-01 10:55:00,62.72303821424605,42.08767568060202,2.5462859142208565,16.25653421627354,87.39622121801592,57.62240046546279,0,none
Line-B,2026-01-01 11:00:00,63.32071084624418,44.48049233706402,3.252167570011659,17.381926855601613,89.63158697887182,54.479266510650326,0,none
Line-B,2026-01-01 11:05:00,64.40381319951257,42.64583150345287,3.037838952147262,16.278640228670238,84.09085078695858,53.522384551955376,0,none
Line-B,2026-01-01 11:10:00,64.5962892296865,40.78777332164941,2.724816375378033,16.54461130701119,87.50263239879452,55.58990907630213,0,none
Line-B,2026-01-01 11:15:00,67.03970783598747,43.047551415705165,2.937171981134976,18.61208574434647,85.64359367786889,54.63042091048945,0,none
Line-B,2026-01-01 11:20:00,60.89798390505909,40.96649789982518,3.2051275853487,17.477916663367527,85.44163145660373,56.44829051986831,0,none
Line-B,2026-01-01 11:25:00,62.711967826737,41.69779199113663,2.339992944815375,18.26410291736312,87.14546885015531,53.83996950782575,0,none
Line-B,2026-01-01 11:30:00,62.35946507888436,43.81217892210656,2.765471599425076,18.203453150532944,87.30042310936804,58.80324393164246,0,none
Line-B,2026-01-01 11:35:00,63.96040747367972,39.980854369381056,2.9089321905757672,16.28949717523392,82.81028055915166,51.24198373704436,0,none
Line-B,2026-01-01 11:40:00,60.20957541671604,43.41452296108654,2.1347779405438936,16.597766891001505,88.44370061852733,53.434930386282645,0,none
Line-B,2026-01-01 11:45:00,61.99345563986801,41.23396793731349,2.4655637447708942,18.300660494552965,84.33063321923068,57.39082824158496,0,none
Line-B,2026-01-01 11:50:00,63.98899161901998,42.37652310436829,2.362901986568849,17.034817597720636,88.09343694850396,55.28572085487481,0,none
Line-B,2026-01-01 11:55:00,60.00354776212912,40.89851946642746,2.1394482082277286,16.376070360226603,88.7263832451829,52.2196403670403,0,none
Line-B,2026-01-01 12:00:00,62.62963610275368,41.430557020307496,2.6889089133449517,17.262072089622915,82.67351795614442,50.51851749320676,0,none
Line-B,2026-01-01 12:05:00,62.97498587325781,39.40357846814194,2.2200481774821386,16.9304350003158,87.58554458772774,49.59956531402109,0,none
Line-B,2026-01-01 12:10:00,64.23527191796893,41.528393413408494,2.571703040821481,17.2445245507525,86.44357980611373,56.5951010073258,0,none
Line-B,2026-01-01 12:15:00,61.46969888436311,46.58734310530396,2.491043909280146,16.470862968396954,84.97286706234918,53.88956483226711,0,none
Line-B,2026-01-01 12:20:00,64.7266843628655,39.64981755354909,2.6989602340960483,16.36184781188807,90.20565739218908,53.44005789447767,0,none
Line-B,2026-01-01 12:25:00,62.94297389636581,43.93729023346735,2.054924095694856,17.305412371639065,91.65762061093167,52.84513080067674,0,none
Line-B,2026-01-01 12:30:00,61.27588767715466,43.151695166538666,2.9541656273750823,15.84670038553064,87.01359316567823,52.747243841526085,0,none
Line-B,2026-01-01 12:35:00,63.51561808020404,40.14948739552791,2.4309064824608457,17.950250505391516,86.36303943389436,51.68366349643567,0,none
Line-B,2026-01-01 12:40:00,60.79993860665768,44.83157346980196,2.531802572809433,15.420425983760364,91.0114656253012,45.42306207302161,0,none
Line-B,2026-01-01 12:45:00,60.10102231688163,42.89719926248612,2.237562676726697,16.95480799908215,77.50968854281294,53.047381245816354,0,none
Line-B,2026-01-01 12:50:00,60.85456550511425,38.09108132988159,2.4439418004946183,17.32939801932835,82.02703942854797,53.42541491952189,0,none
Line-B,2026-01-01 12:55:00,62.68238504810464,40.48387969837727,2.3982051856914133,16.70890089224796,83.70941420297447,53.22841618838239,0,none
Line-B,2026-01-01 13:00:00,61.1858300353212,40.81155943954844,2.4186677702908512,17.305601886662867,83.671600849799,57.75529169168024,0,none
Line-B,2026-01-01 13:05:00,61.6296724472321,39.47648041890781,2.4292344636983647,18.30422181430021,89.7397980280771,52.98671570084094,0,none
Line-B,2026-01-01 13:10:00,63.87054240425536,44.97514305640881,2.580917140532748,18.4502582254061,83.73146030289715,51.59118050502419,0,none
Line-B,2026-01-01 13:15:00,60.30875513562467,40.202867591165166,2.218565136583878,16.650796908262407,77.57976346979864,56.76846879284548,0,none
Line-B,2026-01-01 13:20:00,59.51481698970873,40.37917707059817,2.739867924864075,16.19656719663931,86.50533043202996,52.86026204595391,0,none
Line-B,2026-01-01 13:25:00,59.88223105723129,42.22769750781309,2.279291282239805,16.813043243811343,85.89432808427856,55.43838421551681,0,none
Line-B,2026-01-01 13:30:00,62.39836216484228,43.55562083880518,3.03605351276488,15.368915405587003,82.38542890929956,56.589541711052064,0,none
Line-B,2026-01-01 13:35:00,61.84396898794103,38.17164976939516,2.8224019481440523,17.03972073829427,80.85297761042436,50.36473684643231,0,none
Line-B,2026-01-01 13:40:00,61.89335033660259,38.051211226329045,2.245701317779483,17.415501059477943,86.40524463311301,52.459244671268856,0,none
Line-B,2026-01-01 13:45:00,60.74192664743647,43.054410839759576,2.642603890093981,17.31014594100991,89.92675541236595,52.14644405350989,0,none
Line-B,2026-01-01 13:50:00,58.26858220062056,44.83326784660469,2.717636609928045,17.62400408274877,85.40883934593947,52.06663445161987,0,none
Line-B,2026-01-01 13:55:00,59.278973187331,39.60454962149751,2.8968977244268435,16.532213941192786,91.6400914922186,50.86234372057096,0,none
Line-B,2026-01-01 14:00:00,59.34698035719251,46.59502265463836,2.8896248951586108,17.269672358775853,90.40827441182329,54.69904119150246,0,none
Line-B,2026-01-01 14:05:00,60.39030924333058,41.51862767377123,2.6513705885032257,16.067559040638933,88.14743596091093,48.561494157797824,0,none
Line-B,2026-01-01 14:10:00,58.85941770523301,41.64157179534493,2.4218367286442883,16.720742054623624,83.0122581349094,52.01576807461331,0,none
Line-B,2026-01-01 14:15:00,58.62484013466472,40.279146837372025,3.111194902630683,18.130749510092016,89.32857815585857,56.44385801650412,0,none
Line-B,2026-01-01 14:20:00,61.15998023574878,40.52952328386712,2.465854560093699,16.199623595402418,84.31201289692038,50.49000918752159,0,none
Line-B,2026-01-01 14:25:00,59.36579290347387,40.38687507357629,2.5034126856545305,16.677904358586787,75.13700178658435,52.03994091462231,0,none
Line-B,2026-01-01 14:30:00,61.37212228803264,41.63655461813877,2.7725271268601315,17.027839145614976,86.05940857547338,46.46736375110223,0,none
Line-B,2026-01-01 14:35:00,59.45078251291162,39.57574741686726,2.8009434045660564,18.04395446282057,81.03488499518274,55.60199815366546,0,none
Line-B,2026-01-01 14:40:00,59.28972299384169,41.46540501694124,2.9698143595361435,16.745097230101763,84.48421166289165,52.61534080980324,0,none
Line-B,2026-01-01 14:45:00,58.778457382135926,44.592899730462086,2.272278179438149,16.649467822541382,89.65903313795502,43.747116785353626,0,none
Line-B,2026-01-01 14:50:00,59.38544274652703,41.446301992122166,2.456100624758404,17.413353862471254,82.11069072863685,51.46148206251735,0,none
Line-B,2026-01-01 14:55:00,60.39406983892131,42.74913955869802,2.8166217058381857,16.26702443807905,91.10244899636112,52.75033866956301,1,drift
Line-B,2026-01-01 15:00:00,57.96676179597654,39.85722975276011,2.549969921931855,15.49252886004421,91.6213945928817,46.87804900026791,1,drift
Line-B,2026-01-01 15:05:00,57.26587685072781,42.74933451006786,2.329147846288381,17.901144224697845,84.80739239973384,51.40266107035933,1,drift
Line-B,2026-01-01 15:10:00,59.87472899959494,40.29651878590524,2.5048262739851284,16.016982369051927,89.9094446289843,48.476067956535736,1,drift
Line-B,2026-01-01 15:15:00,55.06947803887241,41.26731768159967,2.6061223998697214,17.06723224943455,85.32155120422992,47.28681001096973,1,drift
Line-B,2026-01-01 15:20:00,58.036002293106016,42.45174799214886,2.6476487157776134,18.068024898059864,82.63604641173063,49.50399674131396,1,drift
Line-B,2026-01-01 15:25:00,59.8018563121837,41.38963839261184,2.28286784726509,16.30582395120553,88.73619917882431,55.61991820555783,1,drift
Line-B,2026-01-01 15:30:00,59.42653853198743,41.04298270986864,2.7476781657782654,18.59453606976113,81.07069303580164,56.66736450070744,1,drift
Line-B,2026-01-01 15:35:00,57.71051129197931,38.21046194632144,3.066937570323941,17.592431555828014,85.66814712401691,50.77028361803976,1,drift
Line-B,2026-01-01 15:40:00,58.59511195906786,38.43511825862984,2.711560562126241,16.28230200606628,84.76796182947199,44.04230597395147,1,drift
Line-B,2026-01-01 15:45:00,57.585204211507815,40.768305784539095,3.0678583277202343,17.669918500598087,88.13851028866696,50.88291565124237,1,drift
Line-B,2026-01-01 15:50:00,57.50228962726805,42.561763391349885,3.19621134911897,16.296347980012875,89.89919267507757,46.25827179697011,1,drift
Line-B,2026-01-01 15:55:00,57.39224990742637,41.77933226456348,2.6896926599739124,16.555863729594872,85.38985529779134,50.25168398314094,1,drift
Line-B,2026-01-01 16:00:00,57.07442310171102,45.002432142206,2.688181834933088,17.02517548589275,86.75956414315323,46.43676486340664,1,drift
Line-B,2026-01-01 16:05:00,56.45223113080322,41.30064665517245,2.3571106199160274,17.507277273937895,92.2341221721452,50.322258622478834,1,drift
Line-B,2026-01-01 16:10:00,60.59786295330432,42.62902982730474,2.696393951159564,15.90943476044332,89.32041423535598,51.46206527045155,1,drift
Line-B,2026-01-01 16:15:00,57.525533313860834,39.43953701232808,2.7436946658602603,17.19365203774822,96.72371354149962,47.84018281768024,1,drift
Line-B,2026-01-01 16:20:00,59.64727447868248,40.21419644271007,2.7965656756489863,18.57424655996757,91.4107865506686,50.50185985031608,1,drift
Line-B,2026-01-01 16:25:00,60.67442468785851,41.35919983165316,2.23266508848668,17.31971395440751,92.78362966969252,51.4745400850862,1,drift
Line-B,2026-01-01 16:30:00,59.16298524651236,43.0077092521898,2.88613698416162,17.664253278231723,88.77213858693953,51.83326612903637,1,drift
Line-B,2026-01-01 16:35:00,60.247255056172726,39.32426582982813,2.7508297139085367,14.954754093466825,90.30021067594748,52.02309297629378,1,drift
Line-B,2026-01-01 16:40:00,56.23877629786959,42.83141078490959,2.543836562094459,16.665767805328173,87.72147392053643,51.423292010353066,1,drift
Line-B,2026-01-01 16:45:00,57.256350619935226,41.43207477852869,2.6836270574378687,17.067460946936162,93.12154375794324,50.30902976260637,1,drift
Line-B,2026-01-01 16:50:00,58.22112214695471,38.502684229017845,2.531889528408498,15.880801208445604,93.1697900397392,49.87219841391173,1,drift
Line-B,2026-01-01 16:55:00,55.45079791408435,40.888405529407386,2.7338073485827223,16.113200769142324,101.80410175340138,47.525085356688415,1,drift
Line-B,2026-01-01 17:00:00,56.52396378167267,40.075519536684354,2.732238359509959,16.52793013624379,99.73555340086487,49.66640580672451,1,drift
Line-B,2026-01-01 17:05:00,55.7297890382528,40.44046059312909,2.769225405231393,16.532415452904665,89.74102136761577,42.63171650719459,1,drift
Line-B,2026-01-01 17:10:00,57.51947075235368,39.467190982094586,2.778605318121466,16.286853917874417,93.01488613730508,48.6430975533767,1,drift
Line-B,2026-01-01 17:15:00,58.616595446332326,40.832809326904936,2.8018145503764824,15.441247687956986,92.96798360770624,49.54404343237477,1,drift
Line-B,2026-01-01 17:20:00,56.06834773227573,35.753385099039654,2.6554047174655118,17.428699449378602,99.73426893217083,50.6834702328922,1,drift
Line-B,2026-01-01 17:25:00,58.14323698183989,41.44960788481493,2.274828368785351,18.630014505573502,95.4500437575423,49.41075794300794,1,drift
Line-B,2026-01-01 17:30:00,57.048608994166656,45.298243382075945,2.497576329526574,16.889641642564538,102.3645858254859,48.39774720183848,1,drift
Line-B,2026-01-01 17:35:00,57.02767712264984,40.54052827581654,2.5663486691532933,18.319006005252955,96.57524219340172,52.433961350263296,1,drift
Line-B,2026-01-01 17:40:00,55.72724319735521,41.00437046479309,2.7036786356927216,17.133811143850945,96.92617655284248,51.7093969583006,1,drift
Line-B,2026-01-01 17:45:00,57.23197518554751,40.25337556909613,2.092933283697445,15.627709162684749,100.88455138680862,55.11216350077496,1,drift
Line-B,2026-01-01 17:50:00,58.07720629967491,38.78433751413691,2.778744985046817,17.784894901491132,98.61260777098764,46.299913315007394,1,drift
Line-B,2026-01-01 17:55:00,55.47079019484385,41.26398485873687,2.580273471010662,15.525965781712822,100.89791546992522,52.49954256460551,1,drift
Line-B,2026-01-01 18:00:00,59.68479655261339,40.918904578991416,2.3285774172594382,15.823384393293056,99.09801072803562,52.91855243989854,1,drift
Line-B,2026-01-01 18:05:00,54.78907318024057,40.71313757989362,2.5485970638223825,17.315894168883798,94.58724026878032,53.853547153451366,1,drift
Line-B,2026-01-01 18:10:00,57.85672850172049,40.38375606542302,2.4299511536292187,16.210702720642807,99.82716875550926,53.41183939208241,1,drift
Line-B,2026-01-01 18:15:00,54.89703453564248,41.796465391337534,2.603502823854809,16.931909179299957,98.20181846670454,46.02691970513044,1,drift
Line-B,2026-01-01 18:20:00,58.37742235902599,42.76149128274533,2.9519689374732176,17.028445429520648,95.01081110399336,48.4100975788925,1,drift
Line-B,2026-01-01 18:25:00,55.11410619477029,43.82523680287144,2.5934292936741787,16.530248889906613,107.41081742472228,48.32350223686896,1,drift
Line-B,2026-01-01 18:30:00,59.45887085749391,41.66140524728256,2.3218871026799874,16.760188680047058,104.66179208179204,50.02466845374916,1,drift
Line-B,2026-01-01 18:35:00,54.67092614834104,39.84513638687625,2.6112139846991265,16.982352639580107,103.28064240405568,41.46438189649383,1,drift
Line-B,2026-01-01 18:40:00,56.47524396758842,44.30425496036577,2.411418405658577,16.440488375972,103.50499147302216,51.39837356901239,1,drift
Line-B,2026-01-01 18:45:00,58.70259670836225,43.90200472860264,3.050638517480225,17.081425254125215,102.14849543119728,48.97506535382536,1,drift
Line-B,2026-01-01 18:50:00,58.32046974670829,41.33403829374062,3.297570037923818,17.252920351777675,106.52963869368251,46.13647190148935,1,drift
Line-B,2026-01-01 18:55:00,57.30000573757601,40.585024721178335,3.083018824589144,17.24030040121972,104.1796701521591,48.95801671424191,1,drift
Line-B,2026-01-01 19:00:00,56.55316869922241,36.54869576732692,2.87634227549058,16.936004805524593,102.50675015891365,49.70511806708714,1,drift
Line-B,2026-01-01 19:05:00,59.69744664730519,37.93377848218813,3.022159492247982,18.031532183157715,105.83484414864635,46.18964398788923,1,drift
Line-B,2026-01-01 19:10:00,59.00941124209018,42.63817435350488,2.314022604496281,17.354356849888564,107.654652785989,55.93686995687399,1,drift
Line-B,2026-01-01 19:15:00,60.40167320000003,35.86173832860389,2.8364084293719167,16.687089297312426,112.76069384925324,51.42635831848735,1,drift
Line-B,2026-01-01 19:20:00,55.43419846865435,43.57770525537218,2.5629108539228738,17.543778524729067,96.27272036757611,49.39434360364705,1,drift
Line-B,2026-01-01 19:25:00,58.572534673171816,43.95015646610126,2.1656334723584605,16.803054004586194,110.80259499815172,47.80237232870633,1,drift
Line-B,2026-01-01 19:30:00,56.923844053627406,44.71627871452587,2.3987516089403,16.228321130927576,107.61037113355007,45.20230421783752,1,drift
Line-B,2026-01-01 19:35:00,58.89156068785105,42.4791112224339,2.8436416741546773,16.86882996473768,113.98743712443888,49.12805846659133,1,drift
Line-B,2026-01-01 19:40:00,57.60851657707143,38.71075233875301,3.043172576808268,14.83826787301303,106.11496496356314,52.89217090877715,1,drift
Line-B,2026-01-01 19:45:00,57.96212829300119,44.9309083003666,3.014456006828026,16.250631369940397,107.77988774689622,48.34454698034176,1,drift
Line-B,2026-01-01 19:50:00,58.25626182738737,42.31106966069657,2.4455891168246517,15.28785262612626,82.91120974962428,49.23983493065526,0,none
Line-B,2026-01-01 19:55:00,56.794393670759526,45.24807773860675,2.5274602378575706,16.46946340428148,86.28085722094431,55.62879472880489,0,none
Line-B,2026-01-01 20:00:00,58.280460126675415,44.04581324472066,2.962833924472834,16.46140943999091,84.75599571915467,46.39742519769641,0,none
Line-B,2026-01-01 20:05:00,57.8628613807501,38.442547736980174,3.115165795005305,17.00309748622241,84.32595092536799,47.37474005582061,0,none
Line-B,2026-01-01 20:10:00,59.4454540177222,39.74898026586533,2.3453710677466475,16.419445980893173,88.76946615927409,52.20021001396121,0,none
Line-B,2026-01-01 20:15:00,59.17965908073133,43.11836265960476,2.100123049039502,19.07537392502445,89.0688319557805,52.95206838921755,0,none
Line-B,2026-01-01 20:20:00,58.13007920552773,39.52098836879023,2.106211901699264,16.034106224288564,84.51538971233161,48.03552499830472,0,none
Line-B,2026-01-01 20:25:00,57.30021076930124,39.79384760233166,2.7142474970230945,17.50442930289379,85.73552165311581,53.68784577044385,0,none
Line-B,2026-01-01 20:30:00,58.64495621599952,45.79816479638666,3.5664776387279717,18.197376797822717,87.18641778446022,53.32837651453306,0,none
Line-B,2026-01-01 20:35:00,59.61918394170084,39.87638150494397,2.9591117786211014,17.214342717202054,84.511808137651,51.82151858013622,0,none
Line-B,2026-01-01 20:40:00,59.86728988352888,41.1151341237932,2.563218547707693,17.499320024294896,85.37839562542727,53.09388918145181,0,none
Line-B,2026-01-01 20:45:00,57.2429592114468,45.46775607707539,2.9179692869335625,13.981693410163436,86.90597945483803,50.49818214565196,0,none
Line-B,2026-01-01 20:50:00,61.00414931503171,39.03748986536007,2.1576348195774844,17.757658034520603,82.62887987335937,46.87439442094289,0,none
Line-B,2026-01-01 20:55:00,59.82134869751391,42.20135558947017,2.477797778982469,18.11820503874539,85.07511781898422,50.75087815169509,0,none
Line-B,2026-01-01 21:00:00,58.92074936547593,39.65478907356346,2.363508814699149,16.98686955657929,86.22349461191496,52.52133986133578,0,none
Line-B,2026-01-01 21:05:00,60.44480671984924,44.16588123393426,2.782104352095948,17.297249811709015,90.4199780049196,55.95422302153878,0,none
Line-B,2026-01-01 21:10:00,60.9269406369833,42.31379205850153,3.1916378353264565,17.090890008103557,91.136538378446,50.80145954875776,0,none
Line-B,2026-01-01 21:15:00,57.65807139121392,41.19562018536223,2.910934272898199,16.615342716362896,83.80958809923621,49.26099478071516,0,none
Line-B,2026-01-01 21:20:00,57.960966120015904,41.77580796356959,2.8113753448075265,18.31488530713919,82.77630230694102,54.63394013428056,0,none
Line-B,2026-01-01 21:25:00,61.12969336404043,44.82271845810138,2.649480377716212,16.193804146094784,87.77520601575871,49.62731821877176,0,none
Line-B,2026-01-01 21:30:00,58.34184661419639,40.02666544944892,2.353762973565133,18.546402685415288,76.87291376910011,55.62239834606756,0,none
Line-B,2026-01-01 21:35:00,61.08687234487091,41.65543656074244,2.95759784531397,16.16267564445103,77.32191346999828,48.74439334295592,0,none
Line-B,2026-01-01 21:40:00,57.24241193157949,36.47427903310072,2.350249603238705,15.300528019025744,84.37501815041169,49.76409027031061,0,none
Line-B,2026-01-01 21:45:00,59.49533723503824,43.61419349011483,2.3184603318167367,16.924942238792354,84.84894644363071,51.20213755726997,0,none
Line-B,2026-01-01 21:50:00,59.582781058366905,39.69116818007448,2.832861338626386,18.328983995240847,81.98256402732011,46.41058115698436,0,none
Line-B,2026-01-01 21:55:00,60.96637436837451,40.87802776303006,2.581994029163943,16.91408152559941,84.82443087819655,54.11502158004973,0,none
Line-B,2026-01-01 22:00:00,59.08817797721501,41.41450119687001,2.087124937511564,15.642291810578564,88.87707561467016,51.44473135084792,0,none
Line-B,2026-01-01 22:05:00,59.98737084803693,40.62138307299133,2.5665613483678578,17.455741281515564,85.57887675423201,50.9270470480452,0,none
Line-B,2026-01-01 22:10:00,59.20634278186703,42.653790683261526,2.3713264389306863,17.748917474810238,85.67373301455699,50.74981863300909,0,none
Line-B,2026-01-01 22:15:00,57.97806295207637,36.316748697568,2.280246615317825,15.902790444910268,90.33125473910404,55.48545444277212,0,none
Line-B,2026-01-01 22:20:00,60.25301112363832,39.482999108372,2.5209275033417984,16.811109466967622,80.2763066409055,54.51205630713843,0,none
Line-B,2026-01-01 22:25:00,61.70801221153108,44.43696860757856,2.9336057696736866,16.736778642033805,88.29831059414585,52.03805597140842,0,none
Line-B,2026-01-01 22:30:00,62.19495794169417,40.97834420884651,2.097285318349873,16.36476420916473,80.41353079490045,48.67447071284504,0,none
Line-B,2026-01-01 22:35:00,60.53887315318779,42.40232617785076,2.6446583972799167,18.399649457392083,91.66132950833985,51.288552913316806,0,none
Line-B,2026-01-01 22:40:00,58.60554555686272,41.29875777089799,3.088079469297674,17.217172890060347,82.96405111417876,48.75864462921364,0,none
Line-B,2026-01-01 22:45:00,62.56352077658531,44.481905010735495,2.6957080124791384,16.59436361431782,85.87039156826545,47.69260540959581,0,none
Line-B,2026-01-01 22:50:00,61.09414469194379,40.82353953425497,2.616467202573331,16.4294717757159,81.22437521244584,51.331345345408906,0,none
Line-B,2026-01-01 22:55:00,61.714098269755816,41.04672330277735,2.078498887324184,18.54817894712016,87.81130411692172,54.92488015667207,0,none
Line-B,2026-01-01 23:00:00,63.29343058283702,42.19094662973768,2.2458848715901345,16.361115299134962,81.15206812764187,53.40655613069695,0,none
Line-B,2026-01-01 23:05:00,63.022770643842286,46.58957956385788,3.056438345501717,15.026940531751592,88.59984634215769,52.78605208926609,0,none
Line-B,2026-01-01 23:10:00,62.33756176430091,38.52509673510354,2.5866317799141445,17.984321398749707,90.50026095536624,51.72983278555186,0,none
Line-B,2026-01-01 23:15:00,61.72016060877519,40.61390899756636,2.150309835416845,17.580124700553306,82.21803984363768,54.02249666151515,0,none
Line-B,2026-01-01 23:20:00,62.84720241054509,38.1870295791,2.341887303446424,17.319764752938756,80.3558457248301,55.01621656046128,0,none
Line-B,2026-01-01 23:25:00,61.44890861436048,42.71850049517359,3.127955334993208,17.610627930859366,77.39473725879974,55.353430076596176,0,none
Line-B,2026-01-01 23:30:00,60.529577306569074,39.87989548568766,2.588353032632715,16.70077745085513,81.02884274104967,55.40146952067753,0,none
Line-B,2026-01-01 23:35:00,63.03424512942016,41.01090551209117,2.822660389539562,16.97763523361655,92.18312718007672,54.3596725991868,0,none
Line-B,2026-01-01 23:40:00,63.53212297036789,40.374789934839946,2.3741822528596104,16.712148138360988,84.09605726529144,51.05670827327198,0,none
Line-B,2026-01-01 23:45:00,60.379360288602,38.10820356888852,3.063090085863882,17.844195548822526,90.57543841575428,57.44905818077013,0,none
Line-B,2026-01-01 23:50:00,59.02376877950833,44.26277774877206,3.221227847612938,16.957470778519582,82.80838159372746,55.86248050875607,0,none
Line-B,2026-01-01 23:55:00,65.23228039079311,40.57130725812849,2.486344550604988,16.818943436754488,84.44326500605744,52.18960149809134,0,none
Line-B,2026-01-02 00:00:00,60.82132729500007,41.97451580547026,2.7192966104847835,16.710799148257305,80.58336849817407,56.83892687738671,0,none
Line-B,2026-01-02 00:05:00,60.45711571191,46.06654025939495,2.667053720801533,15.828001649856338,79.41954983274451,53.77202894929136,0,none
Line-B,2026-01-02 00:10:00,61.48214544087242,40.83974692703248,2.8342507586595653,17.5617189554193,82.23965697936346,58.0411203864754,0,none
Line-B,2026-01-02 00:15:00,63.25133615818304,42.97472273777888,2.6305113471674337,17.928255127042583,87.26543303548497,53.46712212848738,0,none
Line-B,2026-01-02 00:20:00,61.091380345959216,41.74629755025708,2.1722244996789573,16.063175246078885,78.85244005518604,48.38635398521688,0,none
Line-B,2026-01-02 00:25:00,63.64196577004423,36.98611043729954,2.7900885989701214,16.254291742008242,78.0262201710703,55.9972995048977,0,none
Line-B,2026-01-02 00:30:00,62.792864863833465,43.47947615696461,2.560378361868015,17.31245948651613,89.16982754074195,51.55713114518568,0,none
Line-B,2026-01-02 00:35:00,62.09003564077752,39.41654478849496,2.668807453194291,16.20869617420416,86.76718781570155,53.89070822390303,0,none
Line-B,2026-01-02 00:40:00,63.12500778182838,39.99380214393781,2.3269584753050423,16.089809417648258,82.96432308467197,54.90688295806052,0,none
Line-B,2026-01-02 00:45:00,64.50127409961078,41.19489717551021,3.0048251487116384,18.052763055602934,83.4341057013036,60.86050394634475,0,none
Line-B,2026-01-02 00:50:00,65.35642697010438,39.3875429375706,2.3857103668885333,15.693833223932453,83.99642049307944,55.64370270061458,0,none
Line-B,2026-01-02 00:55:00,62.60055769293308,43.73322757457529,2.06116055158194,16.988083713947432,89.58800894581745,54.25916917646449,0,none
Line-B,2026-01-02 01:00:00,62.80193409180754,39.92955146878524,2.681003964059588,17.12845303947924,87.20253306701282,54.50892039192297,0,none
Line-B,2026-01-02 01:05:00,61.777718250495234,38.75055447111332,1.9268065287877765,16.31532396054974,83.67765948397705,56.51492634176454,0,none
Line-B,2026-01-02 01:10:00,62.271803670809,39.63492702125977,3.115170517984385,17.66767901055824,92.91233900115655,53.918579751938864,0,none
Line-B,2026-01-02 01:15:00,64.1880423827591,40.46323742879151,2.665643194152997,15.880565958000432,88.46242103902071,54.36633389788291,0,none
Line-B,2026-01-02 01:20:00,64.13376131448247,41.017130962075285,2.653820047448183,16.007031023935564,84.67049441705694,52.34539802981036,0,none
Line-B,2026-01-02 01:25:00,62.332729393676,41.04233183948976,2.660570527844094,16.916551597111642,93.93241802463255,56.93088128177339,0,none
Line-B,2026-01-02 01:30:00,63.94528400450933,39.98755944811637,2.7169109085183685,18.112512473898207,85.3715596354241,55.93876602897605,0,none
Line-B,2026-01-02 01:35:00,65.8595970114075,40.06618622016031,3.03902255574716,17.006934146852128,84.41193300135832,58.37986039494634,0,none
Line-B,2026-01-02 01:40:00,64.12295076657952,45.37628878620532,2.494945849590094,18.434975804577675,92.57145691843864,61.83399046026501,0,none
Line-B,2026-01-02 01:45:00,67.12079199289082,38.92216669878538,2.9832627059856325,17.05858739119997,90.18466322824894,58.20549561805719,0,none
Line-B,2026-01-02 01:50:00,66.40625362964582,41.718382936403,3.025489380413283,17.34626976871219,84.91270133589795,59.50720369250915,0,none
Line-B,2026-01-02 01:55:00,65.00821747516142,43.34024817301254,2.6732816122838843,18.496273047610103,83.09821111079597,55.61936820465051,0,none
Line-B,2026-01-02 02:00:00,67.8505490179039,42.835200165455554,3.1813063941971382,16.9064728701299,87.42839534537562,52.314480444856045,0,none
Line-B,2026-01-02 02:05:00,66.59127736279797,42.43210080817738,2.5830438656779915,17.09888616942023,84.40200614332352,54.30164627208582,0,none
Line-B,2026-01-02 02:10:00,65.17504467547423,40.90844854791459,2.390561975049055,16.571585233014133,88.04582036895107,58.90551609876268,0,none
Line-B,2026-01-02 02:15:00,65.32737002943215,39.520827676651855,2.919153755772242,17.917233029330536,87.77142006835733,60.667559167177245,0,none
Line-B,2026-01-02 02:20:00,65.21519427772762,41.55372117766454,1.9366789952361976,17.688734772535287,82.24473605228619,57.20643497401961,0,none
Line-B,2026-01-02 02:25:00,63.67696714294792,39.81783377849353,2.398857445699027,16.447968310724868,81.14856903028414,56.6889810449892,0,none
Line-B,2026-01-02 02:30:00,66.50733834201947,38.39112268628027,2.261746898001856,17.064225058172003,89.1990596524553,55.16152915042387,0,none
Line-B,2026-01-02 02:35:00,65.25860203360355,42.64010869154804,1.8239625528436272,18.06633635627789,87.28527488770656,59.619869018305984,0,none
Line-B,2026-01-02 02:40:00,65.11025035824584,41.22759453670556,2.6072399612236183,16.025615420350256,79.24995757931255,55.818644533837606,0,none
Line-B,2026-01-02 02:45:00,66.13574039042092,40.829861619241214,2.627973410521317,15.8952219057667,82.34182478377596,56.14486554659766,0,none
Line-B,2026-01-02 02:50:00,69.84547303037891,42.25322918655228,2.984964897122856,16.480039256902852,86.60001873772754,57.622747217776656,0,none
Line-B,2026-01-02 02:55:00,67.3948605151314,40.37468599515822,2.631593128435432,17.77734222192792,85.31678153877046,56.91117838171581,0,none
Line-B,2026-01-02 03:00:00,65.51288740057926,43.00915294699418,2.573056796304225,16.468093191497537,77.41366797925127,55.51913542714308,0,none
Line-B,2026-01-02 03:05:00,67.77838191128468,40.44682384383359,2.690867559286745,16.48165122502964,80.37658456902138,52.46202829182765,0,none
Line-B,2026-01-02 03:10:00,63.93933817077832,39.60003818130759,2.7443705813938,17.845013556279767,76.59471340367232,53.8725279899494,0,none
Line-B,2026-01-02 03:15:00,66.53173506242587,43.7705163330217,2.989143133256201,16.322762064441793,87.40647803531408,53.68159821976419,0,none
Line-B,2026-01-02 03:20:00,64.57344225531308,40.60437412563884,2.496596225315232,17.98059207911423,84.3245840767666,59.92880923714816,0,none
Line-B,2026-01-02 03:25:00,68.28541140509198,41.48585363057215,2.435629670322993,18.03109239131295,89.55916513550204,57.87912699281197,0,none
Line-B,2026-01-02 03:30:00,65.66642391578854,42.27795657484258,2.439394910387026,18.1363942862358,90.46945217646535,52.084535779871885,0,none
Line-B,2026-01-02 03:35:00,66.86718931557532,40.708104253180935,2.855983764325283,17.422688720756124,88.4780452144929,56.19379049846508,0,none
Line-B,2026-01-02 03:40:00,67.72852953406264,40.944253507698825,2.2446756750167967,17.923165660318148,82.23185242127073,59.17945938460415,0,none
Line-B,2026-01-02 03:45:00,67.2330195632401,45.27350289703858,2.9669964344088133,16.752120381079802,81.50700523229527,55.04343234414059,0,none
Line-B,2026-01-02 03:50:00,67.8871015103541,40.34135741677662,2.911267865860744,17.187140421929683,90.2949487604354,54.98897303261568,0,none
Line-B,2026-01-02 03:55:00,64.8389834855625,44.00862378398965,2.735304763779965,17.51278069571169,87.56141414163831,53.170985393416,0,none
Line-B,2026-01-02 04:00:00,70.76843666875236,41.256910373869,2.6651891765800544,16.526037837822443,88.05175980829699,60.144744477579486,0,none
Line-B,2026-01-02 04:05:00,66.20408115181989,43.266898673232255,2.756889456411248,17.10276634602988,86.42440039213639,63.8271453323028,0,none
Line-B,2026-01-02 04:10:00,67.66086140102315,42.3105833574651,2.617422453741431,17.339208694217085,82.94580696752139,56.7755059225865,0,none
Line-B,2026-01-02 04:15:00,68.11369531918993,42.18528194004548,2.980288658606656,17.655124484862768,80.30580374261956,55.54265168690101,0,none
Line-B,2026-01-02 04:20:00,66.42002902716025,41.868592597711896,2.699471555100408,17.668504948399324,82.25325022893601,55.16947390448683,0,none
Line-B,2026-01-02 04:25:00,65.89839644631567,40.42156946315967,2.245300591908633,17.53690368887258,88.94096290418042,56.36424150104845,0,none
Line-B,2026-01-02 04:30:00,64.69875655247408,39.20661355672869,3.072874270393954,16.63590987759875,82.83741960773055,54.34660451319591,0,none
Line-B,2026-01-02 04:35:00,65.97457221570667,39.95819797060241,2.6635409142027178,15.431858358591915,89.6850316814151,56.94803914288754,0,none
Line-B,2026-01-02 04:40:00,66.59908108865213,43.27302152291076,2.699199800238378,17.051784840272944,80.17596884399511,56.57724963409922,0,none
Line-B,2026-01-02 04:45:00,67.31453066297689,41.27061225321439,2.8852463602601945,14.992688373785644,83.6706784708104,58.13610204500888,0,none
Line-B,2026-01-02 04:50:00,67.56057575655882,41.16813258014268,2.2990168221608536,17.59079196048306,90.62194491764356,59.829726134558136,0,none
Line-B,2026-01-02 04:55:00,66.92836316969895,41.72319786554905,2.610530822764324,18.776141842686872,86.53348308639039,61.65470806863908,0,none
Line-B,2026-01-02 05:00:00,65.59077699503777,38.72738776728692,2.6119564893683918,16.716832565124903,91.97108675087406,59.51436210618368,0,none
Line-B,2026-01-02 05:05:00,65.27115538095893,40.10523867352334,2.312498070774634,15.162476788547826,92.89437732781508,56.831634378216016,0,none
Line-B,2026-01-02 05:10:00,68.15078165765635,39.99734724276047,2.5152031324700674,15.458076446121778,81.90739274388986,60.56959330539487,0,none
Line-B,2026-01-02 05:15:00,70.33207356439772,44.27722455396304,2.821626143591478,16.490109650293988,90.17326069920698,57.7391636897463,0,none
Line-B,2026-01-02 05:20:00,67.0685613511975,40.65713093844498,2.799563264918275,16.34202502317612,89.18039173547977,53.63357810298558,0,none
Line-B,2026-01-02 05:25:00,68.14384579672199,42.959052096969565,2.198388708317802,16.29494379668754,89.24194369476899,52.85973044643613,0,none
Line-B,2026-01-02 05:30:00,64.08413292164308,38.13042031626594,3.064841759568275,16.995845084629547,85.52552028699107,58.09259609111741,0,none
Line-B,2026-01-02 05:35:00,69.95071341543091,40.08534657748143,2.218804887852515,16.4753960824893,90.06241522216624,57.16776445112705,0,none
Line-B,2026-01-02 05:40:00,68.41625887844745,42.164177421693154,2.8139593070707662,17.754404906715127,84.56135719319572,56.44477479625272,0,none
Line-B,2026-01-02 05:45:00,68.95872905618472,42.30658417042206,2.8338019543261384,17.02500207447025,88.09732197150115,61.41060678894522,0,none
Line-B,2026-01-02 05:50:00,68.00040822989673,38.96616484143452,2.3550490255993064,17.108080770192004,88.37853189930814,58.29448918860415,0,none
Line-B,2026-01-02 05:55:00,67.70503415390819,40.59281381625139,2.3080246334485777,17.31049159957517,80.98972792818084,56.51966635520514,0,none
Line-B,2026-01-02 06:00:00,69.67565090930349,39.8453437639626,2.8260339927628166,17.0200139465788,79.65216542736485,60.29782308876516,0,none
Line-B,2026-01-02 06:05:00,67.55557527970501,42.723264693428064,2.792292591854542,18.61956714778723,86.71360571940025,59.79430032643812,0,none
Line-B,2026-01-02 06:10:00,67.62620325459804,42.60076563264031,2.172454824431189,16.09928976211661,80.99937000436233,57.67878068135418,0,none
Line-B,2026-01-02 06:15:00,69.84000022389758,41.97635408743344,2.7010956998420883,16.37754343120658,81.2688428877392,54.27411908933157,0,none
Line-B,2026-01-02 06:20:00,68.06912636209138,40.26408278703196,2.9733322909224995,17.42926303327084,86.69043626046754,53.70233880694819,0,none
Line-B,2026-01-02 06:25:00,68.64901676123986,39.24573498059544,2.7087150530137425,15.099216679530766,86.59052185367354,58.62370802701327,0,none
Line-B,2026-01-02 06:30:00,67.8768249844998,40.48743043196615,2.369984836617957,18.064234756716125,85.25530405459295,59.9356248255277,0,none
Line-B,2026-01-02 06:35:00,68.42113268995386,39.040335675416685,2.471280284804044,16.52959452920768,91.30311813223048,58.60779748877437,0,none
Line-B,2026-01-02 06:40:00,68.59031282356912,41.86443157560949,3.059413806358438,17.316651426381576,83.36555316385146,56.536241419337685,0,none
Line-B,2026-01-02 06:45:00,67.78687592611365,41.26297583975333,2.9244458266699094,15.49026942213034,84.11740679049608,58.41176261669494,0,none
Line-B,2026-01-02 06:50:00,67.03564688455066,43.31975716310047,2.7080743126880065,17.84508547595944,86.58492498857237,57.36551814989494,0,none
Line-B,2026-01-02 06:55:00,66.18109499083776,41.09773229733073,2.7751611716882163,16.43877849792614,87.44869830252149,58.868982939196336,0,none
Line-B,2026-01-02 07:00:00,68.99514481232644,45.97592184414355,2.5092682459531934,16.318853069689382,82.59295081485773,56.389174597633485,0,none
Line-B,2026-01-02 07:05:00,69.33127923681015,39.0444726882686,2.5870428023785923,16.53432748096212,82.16779472251903,62.68651296047751,0,none
Line-B,2026-01-02 07:10:00,64.71260175192376,44.169663681416,2.8770627701209595,16.660366989368026,91.63376535474345,57.34393375107603,0,none
Line-B,2026-01-02 07:15:00,68.0891883449826,40.394650076559145,1.9543888342168263,18.16878693766853,80.95149201432186,60.9493402306679,0,none
Line-B,2026-01-02 07:20:00,66.69317304613399,41.46223385188283,2.615683785724781,16.984927621707257,89.6371156587763,58.28312359564594,0,none
Line-B,2026-01-02 07:25:00,69.60665352548644,44.78617400352743,2.4373233593280355,17.0400890634867,88.62953546978136,61.75311690060042,0,none
Line-B,2026-01-02 07:30:00,68.961036594585,41.39064301123688,2.731220086528003,16.142859750763463,80.77587751102155,53.19163050537932,0,none
Line-B,2026-01-02 07:35:00,65.72577807883138,40.70054074439001,2.984816114681771,18.151437629989747,85.10286469236947,56.28334468426765,0,none
Line-B,2026-01-02 07:40:00,66.37417022767676,40.09603740691168,2.4207576550373733,16.348687300962844,83.52009754999312,62.8526870090515,0,none
Line-B,2026-01-02 07:45:00,66.43464761205938,40.58259696569568,2.287616482402773,16.76697163786785,87.25554125545115,55.50107834729768,0,none
Line-B,2026-01-02 07:50:00,67.46753354454957,42.15966093327975,2.152271792380319,16.71016891978844,83.63703200657994,55.0639672243223,0,none
Line-B,2026-01-02 07:55:00,64.19703270140532,43.7984275076966,2.3138283762528333,17.0723802277345,81.28000853797741,59.59749600123176,0,none
Line-B,2026-01-02 08:00:00,68.59103985988392,44.40327180812064,2.7882991620768616,16.7329174657195,80.26307773398042,54.69545388596183,0,none
Line-B,2026-01-02 08:05:00,68.17398547274951,39.76452092844022,2.1305831410738083,15.963801907279189,79.9049691575093,55.9313702315574,0,none
Line-B,2026-01-02 08:10:00,67.43654727114402,40.62306998958864,2.088753444824316,15.924997973750065,83.11569146742872,52.99683555608576,0,none
Line-B,2026-01-02 08:15:00,67.66087309829749,37.50142190917053,2.0492252349870967,16.448032695725512,94.02077730098443,56.40712151092029,0,none
Line-B,2026-01-02 08:20:00,66.1912153319153,41.34389428891456,2.2308241884135365,16.117886138692707,87.38067476082934,61.72259773081469,0,none
Line-B,2026-01-02 08:25:00,65.81333218886084,39.41979470385195,1.862660091423031,15.550216487691833,84.21092163519766,60.9474876601587,0,none
Line-B,2026-01-02 08:30:00,68.24258073002366,38.80687992416364,2.8754690788050965,16.880755094677152,78.61960086861211,56.37395225633152,0,none
Line-B,2026-01-02 08:35:00,65.44525829780953,40.35403593189877,2.739523936342751,16.704490094137554,81.19587179375574,56.9771893229661,0,none
Line-B,2026-01-02 08:40:00,67.25336125833827,38.26120802027079,2.399941184565616,18.203688483306305,85.27573225412016,52.16085532740924,0,none
Line-B,2026-01-02 08:45:00,67.61012331425383,42.23062365502033,2.7360696921974994,15.542397284244492,91.68187357694477,61.74700840612319,0,none
Line-B,2026-01-02 08:50:00,64.43811093070643,40.21127975874176,2.0160110701415785,16.1008788694485,83.79216158356019,54.857951135443,0,none
Line-B,2026-01-02 08:55:00,64.09627360562382,46.68045785932508,2.404675019245893,16.006267533851993,84.68782752438744,61.85409364473112,0,none
Line-B,2026-01-02 09:00:00,62.66093841350425,40.86522679986812,2.894312081526092,16.910387840099148,81.90846630911552,54.81145596180019,0,none
Line-B,2026-01-02 09:05:00,67.02884699131468,42.81847664479759,2.4365254549191624,16.230813537333045,83.21790671834377,53.63664986890923,0,none
Line-B,2026-01-02 09:10:00,66.45331270629885,41.92907524473337,3.040940114645893,16.846933401556765,86.45006253757424,53.70570921746931,0,none
Line-B,2026-01-02 09:15:00,63.579202891762,38.59993629484498,2.410745434570188,17.34678105520964,87.25471765725534,60.405987108724446,0,none
Line-B,2026-01-02 09:20:00,64.95274573384582,44.079282686694526,2.7453481660836,16.759294182532273,87.20344552581324,58.77858266152211,0,none
Line-B,2026-01-02 09:25:00,62.88697721420549,40.085115402948034,2.980586845090602,16.58513697223665,88.4108610256345,59.7978569949491,0,none
Line-B,2026-01-02 09:30:00,64.49947086656591,41.8319456381325,2.027582565757613,16.331378394043735,86.32605769221225,64.21586628939893,0,none
Line-B,2026-01-02 09:35:00,64.83401492814363,39.961100027993936,2.395696285981399,18.727298269618952,77.32778913826868,59.59078202335895,0,none
Line-B,2026-01-02 09:40:00,65.39075048087159,41.43023095847656,2.575599565257477,17.381254523134785,85.13255293228987,51.130565722884256,0,none
Line-B,2026-01-02 09:45:00,62.95263389186606,41.16478567385685,2.845396345579948,17.553523108835776,83.12067242252957,57.422126514495545,0,none
Line-B,2026-01-02 09:50:00,64.50724007998127,37.40402541487642,2.576972957256419,16.689476140147445,89.79457185939614,55.21172510226727,0,none
Line-B,2026-01-02 09:55:00,64.95659918862938,39.3117569107017,2.428596321187274,16.197146974653037,92.74946973443352,52.82779853134558,0,none
Line-B,2026-01-02 10:00:00,66.02362993078867,38.42820072274702,2.313062898410218,17.061126784587998,87.0443950474756,56.333880559273965,0,none
Line-B,2026-01-02 10:05:00,62.93195838759608,43.93982481629594,2.3909515055161226,15.011436847507316,93.09182582137636,52.49298516600649,0,none
Line-B,2026-01-02 10:10:00,64.30360225839391,39.215941546897,2.204504214872511,16.058924729560168,88.48242135589133,56.27538851739919,0,none
Line-B,2026-01-02 10:15:00,64.61191846115251,40.24325359379503,2.5496845050967862,17.10845384478853,95.4153164331547,56.65000270272995,0,none
Line-B,2026-01-02 10:20:00,67.34869911022581,39.59498522088352,2.2303813273461524,17.49738550261777,84.97025816237779,56.33670337485966,0,none
Line-B,2026-01-02 10:25:00,63.15793109204073,44.77043246425216,2.0773023766576437,16.1917139633448,85.5211951984037,54.50988153689366,0,none
Line-B,2026-01-02 10:30:00,64.60123974808627,41.99017397872313,1.965182927036079,17.642729178551555,87.81403842993942,56.883433873585815,0,none
Line-B,2026-01-02 10:35:00,62.73198317410172,40.93919872653997,2.37012150981411,16.389545894187243,88.61702300478687,57.105734881466894,0,none
Line-B,2026-01-02 10:40:00,61.96179202403532,42.14968243793302,2.4390032548460576,16.951616905551223,87.31241575720777,53.04271714615951,0,none
Line-B,2026-01-02 10:45:00,63.71662252831271,38.77439177620115,2.933441365484717,16.361946608312262,77.70040509141809,54.117777684508,0,none
Line-B,2026-01-02 10:50:00,60.52954689028888,42.458018873911705,2.1345437144843107,16.035232841998845,91.63463205368704,52.48507960417665,0,none
Line-B,2026-01-02 10:55:00,62.771309001084205,42.336919640417086,2.4278753764517047,17.129303902831495,82.70926218433777,56.806259375126174,0,none
Line-B,2026-01-02 11:00:00,64.61704193978285,39.642827038486246,2.884923347284386,17.49164491011589,81.52783058554877,55.85109242293898,0,none
Line-B,2026-01-02 11:05:00,62.92902690809134,43.3466348706254,2.5998530974377303,15.993502775443584,85.90570900370976,49.5720996075259,0,none
Line-B,2026-01-02 11:10:00,67.25184372222701,40.91595971855033,2.599342050826208,17.01420912119361,81.78528268541089,60.280304180035,0,none
Line-B,2026-01-02 11:15:00,64.53304810582763,42.370549838198784,2.9172443988270707,18.1847097228081,85.14403517409497,53.97988137399285,0,none
Line-B,2026-01-02 11:20:00,67.24779984363037,40.606676198765726,2.658133863047515,17.61872493123183,84.88761860817819,52.05289729375364,0,none
Line-B,2026-01-02 11:25:00,62.30085088375392,39.98946839479019,2.5984372282419583,17.04419837503069,91.40761474910607,51.83572150014912,0,none
Line-B,2026-01-02 11:30:00,62.968494570127255,39.87807441111534,2.339696924965373,19.09773212984016,83.72251339074434,53.26381487771423,0,none
Line-B,2026-01-02 11:35:00,61.55876640391572,43.73603484279104,2.98753170949529,16.897807728189246,88.47306263576272,51.210870838875465,0,none
Line-B,2026-01-02 11:40:00,63.14497108083432,40.62001674633291,3.280735831336582,17.5107563883997,81.59757348282943,51.76433270062292,0,none
Line-B,2026-01-02 11:45:00,64.61615650516676,41.77379173812167,2.3471119037653154,17.411598359854707,77.69952033837534,51.78725573228387,0,none
Line-B,2026-01-02 11:50:00,62.97795341905449,42.95999382031013,2.5968109375988835,17.31253437863184,83.78219950613543,56.89641724764469,0,none
Line-B,2026-01-02 11:55:00,64.20551773372412,43.256172263344695,2.729695266175707,17.630843282833673,85.05415662364534,58.30048025843483,0,none
Line-B,2026-01-02 12:00:00,64.53677618558858,42.009109860527815,2.7299088526685686,16.940712993217822,86.59090387134889,51.93484722920356,0,none
Line-B,2026-01-02 12:05:00,63.77506538535605,38.93903316499344,2.73837579031433,16.796605199760172,91.43057530759334,54.37383629806235,0,none
Line-B,2026-01-02 12:10:00,58.596868000088925,42.48525953028437,2.860731835291235,14.450590804735931,84.71716776164295,53.81735580692901,0,none
Line-B,2026-01-02 12:15:00,62.75874611907761,43.96845529220883,2.776194166979592,17.778412295378793,85.0587155021828,60.017629439531056,0,none
Line-B,2026-01-02 12:20:00,59.85819513421304,38.66526059806554,3.0643112631431046,17.134589035999333,89.80322243555003,52.0233121887387,0,none
Line-B,2026-01-02 12:25:00,58.87574470083168,43.28750716144771,2.5261578677967576,16.694564574780557,86.26328161344561,51.56202380383055,0,none
Line-B,2026-01-02 12:30:00,62.27064643280784,42.72970507960967,3.1254807707533585,18.69699912020752,82.9443025458399,54.68323297990578,0,none
Line-B,2026-01-02 12:35:00,59.6330179887772,40.90073120782759,3.2244504735501334,16.481887166057298,82.51350124791034,55.59316028800629,0,none
Line-B,2026-01-02 12:40:00,58.48839029392017,41.68571170278883,2.804770211210159,16.955173169563082,92.24466277467327,52.748280257457616,0,none
Line-B,2026-01-02 12:45:00,62.39042221735152,43.08130408048587,2.4307544646095347,18.01515002726547,81.25755755799582,56.00171329199967,0,none
Line-B,2026-01-02 12:50:00,61.466103288775074,39.20996618817348,2.930756950681152,17.219825594255887,87.70431211768916,55.197364309104266,0,none
Line-B,2026-01-02 12:55:00,62.32934533639306,43.97543981151142,2.3845270362122397,16.95393197452127,83.80417855531901,55.47239864486277,0,none
Line-B,2026-01-02 13:00:00,59.61634759697182,40.4089297903937,2.464696579693659,16.125783987876662,84.33467380132636,49.49836249172324,0,none
Line-B,2026-01-02 13:05:00,61.73330303470665,42.09414702332834,3.246717561878405,16.207005284441696,85.5815802984873,54.27247184105699,0,none
Line-B,2026-01-02 13:10:00,61.02941905389882,40.54019947410011,1.9979572538443533,16.215882965264665,85.1386620249132,44.124298884770894,0,none
Line-B,2026-01-02 13:15:00,62.61212486000907,43.33119980512974,3.519369175688517,17.06971868503556,87.12889098929269,49.51542620632711,0,none
Line-B,2026-01-02 13:20:00,60.99243194911161,39.01161295330666,2.753325921438184,17.817775516379882,86.47748002922208,55.98839489552416,0,none
Line-B,2026-01-02 13:25:00,62.56922401050009,43.37310328032507,2.874420872581533,17.251005848375648,84.4838797946117,55.93935967707829,0,none
Line-B,2026-01-02 13:30:00,60.4169510146727,43.16361230269527,2.583495227483016,17.66706546383864,83.24651897330997,53.46399428829726,0,none
Line-B,2026-01-02 13:35:00,59.94961970045071,40.71648117021377,2.390553951507357,17.2929147680436,82.05937912069598,50.46949058589541,0,none
Line-B,2026-01-02 13:40:00,61.49405488628861,40.640422501021526,2.2850062618355,15.983857838825092,85.69073575786851,51.26137178349788,0,none
Line-B,2026-01-02 13:45:00,61.590327614647535,40.73177294133113,1.8833777180623053,16.92956063941756,87.0012721282513,52.724640251623335,0,none
Line-B,2026-01-02 13:50:00,61.437040667149176,42.48047505939658,2.8748017094959133,17.21328084224713,87.91626969284607,48.35293842397145,0,none
Line-B,2026-01-02 13:55:00,59.763303483095335,42.063955467404966,2.5603092315853546,16.826271361843308,83.40866614832103,53.99352089311592,0,none
Line-B,2026-01-02 14:00:00,60.79838216986988,41.41156495413422,2.518672884512569,18.53837506585053,83.38333322751228,47.598260220437545,0,none
Line-B,2026-01-02 14:05:00,59.10667402112386,42.21777727924602,2.889672681761783,17.11762774462989,88.2619936522296,51.85847056311998,0,none
Line-B,2026-01-02 14:10:00,61.67623340894347,42.90680761526353,2.927575799356573,16.091433210567153,80.29581039369062,54.525768296487854,0,none
Line-B,2026-01-02 14:15:00,57.84752836299921,44.67005481234772,2.356322174959319,16.79409071721451,90.64301766389208,50.76762652266479,0,none
Line-B,2026-01-02 14:20:00,61.87812648393995,44.98605668179943,2.783349498856779,17.1732020898431,80.72469878851491,52.95313448314598,0,none
Line-B,2026-01-02 14:25:00,60.72631311192415,39.67408182949391,3.07976867858566,18.28215298086858,86.26423177214959,51.30711068465854,0,none
Line-B,2026-01-02 14:30:00,59.01044495308297,40.19208163979736,2.817441599637181,16.980368560452327,84.8073173042217,51.41325066316908,0,none
Line-B,2026-01-02 14:35:00,58.67970331835991,43.22872701976735,2.9424551084700545,16.634722090000572,87.93187110559734,53.21171569286273,0,none
Line-B,2026-01-02 14:40:00,59.50457753744957,44.581494698286086,2.2970115359310723,17.625792743679572,79.13019468712677,51.185962458694405,0,none
Line-B,2026-01-02 14:45:00,60.16243543879858,43.582957281554144,2.9391921337684384,16.58938687775784,83.70752238585882,55.006376187451,0,none
Line-B,2026-01-02 14:50:00,59.65780225984634,38.358745663124616,3.2060151891122093,17.72334220853763,90.74137379763832,51.81990752514599,0,none
Line-B,2026-01-02 14:55:00,57.42371815455419,43.59228359925835,2.680624329235051,18.631057516739894,85.79087899677536,49.78896697644043,0,none
Line-B,2026-01-02 15:00:00,57.735892623646215,42.465012071989015,2.783255449035261,17.40565043476339,93.33957291547893,48.88711801597624,0,none
Line-B,2026-01-02 15:05:00,60.50542987938234,38.17662290944418,2.936268446495693,18.030357191448783,85.50428910262788,51.23874602554101,0,none
Line-B,2026-01-02 15:10:00,61.54022328480396,42.25641429136439,3.012021859881549,16.255822166907866,85.6828484946907,50.67148876564365,0,none
Line-B,2026-01-02 15:15:00,56.3370490365994,42.35355587925634,2.34737898538832,16.979400358066165,84.90723061752863,51.109286798732704,0,none
Line-B,2026-01-02 15:20:00,58.57685127930234,41.25570547831032,3.1578265482062444,17.612349544217732,84.6805713771854,49.7688892281974,0,none
Line-B,2026-01-02 15:25:00,60.48461582843909,37.9833830481562,2.290050886151099,17.45827899283881,85.21743708173095,51.405322099661575,0,none
Line-B,2026-01-02 15:30:00,59.93072821895534,42.47236822209226,2.999779783743069,15.934730885071108,88.08479263344128,52.12627640724438,0,none
Line-B,2026-01-02 15:35:00,58.25638686503682,44.69050067683573,2.043210979456994,16.95987308110882,78.50581024980477,53.6904323602864,0,none
Line-B,2026-01-02 15:40:00,59.6862445659954,45.02234288825342,2.9080896542672656,16.669073373931774,87.03240334748529,50.228907478649,0,none
Line-B,2026-01-02 15:45:00,57.55758826915668,43.38662264709853,3.822322743173369,17.02920750405063,89.70068132247326,48.27933268633299,0,none
Line-B,2026-01-02 15:50:00,60.125770775051535,42.60466391065356,2.2212672364575843,17.9562901265658,87.94414985561725,46.382063229498165,0,none
Line-B,2026-01-02 15:55:00,58.2720741606881,42.49701045091344,2.5328518270145395,15.681744258551486,87.56735023554975,51.6672261452696,0,none
Line-B,2026-01-02 16:00:00,58.84591618543162,39.579367021651976,2.292090780632152,15.693795310444898,87.39682562520896,44.39901205436824,0,none
Line-B,2026-01-02 16:05:00,59.980454019904045,39.93481375588844,2.706409171968017,16.37878153692009,92.31478551560076,45.90105352894805,0,none
Line-B,2026-01-02 16:10:00,60.8486215309208,38.15284895334535,2.923817439881058,17.274527075393607,89.96813171155483,51.57632990780634,0,none
Line-B,2026-01-02 16:15:00,58.89880548118786,39.09754677558665,2.792881165675825,17.11070722831364,91.38072649636376,46.5886533356849,0,none
Line-B,2026-01-02 16:20:00,56.30809660507466,40.85798195098904,2.6170859301003224,16.988963351427252,86.29262167924809,51.59182440110152,0,none
Line-B,2026-01-02 16:25:00,55.65378869448002,39.52033979979285,2.7830245485826715,17.702196170991265,94.0870677195569,50.3220427142116,0,none
Line-B,2026-01-02 16:30:00,55.3849386130527,41.450302674460055,2.7030961400381144,16.039501892182514,80.95015237688932,51.69415725560267,0,none
Line-B,2026-01-02 16:35:00,59.81482624129649,42.54955446886473,2.559839654379544,17.125710759942443,88.28250424047036,54.6282186032422,0,none
Line-B,2026-01-02 16:40:00,57.81352162213872,40.35743803701852,3.333053075186746,18.246323000535853,87.84743588449703,49.483129579115,0,none
Line-B,2026-01-02 16:45:00,60.46909089412063,41.66480427721287,3.219553075270308,17.801657513234485,85.96122920700972,48.971059193113376,0,none
Line-B,2026-01-02 16:50:00,58.9807145772533,41.31185919885204,2.8991011246649965,17.097319434458353,81.60831532329695,46.6160914822426,0,none
Line-B,2026-01-02 16:55:00,58.19735902175957,42.16741339145287,2.813200151523843,17.469121796087133,80.10186303082959,54.49257660868558,0,none
Line-B,2026-01-02 17:00:00,56.55185682566477,40.04113946021224,2.941192498537578,16.253299687539105,87.2605448488572,47.26242733145661,0,none
Line-B,2026-01-02 17:05:00,59.863291998149016,39.057671581742696,2.58729057823987,17.76831897959194,91.14138891939898,51.952888191046114,0,none
Line-B,2026-01-02 17:10:00,58.86313092799916,39.143338084500186,3.0145983336456013,18.86618147353637,83.75006708059213,48.89199153202085,0,none
Line-B,2026-01-02 17:15:00,57.93474469489556,38.91320106284558,2.873912570928685,16.226958711506462,82.54636514027612,46.394986169774896,0,none
Line-B,2026-01-02 17:20:00,55.83962436717387,41.22805436095561,2.9231153510505927,18.728935705820376,94.5215507370078,50.65139055388888,0,none
Line-B,2026-01-02 17:25:00,58.881012535370246,41.94004354647928,2.688192820800216,17.33116666011226,84.81774762730211,55.03001349803051,0,none
Line-B,2026-01-02 17:30:00,56.73060235458733,42.855635154381815,2.1745022455136995,17.943636357821443,88.54034823661569,46.11677372474692,0,none
Line-B,2026-01-02 17:35:00,56.602569982760926,43.76410412922469,2.6117088089726708,16.684451898110698,87.40311447909163,50.59873183977345,0,none
Line-B,2026-01-02 17:40:00,62.32664742222224,40.871131171551006,3.002114276954303,17.71097455340396,81.21331175318606,46.376891977888334,0,none
Line-B,2026-01-02 17:45:00,58.16591415532237,43.2291465274232,2.25722059694775,17.742945696402547,90.87563264810184,51.0448756264876,0,none
Line-B,2026-01-02 17:50:00,56.174073864451074,43.5619379042074,2.716440265891645,18.07977191960309,77.10096286995687,47.74034509787801,0,none
Line-B,2026-01-02 17:55:00,56.78798097137236,40.91309203418491,3.302835153150337,16.574388368564595,87.54406509585529,47.42778781243371,0,none
Line-B,2026-01-02 18:00:00,60.29144168189762,42.66409597081636,2.379858142284593,17.45219601327808,82.10434413999728,49.66719285243517,0,none
Line-B,2026-01-02 18:05:00,60.15295361249089,40.9976702463277,2.735602571722997,17.35012444821692,80.38516143801745,47.33036976331813,0,none
Line-B,2026-01-02 18:10:00,55.95113090859597,46.24131177583688,2.702840514635924,17.39459130413811,86.5093477477377,48.563380145608285,0,none
Line-B,2026-01-02 18:15:00,57.98556124724223,40.95718553969903,2.9554261104544275,17.348951361751883,88.02464476705363,48.46158146002025,0,none
Line-B,2026-01-02 18:20:00,59.55338555095245,39.65222097270705,3.0263119601654984,16.265443136237277,83.65811525025718,51.65365768415951,0,none
Line-B,2026-01-02 18:25:00,60.92983247990936,43.69033803591503,2.7835035515359925,16.299587905197797,77.87066019239154,47.244769170534646,0,none
Line-B,2026-01-02 18:30:00,55.18485190159591,40.526044205760826,2.296736570727506,16.837430207418926,82.90681695516297,53.84799164788459,0,none
Line-B,2026-01-02 18:35:00,59.15275482909845,41.19180988961506,2.9946712140837177,17.63507570713331,89.12298648077645,52.8808530763247,0,none
Line-B,2026-01-02 18:40:00,59.40856835982776,38.8846506515058,2.3913327703024208,16.23646128732503,87.03497836986249,45.91534246179848,0,none
Line-B,2026-01-02 18:45:00,58.05337231050364,41.63883503325583,2.6134037557842578,18.25109148462772,89.49332568864833,47.0092449213983,0,none
Line-B,2026-01-02 18:50:00,60.01562393334528,40.015469644942456,2.3529865356933426,16.444761737871865,79.13046747096942,51.05632308292643,0,none
Line-B,2026-01-02 18:55:00,55.6088977425843,37.22811976030858,2.199861828962626,16.70636421018476,82.28596638358658,48.63985342365192,0,none
Line-B,2026-01-02 19:00:00,59.82426346362728,39.23768297342561,2.96091138365733,16.481638429132772,87.26189574366184,50.848538377253874,0,none
Line-B,2026-01-02 19:05:00,57.57635418199762,36.00380679964861,2.14067976078704,17.44013228327724,88.90225306914854,48.72989764116368,0,none
Line-B,2026-01-02 19:10:00,59.16643279356431,45.71840630642927,3.3123178127557584,16.772311089961743,91.65395294268876,48.66182589912173,0,none
Line-B,2026-01-02 19:15:00,59.13141881318212,40.03125278431473,3.193818238745017,16.264075881727944,85.12958907263427,49.51527085015724,0,none
Line-B,2026-01-02 19:20:00,59.97452225881484,40.55224812278878,2.051772617131027,17.2194297454864,79.48188088819239,46.965443308042566,0,none
Line-B,2026-01-02 19:25:00,55.19231041128221,42.75175643701545,1.8315100305061487,16.617666865231453,87.42694347427172,48.53485741294002,0,none
Line-B,2026-01-02 19:30:00,55.54574694359607,40.36069771029611,2.961929627115249,15.667531120789214,85.6142963906009,53.63762451513461,0,none
Line-B,2026-01-02 19:35:00,56.7306117938243,43.57192596651661,2.5902975161060784,17.427696055550964,85.46889411279885,46.32880205192412,0,none
Line-B,2026-01-02 19:40:00,57.03599090793519,46.18247914314277,2.0806208571841736,16.934741387350336,89.87494762556884,48.54652441175449,0,none
Line-B,2026-01-02 19:45:00,61.544046218187866,41.32309707815212,2.8835603394104905,17.905787448494543,85.42325509853576,47.98296469526078,0,none
Line-B,2026-01-02 19:50:00,57.07650421943366,40.56486195632046,2.346725800084754,17.05348336449149,90.31210215077463,54.88989202985573,0,none
Line-B,2026-01-02 19:55:00,57.7620248177728,42.19381187493156,2.689746503259334,16.651142049341384,84.45490406264165,49.21433770747158,0,none
Line-B,2026-01-02 20:00:00,57.26729974949161,41.29850863974192,2.594074010434712,16.235418629390782,77.5879806629097,46.139360705026434,0,none
Line-B,2026-01-02 20:05:00,61.9519810033832,40.71688770783492,2.0342877867043785,17.92150213292919,90.05746731666919,54.43482853379905,0,none
Line-B,2026-01-02 20:10:00,57.66036562291716,39.12256466256961,2.900210165735736,17.080766991703143,81.30989306609345,54.69020396506889,0,none
Line-B,2026-01-02 20:15:00,55.9753296595543,42.8313946980162,2.209896784785079,17.58893223292393,76.36634587937846,51.80525359308679,0,none
Line-B,2026-01-02 20:20:00,56.715849764956,42.22107935416665,3.097213083898097,17.363117062799464,85.8979574465532,49.01124067241345,0,none
Line-B,2026-01-02 20:25:00,59.21493939607102,40.01285273062324,2.461707563567449,15.693810467530575,84.19008534616977,47.548264501794975,0,none
Line-B,2026-01-02 20:30:00,58.96255674594944,39.417108724076,2.766027948812111,17.976600799662965,87.88022736838212,44.91068401847049,0,none
Line-B,2026-01-02 20:35:00,59.94861613756266,41.068622734906285,2.422093572300385,16.513471562031725,88.84757900477368,50.79061778259598,0,none
Line-B,2026-01-02 20:40:00,57.683009738409126,42.77941692978561,2.464058329843832,18.15209995124761,78.61015055525229,51.695175367419125,0,none
Line-B,2026-01-02 20:45:00,56.64068109135342,40.72379802148135,2.656680675436337,17.248768455304266,91.99234773209788,51.49820743004639,0,none
Line-B,2026-01-02 20:50:00,60.41960967805185,41.21908705997416,2.272160220057641,16.552025837999285,87.88964911247125,55.31211124679377,0,none
Line-B,2026-01-02 20:55:00,60.89018017379547,41.827547326420834,2.928312671784468,16.816356833390394,82.80343737391856,49.81568729628908,0,none
Line-B,2026-01-02 21:00:00,57.53722866224077,38.27092057934441,2.5057049283666406,17.717045429477015,76.05860345121663,52.81238534385097,0,none
Line-B,2026-01-02 21:05:00,62.27032089611592,39.28009979160547,2.21797829519858,18.047930082801464,87.47085030051264,52.02759844576578,0,none
Line-B,2026-01-02 21:10:00,60.553028851994384,38.45697803667309,2.243143653664852,15.588973646866796,85.44838036533385,50.6024221447097,0,none
Line-B,2026-01-02 21:15:00,57.15267435922655,38.32580201513424,2.13544591515198,17.51140165119603,79.6997086350014,55.70605948907343,0,none
Line-B,2026-01-02 21:20:00,56.93790323931908,41.209855519641,3.2422551098894354,16.917588627071208,85.0810199992644,49.75162786206601,0,none
Line-B,2026-01-02 21:25:00,57.3435313522261,41.509358091928014,2.178274153909022,16.629565496259552,91.5972990576927,53.21282130816266,0,none
Line-B,2026-01-02 21:30:00,57.440130156244514,42.494608516502986,2.583483113290173,16.972125777906648,92.39163056620843,54.3430383503946,0,none
Line-B,2026-01-02 21:35:00,59.49905873840731,39.78683242726144,2.632877859832009,16.54937936251299,84.66923317563234,46.760004450084665,0,none
Line-B,2026-01-02 21:40:00,61.37879427605353,43.30312610220127,2.434773508084618,16.51966304393234,79.73483032928027,54.23827996799098,0,none
Line-B,2026-01-02 21:45:00,62.82628399792689,41.47297187996561,2.595724611254685,17.376863286736686,91.32191914972044,51.67077343179314,0,none
Line-B,2026-01-02 21:50:00,60.38642617504215,43.96096620666907,2.908874865600441,17.106784830375066,92.83266930504016,54.14818980354478,0,none
Line-B,2026-01-02 21:55:00,61.52582071834672,38.85377971888333,3.022938502329873,17.439446032656335,78.50456040497484,49.57486071762913,0,none
Line-B,2026-01-02 22:00:00,58.70077120142259,41.60216665116441,1.9859855801078747,16.229347104451282,87.3587980905836,50.82362933104645,0,none
Line-B,2026-01-02 22:05:00,59.385198647904126,48.92912022998283,2.9932049421466944,17.28915185349702,81.82151583363395,50.203723789361575,0,none
Line-B,2026-01-02 22:10:00,59.104214712085934,41.66521983879147,2.5666489682015627,17.204912191631806,84.57001204902343,56.111117751024295,0,none
Line-B,2026-01-02 22:15:00,59.13271957245528,41.14297078276051,2.026003679932324,17.475159060401424,88.95799502105946,54.72966090620948,0,none
Line-B,2026-01-02 22:20:00,61.83454832867767,41.00739268061158,2.7462569618710813,16.403476622098296,82.48397412844315,54.58883024065392,0,none
Line-B,2026-01-02 22:25:00,59.44196296883631,40.99785157249365,2.535354672374452,15.924335150058075,87.29089911406841,48.168318782926406,0,none
Line-B,2026-01-02 22:30:00,59.82999224275153,40.67283579502156,3.2080836440144718,16.812356921607947,85.97639581549392,51.885157035689,0,none
Line-B,2026-01-02 22:35:00,61.523628596716335,40.43258304580194,2.569558755123148,17.460310128120636,82.26920971814457,47.11715212472482,0,none
Line-B,2026-01-02 22:40:00,58.59352922879327,42.28137450496944,3.2570089772104263,16.600734991313157,86.18001121056673,52.43030046909442,0,none
Line-B,2026-01-02 22:45:00,61.08480208787798,42.9399406840754,2.690223048652863,16.190041591601783,87.97252531846534,54.77439776417183,0,none
Line-B,2026-01-02 22:50:00,62.1174177846001,36.81752684636294,2.2331876882955832,18.274506649927982,91.14831542589992,47.92084307479856,0,none
Line-B,2026-01-02 22:55:00,61.81581943412952,41.43290012090659,2.818175197792089,16.74425162274107,91.9658929191078,53.252572994277166,0,none
Line-B,2026-01-02 23:00:00,61.6075594218877,44.16849237690639,2.2503399750162063,17.158521697639117,91.65511663558314,56.23703038910547,0,none
Line-B,2026-01-02 23:05:00,63.75637439537938,43.64577171775264,2.443844314264051,15.33012022908528,83.16908654094206,51.86032327217361,0,none
Line-B,2026-01-02 23:10:00,57.9178438553366,40.84730220164985,2.5944003252789285,16.72064806208729,80.63648631451935,51.53865552885461,0,none
Line-B,2026-01-02 23:15:00,61.95835153005434,40.327118298652266,2.2408198222661326,17.302254996101524,89.95024549052903,55.4262072027221,0,none
Line-B,2026-01-02 23:20:00,60.65184582900438,42.85874535369397,2.43986355309409,17.382043238094546,87.28991333022206,57.90716084923565,0,none
Line-B,2026-01-02 23:25:00,58.54097916382276,44.13831440822476,2.021601261861821,16.839201311159812,82.57042202561506,57.93663139526131,0,none
Line-B,2026-01-02 23:30:00,61.43190964232902,37.782444026422,1.9558966190921416,16.072423892455006,86.86456588040585,56.89139633826045,0,none
Line-B,2026-01-02 23:35:00,60.84865224114911,39.54683571284613,2.1903426483122708,17.38745329024535,88.1071269651597,50.63613993458426,0,none
Line-B,2026-01-02 23:40:00,62.43576062930681,41.65772826358826,2.827700927837262,16.288846195915045,79.60491739118912,56.44755558734969,0,none
Line-B,2026-01-02 23:45:00,62.05899098892567,40.76196128133901,2.597805725978695,16.474418981994955,87.37959769642617,52.714465269988565,0,none
Line-B,2026-01-02 23:50:00,60.76463297919688,39.0037874332652,2.015361307945711,16.494273540679572,84.44604054233969,59.367201576769446,0,none
Line-B,2026-01-02 23:55:00,61.94429540599768,43.33747032703702,2.5874135297339342,15.885250685686392,78.88575120288756,56.3885493229245,0,none
Line-B,2026-01-03 00:00:00,60.853516352271846,45.92056444640895,2.257650703139096,17.78994237153191,74.8960958492849,52.77581390734992,0,none
Line-B,2026-01-03 00:05:00,65.4207397730797,40.99889571266659,2.6901112876941804,17.060183463517347,88.38438228109564,52.98563516466596,0,none
Line-B,2026-01-03 00:10:00,62.38296098514866,44.20735022816528,2.121573617319102,16.323775539373212,83.77964404895532,54.45191766251314,0,none
Line-B,2026-01-03 00:15:00,62.19939738652043,41.673686531510114,2.619932826931839,17.864977038416054,87.85480135513427,51.3445245804851,0,none
Line-B,2026-01-03 00:20:00,63.46368478896269,41.49180006082624,2.558511405349133,15.535446551442412,89.1894416177638,55.158085506033686,0,none
Line-B,2026-01-03 00:25:00,61.96478224141672,45.88233220936288,2.2983468292015665,16.659175858479728,89.37490796288644,55.31309227856106,0,none
Line-B,2026-01-03 00:30:00,61.0187402337472,40.00656034176934,2.2461662715099355,15.194816748412434,84.63867615690882,51.2464620720341,0,none
Line-B,2026-01-03 00:35:00,61.3048793811923,42.71453999008947,2.2846414940342235,16.8838038451364,86.93553033307961,55.430932208488365,0,none
Line-B,2026-01-03 00:40:00,62.26123589814469,41.72728560738607,2.530216942240785,17.985593888785814,88.73826193720318,55.41730384740352,0,none
Line-B,2026-01-03 00:45:00,61.97296432702544,40.51476592553944,2.122690408096461,17.346884477668333,88.59308134969184,52.58756255443679,0,none
Line-B,2026-01-03 00:50:00,63.93224371095491,39.58579658370648,3.0543950429568416,17.362164352340876,91.56449609414406,53.5823317397501,0,none
Line-B,2026-01-03 00:55:00,66.1697378519205,46.03642899613897,2.450786922442058,17.33021456105614,86.80033057746577,55.548664311150574,0,none
Line-B,2026-01-03 01:00:00,64.70914396113247,40.00813637219998,2.259445861195106,16.305084232963544,87.88481081697284,51.72526007958255,0,none
Line-B,2026-01-03 01:05:00,63.52367790851667,41.23154485174605,2.1769714912052622,15.24036981139412,77.08491971061902,51.777853380404096,0,none
Line-B,2026-01-03 01:10:00,65.05850634813052,42.183982582569705,2.895327542203602,17.85564890661853,89.22765877808358,55.89898943038142,0,none
Line-B,2026-01-03 01:15:00,64.76459740486554,43.1109947981595,2.17508741142215,16.69117428597082,85.39168787035877,56.56105336754192,0,none
Line-B,2026-01-03 01:20:00,66.41642355531148,40.275730899616256,2.550577417143276,15.916708768655203,85.11449956206974,51.92082662485058,0,none
Line-B,2026-01-03 01:25:00,64.98609214304518,40.68412400644944,2.2388687999469763,18.61136033054119,83.16377752380238,57.90987994483615,0,none
Line-B,2026-01-03 01:30:00,62.44699008779613,41.11418888826623,2.7380685274617726,16.894219586240947,88.75503383686049,56.62399761422806,0,none
Line-B,2026-01-03 01:35:00,63.31989273263786,41.60529919415778,2.639845802185444,17.78061083766721,79.08717386246533,60.05104196307836,0,none
Line-B,2026-01-03 01:40:00,65.40379552946176,38.2791782249392,2.600106151259909,18.23113883493185,83.54257078923358,58.2029354377528,0,none
Line-B,2026-01-03 01:45:00,64.61930851902778,42.16972712086312,2.287933397495193,17.068623817962084,87.50767247231623,58.57333788686453,0,none
Line-B,2026-01-03 01:50:00,66.97506405118668,41.99206026357535,2.7211755100072423,15.937197013887136,82.3584085205818,54.40745527603703,0,none
Line-B,2026-01-03 01:55:00,63.67934118639063,41.22819008938629,2.891551312024537,16.57763679184149,83.16914637857653,60.00456368202437,0,none
Line-B,2026-01-03 02:00:00,64.62289318660447,43.17604535603896,2.9255014987053567,17.415358421072852,90.59882293746408,56.52377565269459,0,none
Line-B,2026-01-03 02:05:00,65.14970549461235,44.99641527823743,2.7640977272624694,16.172326149705615,87.29428023598453,51.24751483492384,0,none
Line-B,2026-01-03 02:10:00,64.43132200546779,40.24545414721355,2.31653097031656,16.471288738244343,89.34139854079459,56.16552061217628,0,none
Line-B,2026-01-03 02:15:00,64.64598040874168,36.38397556307104,2.468843152579624,16.870795294139377,83.00546744422522,60.23447697181988,0,none
Line-B,2026-01-03 02:20:00,64.61691607031912,41.123612459145605,2.551208296451966,16.44391734396739,78.40117772549199,61.07028073742846,0,none
Line-B,2026-01-03 02:25:00,66.88615334005256,38.02959112526821,2.032252850502388,17.318037525653867,78.36194246903653,56.46445301414468,0,none
Line-B,2026-01-03 02:30:00,66.36607353894337,41.90461936333088,2.5798323077903205,17.152013670974412,85.08766568809935,58.61872914189748,0,none
Line-B,2026-01-03 02:35:00,66.95150603343902,39.62957467174155,2.194485573024278,18.76718255120692,87.81194191282849,54.175556832378334,0,none
Line-B,2026-01-03 02:40:00,64.70172435882779,41.84016394036852,2.56549063274854,16.786023427500083,86.84305509698716,54.337269793325554,0,none
Line-B,2026-01-03 02:45:00,66.77048402384482,40.665907561401326,2.460092732624443,17.822624026249777,87.2867544624112,61.75722005890679,0,none
Line-B,2026-01-03 02:50:00,63.74893046320688,43.47736433931176,1.8874145298612564,15.535502275092554,86.73747330508475,51.95532920412562,0,none
Line-B,2026-01-03 02:55:00,65.31866205387205,41.57155086201393,2.6341118198063165,16.820240517128525,85.40633731768168,55.25948960385215,0,none
Line-B,2026-01-03 03:00:00,64.70827018079639,45.043576821689,2.561355019319586,17.96770533325479,79.57420494644396,58.08323507984249,0,none
Line-B,2026-01-03 03:05:00,66.81326205805847,43.486946488534784,2.1584096200446186,15.847826248529705,91.21312728109426,57.01473329175035,0,none
Line-B,2026-01-03 03:10:00,63.005158486999456,37.666059844392265,2.547180149276501,15.880246398791568,91.25926210847304,56.90186372227777,0,none
Line-B,2026-01-03 03:15:00,66.92423661952488,39.64125963814037,2.4848844375018464,16.95702502803188,87.81965666537268,59.05405142363094,0,none
Line-B,2026-01-03 03:20:00,64.38045501836672,41.191480117124186,2.4531078313352337,17.712641070951655,84.21006559397759,56.66504295786284,0,none
Line-B,2026-01-03 03:25:00,65.58347154560983,42.27904396354313,2.6768173935862207,17.15480292112522,87.54452965655439,58.87542776802645,0,none
Line-B,2026-01-03 03:30:00,68.87847417175597,40.05528426134544,2.6661327122302425,16.445136051162454,84.06499591675907,60.30399962742317,0,none
Line-B,2026-01-03 03:35:00,66.5730638153132,38.34545113033905,3.0430723307932865,16.568181831587115,89.34790865042835,52.72115155840538,0,none
Line-B,2026-01-03 03:40:00,66.63988934235489,41.42479892300899,2.89140687572662,16.75350872111904,90.2786615593736,55.78214880988723,0,none
Line-B,2026-01-03 03:45:00,68.25022122131652,41.28779217788421,2.5105567524878847,16.86140166459598,85.53005793087678,56.24562732407748,0,none
Line-B,2026-01-03 03:50:00,67.88712607533459,43.510024837078326,2.9509415127595284,17.375121437270757,83.6247160004246,61.66420143423105,0,none
Line-B,2026-01-03 03:55:00,68.45454849488341,45.93682592268558,2.6541808331797045,17.56324146445147,90.81469970694674,58.295743814281664,0,none
Line-B,2026-01-03 04:00:00,68.24641417784565,45.75005407564116,2.4410229346918437,18.26153498745809,88.29546989161429,58.76408190128907,0,none
Line-B,2026-01-03 04:05:00,65.49328771205522,42.53963425905464,2.500941474526105,16.97700125227504,89.05789641009721,57.11050150771336,0,none
Line-B,2026-01-03 04:10:00,67.72708484056277,43.05981281580853,2.9082139547587147,16.42887935903867,85.88301158883529,60.96650786666295,0,none
Line-B,2026-01-03 04:15:00,68.34340648032138,37.97213954075781,2.407117437662208,15.892273291907577,89.03836162274942,53.55051494491149,0,none
Line-B,2026-01-03 04:20:00,65.85938033233147,40.193405909635565,2.254675026506894,16.148514669660084,89.32317664642416,53.55186554251535,0,none
Line-B,2026-01-03 04:25:00,67.16316823395792,42.523796274234165,1.9650378167426636,17.825256332284972,85.20953721583349,61.43000727143384,0,none
Line-B,2026-01-03 04:30:00,66.2036621542151,40.44666492263428,2.723860862591291,17.291957281700057,83.70249314961765,59.71568958308821,0,none
Line-B,2026-01-03 04:35:00,66.4820807355084,38.63142774347968,2.783643938189856,15.192928028013752,81.66781465414154,59.80659863646454,0,none
Line-B,2026-01-03 04:40:00,67.4258871364875,42.65511955049945,1.7898067815045846,17.931652337481317,82.77355154160017,62.66713804601015,0,none
Line-B,2026-01-03 04:45:00,65.76384800728239,42.9137063372833,2.3665968474744803,16.70876843106341,85.02593381970522,56.71318234885605,0,none
Line-B,2026-01-03 04:50:00,64.49853511319469,43.00228824527622,2.407252143603576,17.24150322152668,83.42158865177944,54.04795106344274,0,none
Line-B,2026-01-03 04:55:00,67.78811918833533,42.077916389949365,2.7244957462184374,17.400017876919698,82.10065113036887,60.40313224602298,0,none
Line-B,2026-01-03 05:00:00,65.40677831803664,45.191500929998725,2.674606966908715,17.819251059009527,86.61252884052149,55.93320228607701,0,none
Line-B,2026-01-03 05:05:00,66.63780866084976,43.23454071861412,2.659612211965246,16.872218660017808,86.35009656740651,57.15330562013023,0,none
Line-B,2026-01-03 05:10:00,65.36220806842499,39.52858608656013,2.5318087460609706,16.45482505269502,84.01699826240876,54.91364505324125,0,none
Line-B,2026-01-03 05:15:00,67.60314651676399,41.57686098235028,2.1853716182433387,17.54688381012001,83.50902561939344,65.90316017316032,0,none
Line-B,2026-01-03 05:20:00,67.02475738749841,38.34221234688366,2.1185702323543847,15.99057946878478,75.69579842033383,50.74539641149263,0,none
Line-B,2026-01-03 05:25:00,65.5827687520553,41.47428585508088,2.658726500970816,15.88129742928746,87.10819826672682,53.82168920631474,0,none
Line-B,2026-01-03 05:30:00,66.42350675938665,42.87559219467648,2.539014723732219,16.373774722995357,83.7236198248278,56.50935847090386,0,none
Line-B,2026-01-03 05:35:00,63.3036439250024,43.840949147589015,2.6486162014397663,17.0253450382029,81.84598587579156,62.23315500756639,0,none
Line-B,2026-01-03 05:40:00,67.390381090999,41.79516822612224,2.7490602902081385,16.52335204536642,87.54809962609752,56.02479472457237,0,none
Line-B,2026-01-03 05:45:00,67.71263988991734,42.60355566416415,2.759371868534076,17.79643019514278,84.83958734470657,55.09710724412557,0,none
Line-B,2026-01-03 05:50:00,70.85053818315505,41.60087151774127,2.8707351032111674,14.55050753964295,84.05507596899588,59.80222363191842,0,none
Line-B,2026-01-03 05:55:00,67.96915528245783,43.01626439626666,2.5113517747191705,16.9957851843638,81.95588448642668,60.75843488827668,0,none
Line-B,2026-01-03 06:00:00,67.55095020806503,39.68364881972027,2.258223790201815,16.19659725156522,84.33484924000402,55.86524182508276,0,none
Line-B,2026-01-03 06:05:00,66.29976682886127,42.76618881402844,2.902137270833224,15.433730360929731,86.10172195164228,51.781532501386486,0,none
Line-B,2026-01-03 06:10:00,66.016882245152,39.84546671531902,2.4688959788334968,15.310814562035954,79.92894478711081,58.08189851430872,0,none
Line-B,2026-01-03 06:15:00,67.55605111556696,44.64426082441505,2.786566011492296,16.719672126940246,84.2407946474931,54.22294240404285,0,none
Line-B,2026-01-03 06:20:00,66.31574842654345,45.23032923305613,2.603649313096516,17.557065099452647,86.83813079239931,56.05723721069295,0,none
Line-B,2026-01-03 06:25:00,67.91920352649976,44.42546389633869,2.600486937669146,17.221540492862307,90.51180228077854,55.37139154697165,0,none
Line-B,2026-01-03 06:30:00,67.86675980588318,41.24932447447391,2.162253008993946,16.49440203773148,89.96036266587522,60.02657221837313,0,none
Line-B,2026-01-03 06:35:00,65.37834007211761,44.33419775446209,2.546098841832789,16.267479130164517,86.44566665382978,58.92243731878333,0,none
Line-B,2026-01-03 06:40:00,68.38430062167426,42.651828404572186,2.184999110736606,15.551755000897456,90.3720684534742,60.10371512092763,0,none
Line-B,2026-01-03 06:45:00,68.876041628415,37.58489259554537,2.4523495326311187,17.746370016109974,87.29545777964523,57.764365724680864,0,none
Line-B,2026-01-03 06:50:00,69.76946885928263,40.02295616611689,2.5422732671881074,15.69351164809429,85.6187502292909,55.42049599672927,0,none
Line-B,2026-01-03 06:55:00,65.0262848938476,41.45377756751442,2.264739566792057,16.676026315099918,86.522823590212,59.3342343618266,0,none
Line-B,2026-01-03 07:00:00,66.81485413580614,43.97510678015348,2.314234726832109,15.865264011945584,79.66406741562945,55.65902158442388,0,none
Line-B,2026-01-03 07:05:00,65.32764580257528,41.16365640207254,2.2811030837752067,16.864236105444284,87.13695629208122,58.85261914446179,0,none
Line-B,2026-01-03 07:10:00,66.68721152916638,40.75874863407637,2.289812236802905,17.310977868836577,88.90838306080164,58.3095610005124,0,none
Line-B,2026-01-03 07:15:00,67.20730649007716,45.23934916056519,2.1573035677684222,16.211838664044283,96.46211615362866,58.34913610021107,0,none
Line-B,2026-01-03 07:20:00,68.39885987813679,37.34964939540112,2.4659793493566755,16.256527000869973,88.42430155217436,54.83312957149714,0,none
Line-B,2026-01-03 07:25:00,68.13229085788223,43.4323375385016,2.914118061402623,16.67708620933285,86.45180694765241,57.35630399453761,0,none
Line-B,2026-01-03 07:30:00,67.9061738244718,39.1489904174586,2.6946616009073883,16.32100749725892,87.6937405970344,61.84139550702382,0,none
Line-B,2026-01-03 07:35:00,67.23945206222744,40.46807441267482,2.6905522308324343,16.1774325654189,91.80402069343393,61.22206948530916,0,none
Line-B,2026-01-03 07:40:00,67.10357220695953,38.78600269314106,2.617235420636953,16.59923978871057,87.91696220468513,55.598331858060114,0,none
Line-B,2026-01-03 07:45:00,68.87580005401325,38.16155368914009,2.1390480530565603,18.13272997557858,82.17306105080539,57.45275237541095,0,none
Line-B,2026-01-03 07:50:00,65.69586053378549,43.93308609660442,2.7304305395267026,16.026943377570085,90.82017474115328,61.68555333035678,0,none
Line-B,2026-01-03 07:55:00,67.10023495141459,42.11115386166812,2.151121893520839,16.838719994843554,82.76555269278431,55.0425629126295,0,none
Line-B,2026-01-03 08:00:00,68.49605310599854,41.28566431831016,2.195856184847248,15.45273246610999,84.21985308246381,60.07396479454965,0,none
Line-B,2026-01-03 08:05:00,64.98098432893399,42.00575033846391,2.3114986009158627,17.128633268019406,85.98477464370049,58.57548667294116,0,none
Line-B,2026-01-03 08:10:00,63.2932464218392,40.41747538256682,2.814091438987437,16.882056332515127,86.99439412706904,59.14633675920442,0,none
Line-B,2026-01-03 08:15:00,66.21687092470019,39.80168787208832,2.178428221116841,16.4448678838422,87.17091130443056,63.515113986050025,0,none
Line-B,2026-01-03 08:20:00,65.46779417481291,42.09027087906424,2.492268599591403,16.122455527208306,84.0347294671953,51.55757272635198,0,none
Line-B,2026-01-03 08:25:00,66.66924708321942,45.65471584034875,2.4469090830518025,17.481531636105842,87.38360225284138,55.50321127236632,0,none
Line-B,2026-01-03 08:30:00,67.97077638973803,41.80051536439981,2.751974147217307,17.281577553799558,82.88970334006761,60.67407693821912,0,none
Line-B,2026-01-03 08:35:00,67.35986632298393,40.629646862680175,2.469803936183632,17.093909948988887,90.7806101027836,55.65437226731418,0,none
Line-B,2026-01-03 08:40:00,65.31639026515353,38.36473396451991,2.473489027288793,18.051031415009625,95.57009895493592,58.80992814587964,0,none
Line-B,2026-01-03 08:45:00,67.75216238647083,40.32406217842112,2.760863787356396,17.87800091028849,90.18164029006104,57.2238539049462,0,none
Line-B,2026-01-03 08:50:00,66.82885216862641,45.52085002292505,2.375506224289855,16.770140265372223,82.79301308291195,62.669421531170805,0,none
Line-B,2026-01-03 08:55:00,65.0619047129423,44.32346641387967,2.484851968498096,16.662372593220717,80.58805502393987,52.67575245118702,0,none
Line-B,2026-01-03 09:00:00,65.9360494809334,41.02537607527488,2.598052977812048,17.07878661424272,86.53117266234057,56.36174357442973,0,none
Line-B,2026-01-03 09:05:00,67.99954578670847,41.55460637361509,2.5132080627206057,15.221060881110663,76.95977302227705,56.22058306825943,0,none
Line-B,2026-01-03 09:10:00,68.20334416038106,40.83245285902293,3.00118526808847,17.15590743285264,90.3804407134518,60.01833166750196,0,none
Line-B,2026-01-03 09:15:00,64.91232174188696,43.85283511765167,3.212963868027672,17.298761427978164,82.86908914336126,52.36769575536781,0,none
Line-B,2026-01-03 09:20:00,66.58402296742719,41.74381022043563,2.062581712152653,15.656695233280873,93.70136567099232,60.84715542938114,0,none
Line-B,2026-01-03 09:25:00,65.69288864577545,41.88408064608103,2.167198627363645,17.137377101543425,89.552609706555,55.94394183665932,0,none
Line-B,2026-01-03 09:30:00,68.47231483994041,42.23635249204135,2.6983523005241365,15.636585388100228,87.38347852541506,58.69997542650381,0,none
Line-B,2026-01-03 09:35:00,65.81069696116326,44.97917755721685,2.570183517283324,17.553068077208945,81.71322186181368,57.68241906773845,0,none
Line-B,2026-01-03 09:40:00,65.34748083705118,43.76862938823338,2.691712455846063,17.19263413573311,94.5976733298933,60.36549004716324,0,none
Line-B,2026-01-03 09:45:00,67.43608944110778,44.21888763742725,2.556797318020655,17.85601496317935,87.66789357664223,55.452430814137934,0,none
Line-B,2026-01-03 09:50:00,65.42674192267194,38.97652239564241,2.7637238031077773,17.59702991563016,84.97877721403613,58.33815164740101,0,none
Line-B,2026-01-03 09:55:00,66.69588023658179,40.53598500698788,2.69671173533059,15.339926081211116,82.7020997049115,57.9469069426846,0,none
Line-B,2026-01-03 10:00:00,64.81446911671843,40.405992870182615,2.5129300490409845,16.87474856395051,87.18860686387482,53.23638622823434,0,none
Line-B,2026-01-03 10:05:00,65.61582072540777,38.31671891119375,2.796564869600554,15.86782432312471,83.42539338637388,57.10426066606794,0,none
Line-B,2026-01-03 10:10:00,64.99095761081419,41.7634174124112,2.6559269120324167,16.69829038803816,82.80838920433263,59.40069410089053,0,none
Line-B,2026-01-03 10:15:00,65.52999242014752,43.012813742928046,2.364692044553301,17.409055151469964,86.93940992205752,59.78019296791816,0,none
Line-B,2026-01-03 10:20:00,66.1885892825954,42.48132335062186,2.6576592551548464,16.941478551521115,79.69226668972028,53.27023963795966,0,none
Line-B,2026-01-03 10:25:00,65.15058288830426,38.090927089369,2.5771956393520625,16.516545669808952,85.5906610287387,55.12689793743158,0,none
Line-B,2026-01-03 10:30:00,65.97363970425879,43.0576687592776,2.647799508390296,17.738448864448575,85.23056836395541,54.27236121478627,0,none
Line-B,2026-01-03 10:35:00,64.80932002219285,38.967384436289535,2.3055182274450674,18.1060594762704,83.58860845892085,56.17192425429673,0,none
Line-B,2026-01-03 10:40:00,64.22407853728764,42.224005850850254,2.465342119941885,16.285002336443224,78.39286041035277,50.24561211874558,0,none
Line-B,2026-01-03 10:45:00,63.721928072589904,40.742284449774615,2.6155334583991827,18.312089046203724,82.87994380945737,55.54061730993141,0,none
Line-B,2026-01-03 10:50:00,64.8100993933074,41.97185763398197,2.322486209348197,17.979247333054406,90.29688004557596,58.20756063947123,0,none
Line-B,2026-01-03 10:55:00,62.10250200469318,40.91700745446638,2.9133089779815187,17.466528196360375,89.25308660763096,56.748269272570624,0,none
Line-B,2026-01-03 11:00:00,62.41126602742861,41.53335380807078,2.39700364799649,17.61870941081433,80.93936178899713,54.72584607860168,0,none
Line-B,2026-01-03 11:05:00,66.08202447606598,37.76868324085008,2.5817912504814986,18.22201900074292,86.3128037060986,54.26122323960975,0,none
Line-B,2026-01-03 11:10:00,64.10350806914136,42.38873639134557,2.691727411256583,18.048599262448995,80.22086339710653,52.27860145132718,0,none
Line-B,2026-01-03 11:15:00,65.99214496385177,39.34962343250535,2.482772493829862,18.25511455816922,77.28045060425387,50.54355786295747,0,none
Line-B,2026-01-03 11:20:00,66.24331404347582,41.80178098580779,2.36566537776482,16.76000648852124,84.90090273897724,58.82721144789343,0,none
Line-B,2026-01-03 11:25:00,62.78571828130753,39.243831564434295,2.441588904199505,16.623091059949168,93.0632743525561,57.13277332789403,0,none
Line-B,2026-01-03 11:30:00,62.74863140079361,43.54387946522278,2.191217336198915,17.88957666611213,76.27887616451383,59.07504967742994,0,none
Line-B,2026-01-03 11:35:00,65.74491189808657,42.22348831898457,3.0900903049945563,17.674308306739604,79.69562040373967,51.96053486031842,0,none
Line-B,2026-01-03 11:40:00,61.5186334054786,38.3517835564517,2.5377287836896527,17.580703504499493,88.54411920374015,55.050140695079,0,none
Line-B,2026-01-03 11:45:00,62.70249735214549,38.16986527281329,2.818934062386944,16.79003169445973,78.32668187385403,53.838873007456336,0,none
Line-B,2026-01-03 11:50:00,62.9666654784532,42.19632330881918,2.40912684650725,16.52429070051971,84.1769373782084,54.38426697865912,0,none
Line-B,2026-01-03 11:55:00,64.18022668202134,41.76041985328819,3.4448021618777336,17.01444705768682,85.32559474655888,54.94228702093107,0,none
Line-B,2026-01-03 12:00:00,63.93197399276677,42.71573224144802,2.813029873282895,17.076616228313668,87.75379815132848,51.41867418116952,0,none
Line-B,2026-01-03 12:05:00,59.86941621615488,42.47731082436825,3.11698655728645,17.509051829177736,80.47946144826888,54.19421954738467,0,none
Line-B,2026-01-03 12:10:00,66.4715950296223,37.82057872829128,2.0080193257679877,18.04258777447861,80.18950806213186,54.49128624317702,0,none
Line-B,2026-01-03 12:15:00,64.13149287675597,38.97391987644135,2.3767149037722843,16.87357870603395,86.84278822992589,52.40714113047123,0,none
Line-B,2026-01-03 12:20:00,66.38275090452323,43.198575914563285,2.8239911837857505,17.79681216177379,80.76881875913651,53.39447017498826,0,none
Line-B,2026-01-03 12:25:00,61.70198933963415,40.68085804321592,2.954562324030543,16.209783228403854,87.34461654603442,51.85990477374237,0,none
Line-B,2026-01-03 12:30:00,62.75425006393585,41.98713776334723,2.608508601395177,17.023230957936796,85.3748237314092,50.14389182391277,0,none
Line-B,2026-01-03 12:35:00,60.04499573561007,44.50098256232178,3.088323367643911,16.818547922695966,85.0386558188722,52.86383101383503,0,none
Line-B,2026-01-03 12:40:00,63.28404974161306,43.7421285879575,3.3654968309333824,17.773043331258922,86.21621614698671,54.71098856425338,0,none
Line-B,2026-01-03 12:45:00,60.66777893947997,34.00921461808427,2.357158641911232,16.675303781661842,85.58314254606074,58.50469955585744,0,none
Line-B,2026-01-03 12:50:00,61.09766693844475,44.82043792895919,2.94768541352562,18.02155763635128,88.2930889887998,51.531433088284906,0,none
Line-B,2026-01-03 12:55:00,59.28794921271934,41.70773147132615,2.1487612691625877,16.612236601043698,84.78945849941704,50.53761238831947,0,none
Line-B,2026-01-03 13:00:00,61.44695711606816,43.532063885289816,3.3407854890611777,16.430092907684784,84.64125348523076,51.89199454337864,0,none
Line-B,2026-01-03 13:05:00,60.18130567699208,42.99796487462776,2.621759390566233,17.96114574309999,92.92604443021844,52.43824158133597,0,none
Line-B,2026-01-03 13:10:00,60.55856172914347,39.54217751245055,2.68171818754091,17.195826761079076,85.65710642912204,52.860935520107255,0,none
Line-B,2026-01-03 13:15:00,60.32596245180435,44.41695417203553,1.8807132990134967,18.16116681324698,87.96818061014677,53.00317380497382,0,none
Line-B,2026-01-03 13:20:00,62.06751954845832,44.94568783698663,2.823643256481941,17.361931197196153,86.31879653844463,52.31139935476084,0,none
Line-B,2026-01-03 13:25:00,61.53970125613914,41.14511975858629,2.745697398271615,15.638358101543878,83.25653851116792,51.23014680800837,0,none
Line-B,2026-01-03 13:30:00,61.006012951271,41.31100713576858,2.7920372238272795,16.99847104975476,77.67000133359296,54.00511984481823,0,none
Line-B,2026-01-03 13:35:00,61.50099542391241,37.9606981441692,2.581376130835596,18.034276966966253,80.87763974704811,53.6163784234079,0,none
Line-B,2026-01-03 13:40:00,59.77769531890757,43.761771405619406,2.7185327405512054,16.615293948970717,87.92729636874276,51.99563187835673,0,none
Line-B,2026-01-03 13:45:00,63.49021568331834,41.76679842973272,2.729950363695544,17.98660654320911,88.92318077893958,50.20588866949007,0,none
Line-B,2026-01-03 13:50:00,61.44856980385599,42.24153214618482,2.6281659787850047,17.237371911927617,87.40818098742831,58.09128479905725,0,none
Line-B,2026-01-03 13:55:00,60.644346560062175,41.20607902352916,2.7418901216507843,16.57241770204213,82.05575642083933,56.89072231874914,0,none
Line-B,2026-01-03 14:00:00,62.34221018342669,44.3379964224285,3.1852720961075,16.022989860590723,90.79199324485984,53.77906265954852,0,none
Line-B,2026-01-03 14:05:00,60.21816167167838,42.66678591177565,2.684658432454252,16.5720966926379,86.37315219124723,46.79500146400104,0,none
Line-B,2026-01-03 14:10:00,60.164075818275776,37.52008015886943,2.858498686388153,18.38684352714097,82.73151803510858,49.48689008133831,0,none
Line-B,2026-01-03 14:15:00,57.805000614907065,40.86330645751453,2.450983916720238,17.52725556545305,86.54195818172113,49.55770043437618,0,none
Line-B,2026-01-03 14:20:00,61.84787723676731,38.43224807378892,2.480165438902189,18.173005421475978,84.24720887450275,53.90615266037629,0,none
Line-B,2026-01-03 14:25:00,62.38970991438909,41.18150082870242,2.569169826612005,17.703844227819314,85.33333977216957,55.54212779716132,0,none
Line-B,2026-01-03 14:30:00,59.16662030514632,44.37059309016571,2.324688817290987,16.215370396346767,96.5599554864236,49.9755081365649,0,none
Line-B,2026-01-03 14:35:00,57.809768911822445,43.11364316560016,2.995378523649282,17.046112899380798,88.47727857018641,45.50038558653565,0,none
Line-B,2026-01-03 14:40:00,58.91969518993627,43.514834742102494,2.575733532631648,17.01116030416036,91.01476551179692,47.172832598715104,0,none
Line-B,2026-01-03 14:45:00,57.88890373641868,40.79286237536062,2.752882708047571,17.833883196723832,83.61149580982416,51.30197182643232,0,none
Line-B,2026-01-03 14:50:00,59.5844951396547,42.429918792367744,2.7475193990018485,16.923650658701156,86.19884601075026,50.993698322425736,0,none
Line-B,2026-01-03 14:55:00,58.36237903314008,44.30504599385244,3.0859428071667407,16.777889498941267,86.1397911354948,54.508302292091216,0,none
Line-B,2026-01-03 15:00:00,59.03427956508305,42.52084201586824,2.589604286209535,16.937846812473435,82.96937846566757,52.66688413661464,0,none
Line-B,2026-01-03 15:05:00,60.10620629166595,40.606805283005485,1.84635866083032,15.609860975660544,90.73308101132822,55.07177373264876,0,none
Line-B,2026-01-03 15:10:00,58.42094449196133,39.568829728791,2.6880498881602484,17.02585206478521,77.94965762804244,50.863722739428354,0,none
Line-B,2026-01-03 15:15:00,59.73412418652866,44.296442494906216,2.390767965763795,17.686214833205632,86.2949197749969,53.47549452209627,0,none
Line-B,2026-01-03 15:20:00,60.13392320356119,39.143453130483365,2.649233309954296,17.13816146771186,82.78342271325258,51.32001393447639,0,none
Line-B,2026-01-03 15:25:00,58.08832599371807,44.663119973314416,2.63529494181001,17.655052504244697,81.65051513546872,50.99297603058165,0,none
Line-B,2026-01-03 15:30:00,57.71561992217013,42.294715799606,2.214962365761936,17.03445154507036,87.20231243777633,53.86722404459058,0,none
Line-B,2026-01-03 15:35:00,61.31958365230312,41.68088133855893,2.5145037176420857,16.269120338260013,86.74807142229625,50.62113527219349,0,none
Line-B,2026-01-03 15:40:00,59.673560885089046,44.42377979876586,2.826459820813413,16.604824601676537,85.79886127624376,48.40801696460757,0,none
Line-B,2026-01-03 15:45:00,58.94121687453618,40.490370380578014,2.65662812073248,17.108655823740044,80.92233514339578,48.8175239354904,0,none
Line-B,2026-01-03 15:50:00,60.520026699765566,42.78957522916106,2.652646415497063,15.915934826459116,87.49016475204984,44.43661022934087,0,none
Line-B,2026-01-03 15:55:00,57.977097450018896,41.14354980911888,2.8281947083595464,16.418624458424826,77.32298261616243,49.36841296648354,0,none
Line-B,2026-01-03 16:00:00,56.36573069374257,39.32657719285714,2.8433484256760937,15.736278524633832,82.15942813271784,48.30861168560285,0,none
Line-B,2026-01-03 16:05:00,58.59507399546216,41.46893558091566,2.4482935039544493,16.782160160615,87.60631817732626,52.85452112461991,0,none
Line-B,2026-01-03 16:10:00,57.41176858255748,42.56900240600612,2.475425267658733,15.900856560731151,90.92131768678884,51.08327148430615,0,none
Line-B,2026-01-03 16:15:00,57.91223463067096,37.45220295793349,2.4176520814089537,17.750961714005786,79.47912686639133,44.28391609270987,0,none
Line-B,2026-01-03 16:20:00,57.86479414668027,42.98007356296754,2.5258897110419647,17.197384014768055,88.01293451551702,49.29796305153081,0,none
Line-B,2026-01-03 16:25:00,58.01443101989782,40.77896201234751,2.616850301355198,17.768681467075847,81.91572326764289,43.91935477234294,0,none
Line-B,2026-01-03 16:30:00,59.36523373180672,40.95019262533084,2.8629989591108664,17.675355999136276,81.24534058140829,49.84226382770805,0,none
Line-B,2026-01-03 16:35:00,57.8518971398218,43.15294748012968,3.075035782843617,15.621469443802138,84.94183252927503,53.99293397005425,0,none
Line-B,2026-01-03 16:40:00,58.05777156431365,38.79985964118056,2.5788236004066127,16.38817276265939,87.72416380940439,47.62206657239484,0,none
Line-B,2026-01-03 16:45:00,58.27113594085401,40.161800068097854,2.511195162029987,17.989034938197335,83.56187051093416,51.3133127039626,0,none
Line-B,2026-01-03 16:50:00,54.78357473947829,39.37031210128219,2.777411308616409,17.380078663924394,86.68272847858746,49.62919547766296,0,none
Line-B,2026-01-03 16:55:00,57.21076976772674,44.108708423925165,2.702891303087022,16.881148042533113,78.61713509088636,51.978283791789714,0,none
Line-B,2026-01-03 17:00:00,57.69235520737293,41.838356465043496,2.642611019043572,16.929568493457122,92.67239174469655,48.909644915904025,0,none
Line-B,2026-01-03 17:05:00,58.15547762490964,36.92060165723537,2.74985634272115,16.55126597095615,88.48829893845523,50.66753539427167,0,none
Line-B,2026-01-03 17:10:00,54.99052069599905,45.32964712381884,2.7729543719456298,16.733823460849717,88.93290768517005,43.81780511907567,0,none
Line-B,2026-01-03 17:15:00,57.124920928420224,42.89838991332205,2.579487644956524,16.73019153231868,90.4407928808784,49.55725645860234,0,none
Line-B,2026-01-03 17:20:00,56.18600783505946,42.69156835612807,2.143498098997082,17.387190894045283,83.88585561222672,43.199921541130784,0,none
Line-B,2026-01-03 17:25:00,57.424413181350815,41.77204984014143,3.1862619470946885,16.1078409191344,81.8211872082503,51.69245947851184,0,none
Line-B,2026-01-03 17:30:00,56.15405902629268,42.24395741848532,3.0454500476680466,16.40046374071592,84.50804779964771,52.64958576505938,0,none
Line-B,2026-01-03 17:35:00,57.07926262468452,44.47044637967076,2.390735038439934,16.098473501889636,86.24625966167689,50.78027947914618,0,none
Line-B,2026-01-03 17:40:00,56.22167105336232,39.39004028951581,2.212284500829615,17.777201568950947,86.62965545343394,46.572533047755854,0,none
Line-B,2026-01-03 17:45:00,56.02560109916981,40.62852628118567,2.736351173773333,17.13461998281738,83.64182191506391,50.83380063166236,0,none
Line-B,2026-01-03 17:50:00,54.59307301820211,42.02903993075889,2.342149249348127,16.792245728449874,82.11334071226734,49.13779432828857,0,none
Line-B,2026-01-03 17:55:00,57.54099064730819,40.86371267739178,3.136316346020685,16.159725558237895,84.64548630478347,51.19886999958778,0,none
Line-B,2026-01-03 18:00:00,58.13321518497532,41.52442802843952,2.9443869733331343,16.59762116390024,83.63502819652527,44.6016463329704,0,none
Line-B,2026-01-03 18:05:00,54.08227774617214,43.32215788997546,2.555215054893492,16.481230986072326,93.17154100473437,51.08585545057648,0,none
Line-B,2026-01-03 18:10:00,59.5899900748971,43.46687347482511,2.28265032777243,16.281625682532233,83.69638422155253,49.50728834974163,0,none
Line-B,2026-01-03 18:15:00,54.8346663829158,44.91710026533936,2.05265739807824,17.386198020924937,82.88101955720654,48.4636417354186,0,none
Line-B,2026-01-03 18:20:00,59.57388364029708,40.45641719776818,2.7810803190757447,15.349604852953362,88.60099653824572,47.49808981503958,0,none
Line-B,2026-01-03 18:25:00,56.40767370828723,41.02844685122773,2.740531452976327,16.54957710748402,87.31673203603864,53.7091492274913,0,none
Line-B,2026-01-03 18:30:00,58.37377035209517,40.231965043776285,2.8892097129906245,17.753270892825466,81.49180247613299,48.96325595743197,0,none
Line-B,2026-01-03 18:35:00,55.27872020000411,40.287491241965135,2.6489054632632905,18.45477848486339,84.18337678028124,47.21562522073407,0,none
Line-C,2026-01-01 00:00:00,70.87678585227805,44.88600924970597,2.4175370594652787,15.32448265230931,92.00785444140698,52.35982331158862,0,none
Line-C,2026-01-01 00:05:00,70.81005893536168,45.75941646607436,2.332935851077082,15.024625687514746,90.55186836630864,55.858350033165,0,none
Line-C,2026-01-01 00:10:00,71.75947766604042,45.414786943529,2.664301963153938,13.396680455035606,91.47741960312416,57.98261879808639,0,none
Line-C,2026-01-01 00:15:00,69.76858391955349,45.87940611726151,2.0952953668622336,14.35435886122141,96.32720440799493,51.85551964094583,0,none
Line-C,2026-01-01 00:20:00,74.07699583549389,46.41785385721187,1.763391724721404,13.570660438847783,95.94029579169435,57.62705041859204,0,none
Line-C,2026-01-01 00:25:00,71.87492386550663,44.09365635495139,2.248822158491165,13.610607455190204,93.84102657828169,53.94791485507752,0,none
Line-C,2026-01-01 00:30:00,72.80533002765658,43.77467982513612,2.149760894302956,14.929273364050406,92.016106397647,58.00985380499242,0,none
Line-C,2026-01-01 00:35:00,75.91846546626775,47.17917319854807,3.0316841242812265,14.409922591617596,95.42087244503128,52.52956361508618,0,none
Line-C,2026-01-01 00:40:00,72.26757007309844,47.79051375247073,2.808184118422905,14.76481864194804,92.78787480944322,59.54544048199678,0,none
Line-C,2026-01-01 00:45:00,73.41309940419839,44.83199425180926,2.399716275915565,14.75736979825962,85.47790758886943,51.00519833254021,0,none
Line-C,2026-01-01 00:50:00,73.48293623874802,46.90963370296284,2.5233984638662204,14.87671006574794,93.0942930842657,52.83869486932756,0,none
Line-C,2026-01-01 00:55:00,75.03328095473545,43.13250494344915,2.7260149338572126,14.760248136901025,95.2810547952018,55.41992073362354,0,none
Line-C,2026-01-01 01:00:00,74.12177570523353,45.66320800045997,1.9329143647353484,15.2049679422528,92.13062363018446,55.18000975937128,0,none
Line-C,2026-01-01 01:05:00,76.15845794253667,45.43354375540787,2.897927899514084,14.823336693895648,100.03002323630032,63.61775514696176,0,none
Line-C,2026-01-01 01:10:00,76.89144414956803,45.75510522147032,2.129244315993947,14.233544798072858,94.3855748966644,57.947992267316735,0,none
Line-C,2026-01-01 01:15:00,73.45453637864921,46.80126915944774,2.1935760401335096,14.934965286966246,89.95952528660395,53.60303005989476,0,none
Line-C,2026-01-01 01:20:00,74.7604850392944,45.78569130220948,2.390143042082543,16.020985044641353,93.63366884226674,56.66322433332594,0,none
Line-C,2026-01-01 01:25:00,74.14314929370265,43.35642526792176,2.135691194540669,15.158150845573624,88.52340480383046,52.94267557937306,0,none
Line-C,2026-01-01 01:30:00,74.3100625776302,41.85065240665341,2.188947446323292,14.9232790999053,92.56717457145554,53.69903490173712,0,none
Line-C,2026-01-01 01:35:00,75.87208098760934,46.286357812289424,2.236324264325467,15.728127448909971,93.76970294006904,54.08059678876221,0,none
Line-C,2026-01-01 01:40:00,74.42890253916694,49.39000804768229,2.818502848447185,14.087278480420856,90.88110535072806,54.51487769007865,0,none
Line-C,2026-01-01 01:45:00,74.32200262525751,44.904656260680696,2.7816493755680867,15.904814566618004,100.87514860994726,53.91511525756654,0,none
Line-C,2026-01-01 01:50:00,69.72948952517888,44.17700887235186,2.5451595918632344,13.979414908224864,96.91115189558435,54.29133274090032,0,none
Line-C,2026-01-01 01:55:00,76.43178797504582,42.189819253243726,2.425172278751454,14.004708109393023,93.7551226919622,60.35104962847814,0,none
Line-C,2026-01-01 02:00:00,76.57085349596869,45.266607632045016,2.0831019380828804,14.486871676099074,97.31066164971674,58.46454607240605,0,none
Line-C,2026-01-01 02:05:00,77.92745156878257,47.82479222793727,2.607040517713298,14.08135436412952,89.39672193009297,57.05686635715103,0,none
Line-C,2026-01-01 02:10:00,75.17241669427112,45.78317043531234,2.186704418956797,12.96048113910872,89.80852162517742,57.47859304983544,0,none
Line-C,2026-01-01 02:15:00,77.45439872700933,43.8432362929733,2.102652180713048,16.31929780398519,93.65522935640328,50.21088909104595,0,none
Line-C,2026-01-01 02:20:00,75.23497538563164,44.76870052879144,2.771440202943793,15.279449918559465,92.10757242446228,57.45243441814803,0,none
Line-C,2026-01-01 02:25:00,78.03892279042468,42.5796469287274,2.444048266107436,14.706063902690332,96.446220169118,51.90804539912767,0,none
Line-C,2026-01-01 02:30:00,75.99400363313076,45.10082395157394,2.554273796425784,14.52152404971778,96.2246913644397,55.177291601872206,0,none
Line-C,2026-01-01 02:35:00,76.25342049946181,48.26862172025916,2.432088972759466,14.616840260758522,94.42953709959438,52.01672770136961,0,none
Line-C,2026-01-01 02:40:00,76.62329885307767,47.17048797652737,2.6577884465141546,15.574805889912676,98.80714371784728,56.84761755757735,0,none
Line-C,2026-01-01 02:45:00,75.54865908108961,48.764320157852,2.3097058375931283,15.20422215340217,104.91131263211092,58.95451042714262,0,none
Line-C,2026-01-01 02:50:00,76.13613277209511,45.392835414185136,2.358332504948576,15.643842648092027,94.1137145877728,54.55117928661181,0,none
Line-C,2026-01-01 02:55:00,79.18117033930434,43.841400892234006,2.650214001838795,15.605424983790822,87.83549821280369,56.34559944996841,0,none
Line-C,2026-01-01 03:00:00,76.3519330637154,43.8949308001254,2.200169991272676,16.286909807196672,97.3935039924436,57.53826906256293,0,none
Line-C,2026-01-01 03:05:00,75.4799556125111,47.07491194326721,3.0216921871914986,15.75719597534642,92.4483938664911,62.35737491785824,0,none
Line-C,2026-01-01 03:10:00,76.13668808484232,47.40825392370353,2.612062922994048,16.152152333623707,95.48080480102024,55.54831155451781,0,none
Line-C,2026-01-01 03:15:00,78.12031205578545,47.032574113218665,2.571421037769257,14.882918063832728,87.53246926560217,57.20603089349183,0,none
Line-C,2026-01-01 03:20:00,76.54305643204187,46.84344126999651,2.503377678698881,16.17557264222467,98.69975562967622,54.80860528733951,0,none
Line-C,2026-01-01 03:25:00,76.73261399629372,45.29281761784114,2.573506137420177,15.279270520498336,87.1315085775623,53.0988701590427,0,none
Line-C,2026-01-01 03:30:00,76.74156049689036,44.13988748531927,3.0144203690305416,16.06001086377892,95.81580265603364,57.41876384861703,0,none
Line-C,2026-01-01 03:35:00,75.23935551098688,44.092220887667615,2.8132919371304523,15.970207136302504,98.65655946533704,59.18466964133398,0,none
Line-C,2026-01-01 03:40:00,76.74278141965614,43.61750035262502,2.568987515362989,14.924575109571624,100.7943653690348,52.53738271630023,0,none
Line-C,2026-01-01 03:45:00,76.17341094517887,47.2900484131931,3.04949540171297,14.351489500882826,90.45008479868795,55.65855370799705,0,none
Line-C,2026-01-01 03:50:00,79.35583168202903,45.733085652468674,2.4582938393955187,14.49274584595154,92.13045951597164,53.07496776299192,0,none
Line-C,2026-01-01 03:55:00,77.49942245476677,47.05523192386059,2.8885182179799096,14.710116823687772,89.73621618411005,50.62200238485284,0,none
Line-C,2026-01-01 04:00:00,78.73955503641646,46.69653921034115,2.685293005370854,15.73919613811898,97.21830198227327,50.92080720330265,0,none
Line-C,2026-01-01 04:05:00,77.58863718836746,47.639710679456,2.7901854406566384,14.578188788254163,85.93862950656366,56.84692431608411,0,none
Line-C,2026-01-01 04:10:00,79.23900189047717,43.566031170028005,2.9993282158348733,14.502722198444255,96.32883424878698,60.498981582579546,0,none
Line-C,2026-01-01 04:15:00,78.14106113636528,45.59035473387556,2.580325690584992,15.403285370606469,91.100635758699,56.76957650478754,0,none
Line-C,2026-01-01 04:20:00,78.20415588393548,45.82815514574347,2.4129464989533256,13.868594159994446,91.19497892458848,56.095122733914415,0,none
Line-C,2026-01-01 04:25:00,77.12835802060856,47.27893977063249,2.733001947359825,14.229705097603432,95.15326933298068,55.290126365311615,0,none
Line-C,2026-01-01 04:30:00,78.45295767108439,48.24522770718458,2.2174249163564768,14.649061377433586,94.90464494078172,62.37578230874744,0,none
Line-C,2026-01-01 04:35:00,77.58034954671022,49.9782682056812,2.77410991225628,14.927347714243666,91.4575022357548,57.79269710142563,0,none
Line-C,2026-01-01 04:40:00,77.47261170176361,46.22047723967496,2.146418654793503,13.94943459546026,90.94037574900614,59.985717210285614,0,none
Line-C,2026-01-01 04:45:00,76.23105671525411,46.10572943909452,2.4696757731643224,15.00716993849204,93.90286019738902,60.84546778602171,0,none
Line-C,2026-01-01 04:50:00,77.42355706698147,47.13396139568112,2.3503448601528567,14.411027934689027,87.17867550774565,51.42780286759109,0,none
Line-C,2026-01-01 04:55:00,75.498373183028,46.90157027489341,2.654499383107475,15.77393719444079,97.33634648889938,52.54235799366126,0,none
Line-C,2026-01-01 05:00:00,77.93146040811645,42.53463510422149,2.5649884357765864,14.273740364204956,89.21378637709086,63.18328723444524,0,none
Line-C,2026-01-01 05:05:00,80.50053827025638,45.48358702057588,2.1716059994636945,14.871381907235063,91.30084359149552,55.52399432318949,0,none
Line-C,2026-01-01 05:10:00,77.71765161774168,46.56528731731228,2.654010368009954,13.66974110691566,94.28821597658444,55.85854772944204,0,none
Line-C,2026-01-01 05:15:00,76.51842647140671,44.25353559364059,1.9982028441469943,15.005227936070384,95.30534482258584,55.78657888324149,0,none
Line-C,2026-01-01 05:20:00,77.85914956406964,43.65100296254601,2.2632277159642347,15.83223472574964,93.5958094448062,56.463702677595535,0,none
Line-C,2026-01-01 05:25:00,79.43185580308479,49.34407828907203,2.342545119444567,14.96493291725024,92.6712120695966,59.20766522326912,0,none
Line-C,2026-01-01 05:30:00,78.15072367473626,45.53119870734607,1.6319955997903526,14.191851588346104,90.46042111610907,51.26432267762162,0,none
Line-C,2026-01-01 05:35:00,80.37604049662198,46.57414849976269,1.9025689618622852,14.45242600056578,98.46693353947543,53.58854793722863,0,none
Line-C,2026-01-01 05:40:00,79.63291550478019,46.827171178024784,2.0625317368357488,13.996596126103835,91.6454268941006,58.56386077749141,0,none
Line-C,2026-01-01 05:45:00,78.91876163280736,48.00927738589072,2.374507042848617,14.938141871509298,93.99355252134824,60.49781101753158,0,none
Line-C,2026-01-01 05:50:00,77.41199332651861,44.82396090182257,2.8392851558114933,14.618183187094813,97.80994628275847,55.8809205817806,0,none
Line-C,2026-01-01 05:55:00,78.58221805408523,45.74638547932233,2.7119857311672586,14.684083067853122,91.91783903424314,58.89530102629463,0,none
Line-C,2026-01-01 06:00:00,79.36006902854125,49.19590350948656,2.832507929417111,15.671696320848726,101.20639879342676,61.04421683149242,0,none
Line-C,2026-01-01 06:05:00,77.39755645514175,47.04608972179988,2.510626701344913,14.236624091595976,92.82700680252748,52.75909156493941,0,none
Line-C,2026-01-01 06:10:00,75.8488290514189,44.30457775656959,2.5554627810215345,16.18896003185184,91.43928691774136,61.328700097636464,0,none
Line-C,2026-01-01 06:15:00,79.55795167824479,44.88880752153306,2.610971222492785,14.13216162105497,102.38438631466956,54.68499183595921,0,none
Line-C,2026-01-01 06:20:00,77.94850697367244,47.13495865909347,2.5996901343048164,16.202313710518546,97.69811079138375,57.41290870345624,0,none
Line-C,2026-01-01 06:25:00,78.62309928729444,42.65761648625746,2.85147877040953,14.819071578719855,92.86837917790646,62.423435677343534,0,none
Line-C,2026-01-01 06:30:00,76.58838847314696,49.172683969740376,2.46471993170949,14.001671226537646,90.79836054848994,56.36611271745267,0,none
Line-C,2026-01-01 06:35:00,79.72433823454442,45.65534811794861,2.8261123456591197,13.33290316886648,94.76775061238703,60.18198800400069,0,none
Line-C,2026-01-01 06:40:00,79.62400329095502,42.86444614773859,2.690061177560907,15.165455040189112,97.11445123143652,56.61148125766067,0,none
Line-C,2026-01-01 06:45:00,77.18482555484961,47.18568908132354,1.8656765391854424,14.471580387273114,92.0491852649469,56.80505461486944,0,none
Line-C,2026-01-01 06:50:00,77.4993132728944,46.5118057705949,2.647667276430528,14.713152147060985,96.56959098066514,55.76023007130427,0,none
Line-C,2026-01-01 06:55:00,77.7930132295783,45.05209044811479,2.500055060335033,14.352656230569806,96.32745405094376,55.09474342517528,0,none
Line-C,2026-01-01 07:00:00,76.92391278349267,43.20567919653362,2.2924777226118653,15.791590187704518,89.81098013955733,63.83418700235728,0,none
Line-C,2026-01-01 07:05:00,79.66676246740467,43.79770781035586,2.6867246403363625,14.888577076296002,87.28289418048458,55.80917617579178,0,none
Line-C,2026-01-01 07:10:00,77.23097559901262,44.50799598929925,2.2107781886679243,15.25549459302637,87.83328705805893,56.80001972109322,0,none
Line-C,2026-01-01 07:15:00,74.97540281116419,44.69537850657393,3.012044128266456,15.873577796390284,94.77467929699516,58.57321006517051,0,none
Line-C,2026-01-01 07:20:00,76.85257070652735,49.23704241881415,2.447175457025084,15.562522373492332,86.55648369709834,56.96072008084169,0,none
Line-C,2026-01-01 07:25:00,77.8880310131341,47.37581841548617,2.996522121178329,15.713220107725766,93.37531920087588,55.090825033337616,0,none
Line-C,2026-01-01 07:30:00,78.32055127389012,45.9803567366163,2.6507905058387298,15.579053578259517,96.6280098738644,56.58776433843256,0,none
Line-C,2026-01-01 07:35:00,79.42826813378909,46.46255964526649,2.679756863335146,16.082586715845043,97.18753019162354,59.06643672170184,0,none
Line-C,2026-01-01 07:40:00,79.7241167314056,51.61997738281396,2.6127969247560907,15.562120752107964,98.99894253518735,51.40557880831111,0,none
Line-C,2026-01-01 07:45:00,76.91364369709848,45.42957170175599,2.4683194091068694,14.5305165246851,92.3150052769444,55.555750626364656,0,none
Line-C,2026-01-01 07:50:00,79.08931133052134,47.4616345864448,2.7433794665491984,15.318178702784078,98.19315802003888,52.94742318048905,0,none
Line-C,2026-01-01 07:55:00,81.03364475458989,47.58670830599593,2.4598844770330968,14.13196424381957,83.78416964673255,56.89351680613268,0,none
Line-C,2026-01-01 08:00:00,78.76844932911061,47.00816849350486,2.266074558149318,15.32992908559111,89.37602243565705,53.21319666683568,0,none
Line-C,2026-01-01 08:05:00,76.44439571083628,44.262352376973176,2.7047942721381277,15.462247410466016,93.73558569562248,54.7221378132322,0,none
Line-C,2026-01-01 08:10:00,78.77269477883523,44.38706995257193,2.9546790613095766,14.754281854727331,88.25791920743609,56.640898574763945,0,none
Line-C,2026-01-01 08:15:00,76.90267212927886,44.60421472557862,2.459159967609081,16.470651853167265,91.03694011385316,55.70312619233693,0,none
Line-C,2026-01-01 08:20:00,78.3957413723968,45.01768992541973,2.281187756109494,15.438977426856882,98.67109711296156,58.23902750824563,0,none
Line-C,2026-01-01 08:25:00,76.31142975629565,45.486470946207646,3.1839883488116514,15.599086183033805,95.41810052060598,53.17631097008327,0,none
Line-C,2026-01-01 08:30:00,77.67107134969936,41.57031444731961,2.5959916757806143,15.680197721734128,93.44794584914185,54.362469371328935,0,none
Line-C,2026-01-01 08:35:00,76.54835547503382,46.39365014150845,2.0276923291098554,15.26453626783862,96.00025930704936,57.73577545906236,0,none
Line-C,2026-01-01 08:40:00,78.92829944951853,46.08026230892531,2.46258676413395,16.037889653430256,89.23079621294238,54.61617472870286,0,none
Line-C,2026-01-01 08:45:00,78.54344388696755,46.37101627527221,2.710037254712559,15.164208551613314,103.10550224913256,56.74617223031024,0,none
Line-C,2026-01-01 08:50:00,78.6181684237776,44.22188202006341,2.574019091689089,15.016384901941384,89.35011145333716,56.86305104009054,0,none
Line-C,2026-01-01 08:55:00,73.43850054380283,45.96265964174584,2.4799012311110875,13.418121200503398,90.29558666196829,57.07233090041344,0,none
Line-C,2026-01-01 09:00:00,75.29507940186909,45.08684440991481,2.567670499215317,14.45796283300597,100.38976569576668,60.97555375148293,0,none
Line-C,2026-01-01 09:05:00,76.90765501786326,44.45443865535772,1.9740321310274964,13.340484750620226,95.67242219063812,58.39888953196481,0,none
Line-C,2026-01-01 09:10:00,80.44840004594253,47.4049277834381,2.71668088472176,15.732106500106564,88.97840850362431,55.083298225840366,0,none
Line-C,2026-01-01 09:15:00,78.51616266619212,47.59427639522845,2.119583727603924,15.377820850003411,90.306770808255,54.55346697284008,0,none
Line-C,2026-01-01 09:20:00,75.54704049617867,48.49424741210844,2.600029813106258,14.192832304332123,95.7707815903661,53.44811826373376,0,none
Line-C,2026-01-01 09:25:00,76.54609273609182,44.42491940769831,2.9470484295474675,15.332469152598408,92.9055050918285,48.28605465549181,0,none
Line-C,2026-01-01 09:30:00,76.1473230094923,43.07075528155175,2.543339595472072,15.232735025084269,101.41243996398578,49.668228764365786,0,none
Line-C,2026-01-01 09:35:00,74.59321295552715,50.68918654368892,2.4481103725398925,15.09173292755628,85.94161537458136,57.21069040729181,0,none
Line-C,2026-01-01 09:40:00,78.03931490030561,42.593583674708746,2.330631512602855,14.568190797001831,99.02974020067136,51.82954670627705,0,none
Line-C,2026-01-01 09:45:00,75.66832907118255,42.76099084688138,2.472861961018221,14.78621107161864,93.25413654868626,53.50362988956084,0,none
Line-C,2026-01-01 09:50:00,75.12680656539726,46.51861876759287,2.586159442973475,14.71303107377033,90.32702450981874,58.44327868458503,0,none
Line-C,2026-01-01 09:55:00,75.07733633282932,47.55466126783608,2.171344501773853,13.531288467757909,96.67627150229212,50.94143888651306,0,none
Line-C,2026-01-01 10:00:00,74.55649346627173,44.54379868372478,2.4333454802110137,13.80420789858707,102.60760978428786,57.97614796620849,0,none
Line-C,2026-01-01 10:05:00,75.080691362041,45.42249681096905,2.503679308674267,16.073100170035204,95.38061274119958,56.14773826909346,0,none
Line-C,2026-01-01 10:10:00,74.89470792331971,43.47053822570554,2.2790632789387164,14.368222582586762,93.5570191634081,49.93319175278885,0,none
Line-C,2026-01-01 10:15:00,74.87075683550216,44.44215925278487,2.5741306590031363,15.46128767809252,99.7384032802574,51.86495900435848,0,none
Line-C,2026-01-01 10:20:00,75.60685879575334,45.39613674041416,2.559275625211454,13.513262194206046,95.04777326529718,54.50754670332377,0,none
Line-C,2026-01-01 10:25:00,75.73467230077135,45.59877078908232,1.896712600599931,15.170112998430978,91.26461787653407,56.18280702627074,0,none
Line-C,2026-01-01 10:30:00,74.48339794727437,49.64634785671936,2.164645082892525,14.504012320361843,96.34279818650144,52.518791792656906,0,none
Line-C,2026-01-01 10:35:00,72.56489193871661,44.80219402573778,2.054293839285472,15.235470536462392,87.88175508599618,53.15338316389445,0,none
Line-C,2026-01-01 10:40:00,72.45907761657526,42.98803431734304,2.653071522690704,15.01620440654298,94.27955560991084,59.47672217870775,0,none
Line-C,2026-01-01 10:45:00,75.35176498211116,44.38132525732916,2.425894794464765,14.6190535246281,90.7114382586829,47.661260893897406,0,none
Line-C,2026-01-01 10:50:00,73.10377402086422,46.45843398568977,2.737072552230314,15.428106759968149,85.37745841852407,52.75169270670359,0,none
Line-C,2026-01-01 10:55:00,74.03651621018072,44.03206561258545,2.4734175474308566,14.014738431191455,102.1009795961458,57.28048579562874,0,none
Line-C,2026-01-01 11:00:00,76.0709322869203,44.37272968933746,2.587968684330721,13.967266724149486,96.63917655267552,58.06013068686824,0,none
Line-C,2026-01-01 11:05:00,72.46003459639189,45.90367589520351,2.2319782883928627,15.202265174487108,85.50209734071288,58.47570641920239,0,none
Line-C,2026-01-01 11:10:00,72.38666084613246,44.89271169106068,2.694411614354556,15.266045454553325,98.64880203009264,51.70326849340057,0,none
Line-C,2026-01-01 11:15:00,69.58662570963483,44.93469104504988,2.400947617496,15.252159143830982,91.95403162199668,57.26425651002032,0,none
Line-C,2026-01-01 11:20:00,73.23199705738553,42.514119252567575,2.428582213256132,16.04576431635145,89.45567657666487,55.54107827476321,0,none
Line-C,2026-01-01 11:25:00,73.55350117558041,44.93953514711183,2.486899751975303,15.39633374537783,93.0580818949302,57.62541663209719,0,none
Line-C,2026-01-01 11:30:00,75.30198543998772,46.67299855634262,2.337229051024474,14.719055657917831,97.99414516158582,49.51516012599461,0,none
Line-C,2026-01-01 11:35:00,72.2518319626305,47.646188119498994,2.3116549274352725,14.342946485068264,95.51288645733506,57.941831488311806,0,none
Line-C,2026-01-01 11:40:00,73.96471676775305,49.344080504831226,2.0848719093884687,13.511427369966531,95.44246483623635,52.95712299288712,0,none
Line-C,2026-01-01 11:45:00,73.49070829208242,47.564217797870725,2.406803692093527,16.49424222054818,97.08914031485736,54.34563407871844,0,none
Line-C,2026-01-01 11:50:00,74.17387143033852,46.13032450580216,2.8807003051460742,14.674675750009817,90.3959954651412,52.84127276599801,0,none
Line-C,2026-01-01 11:55:00,75.84236278682211,48.23094253732236,2.815910611694754,14.020965034534782,93.76054435640866,56.19705585675964,0,none
Line-C,2026-01-01 12:00:00,74.69595448204551,48.45805553726895,2.759598109218496,14.519457969703682,96.36829729184883,57.56533184587886,0,none
Line-C,2026-01-01 12:05:00,72.24258945931857,46.8494597136876,2.359473524374956,14.484162328374046,98.25963729024676,47.16982311523317,0,none
Line-C,2026-01-01 12:10:00,74.90548398921804,48.65376189178184,2.9025327051612746,14.78759308447058,92.20700914649063,52.831011569612656,0,none
Line-C,2026-01-01 12:15:00,71.44128733642992,47.92416100034058,2.452994012649561,15.008959691351718,95.67756715517504,54.41182986547254,0,none
Line-C,2026-01-01 12:20:00,70.37732828513263,45.14629552906325,2.4152036626662423,7.6604899016265104,98.6264680345088,52.002153756371214,1,spike
Line-C,2026-01-01 12:25:00,69.8242913232105,45.78759156647671,2.866570710122825,15.142375116789442,96.30553500606676,51.76474123250684,0,none
Line-C,2026-01-01 12:30:00,73.3800920377571,46.03646642430531,3.023183719772391,14.441768735262707,89.95982818361409,50.23099013017593,0,none
Line-C,2026-01-01 12:35:00,72.46076744264435,46.733064207197145,2.322597108562496,14.996256377297613,95.35851439285877,49.08200777022845,0,none
Line-C,2026-01-01 12:40:00,73.10042673993836,50.16359558067859,2.290804226711752,14.396053778959947,95.71740731691838,55.43115986772631,0,none
Line-C,2026-01-01 12:45:00,73.48310929978214,46.797594309814194,2.285240231268609,14.3407222219918,102.68308972592806,52.25558956388897,0,none
Line-C,2026-01-01 12:50:00,70.05708758821844,46.06246742871124,2.128784170166853,15.71865492862656,87.4658160593415,53.630578984728366,0,none
Line-C,2026-01-01 12:55:00,71.33325290924344,48.72879450531775,2.859276507171127,13.127602699104475,92.09738199891407,53.43063820759681,0,none
Line-C,2026-01-01 13:00:00,72.75456049743632,48.261537162612186,2.3719350985984384,14.636422778200131,96.66056759559004,50.80624047034861,0,none
Line-C,2026-01-01 13:05:00,69.85855265373198,43.34842510874103,2.662892427503094,14.698223393866977,88.79514748131362,50.03813597399168,0,none
Line-C,2026-01-01 13:10:00,71.71556161265488,46.92650322504044,2.603028166288904,14.92855158780988,90.65396947400473,54.82398218469642,0,none
Line-C,2026-01-01 13:15:00,70.8125792164515,45.20820377624132,2.89366660888142,14.347767324349936,86.36107080232468,54.223405660477376,0,none
Line-C,2026-01-01 13:20:00,71.47019960294573,46.50407665288374,1.893957461587345,14.445089237111889,99.0647104200504,57.07324336131874,0,none
Line-C,2026-01-01 13:25:00,68.71970553082666,45.5224177313583,2.102142283027606,14.508328078421853,89.77151192006521,56.25925193030452,0,none
Line-C,2026-01-01 13:30:00,69.59782751711317,45.25072641002819,1.8556068792279623,15.13819463481807,96.43033373682692,46.53753629282856,0,none
Line-C,2026-01-01 13:35:00,68.68448365207009,47.60349454552246,2.157907441317052,15.402892737524931,103.27814324195433,49.681798821760495,0,none
Line-C,2026-01-01 13:40:00,72.51145141308704,45.911242127782415,2.7023143945934143,14.653282959995204,87.47832337208364,49.43170660574802,0,none
Line-C,2026-01-01 13:45:00,72.00762082045244,45.80975020775494,2.463252676143839,14.169226661112605,96.49243565178564,55.665510012177386,0,none
Line-C,2026-01-01 13:50:00,68.18254862637215,44.13825608154179,2.1229945066803264,13.72528723618548,93.0639787040337,56.32052809050945,0,none
Line-C,2026-01-01 13:55:00,69.2303232075569,48.69852149718063,2.448390145107155,15.6539506901347,92.95407821906356,49.539872977852966,0,none
Line-C,2026-01-01 14:00:00,69.81238960123044,44.81562358162867,2.416832350207327,15.148143179689107,92.281842834631,49.52653488581343,0,none
Line-C,2026-01-01 14:05:00,71.79714378935506,48.95067423400104,2.146482061123629,14.503342610391716,94.82362856978146,53.86197994713264,0,none
Line-C,2026-01-01 14:10:00,67.05716658218418,44.41393583798934,2.660069657802236,15.719548519418872,84.68403005755398,52.20821324017341,0,none
Line-C,2026-01-01 14:15:00,69.20061101772015,43.29718534415839,2.376882895118304,15.102450573739462,93.34221194829138,51.21317517362581,0,none
Line-C,2026-01-01 14:20:00,66.69828351712951,46.69062079328391,2.5038441550130632,15.988470902554008,95.04674546481662,52.98912855011937,0,none
Line-C,2026-01-01 14:25:00,69.31510883629564,43.372308848888856,2.0767828179907206,15.25203535794313,90.4130943370154,53.19213704856599,0,none
Line-C,2026-01-01 14:30:00,70.55088000903575,47.56838473168058,2.1200884183873416,15.449029199780163,103.20922330715788,56.81527940739855,0,none
Line-C,2026-01-01 14:35:00,67.05000487427115,47.986301321270034,2.249162711486186,13.784889452707924,99.1704173371052,52.06333673959736,0,none
Line-C,2026-01-01 14:40:00,68.20759845421948,45.48851201696949,2.3603367082777407,15.068875423296197,90.8560066498172,52.77782279426352,0,none
Line-C,2026-01-01 14:45:00,67.30003090718232,48.90619190957992,2.384445630213452,14.578607683528404,95.37280731586743,47.91461397314599,0,none
Line-C,2026-01-01 14:50:00,71.51336422926389,42.43053481482223,2.203843839144047,14.10756320637108,93.59233907248164,55.29871883670216,0,none
Line-C,2026-01-01 14:55:00,66.43733396746967,46.080356165514594,2.762401113950712,13.953137164094928,89.25920525694957,46.52035772402794,0,none
Line-C,2026-01-01 15:00:00,67.20198954936431,45.02044812386773,2.071676057702041,14.991397439913923,99.11851017852037,46.68669606282528,0,none
Line-C,2026-01-01 15:05:00,67.90477524749068,44.61820181518151,3.0772747304345085,14.77027426845066,97.82020365629216,49.56161013802584,0,none
Line-C,2026-01-01 15:10:00,66.38071644331373,46.49116861719792,2.2867571825898025,15.251438398406528,94.36512398069485,47.20436461328241,0,none
Line-C,2026-01-01 15:15:00,68.1323416026873,46.65105037511443,2.322881843827034,14.44777646194398,93.64021303019985,50.12231334244172,0,none
Line-C,2026-01-01 15:20:00,68.61135312942204,48.26032340941501,2.127661183045373,14.501084964108266,91.74330130303557,49.90878528461252,0,none
Line-C,2026-01-01 15:25:00,68.37326200749672,44.594260481201246,2.622997257197538,15.213303283982198,96.32359160243838,52.531462540560085,0,none
Line-C,2026-01-01 15:30:00,69.1121229880177,46.13580785591015,2.2754414331521158,16.069820658714388,96.91677900984224,52.00430962388983,0,none
Line-C,2026-01-01 15:35:00,68.00493478637704,44.7334895422158,2.7418036333204605,14.654857979655317,95.85571168720668,52.15440120605496,0,none
Line-C,2026-01-01 15:40:00,65.08845113917951,46.72490831137983,2.627386159695153,15.221835385957592,92.07674745464077,48.26248395147169,0,none
Line-C,2026-01-01 15:45:00,67.97500404136763,43.5613678650041,2.597480220922829,12.940473563477394,92.66382432248405,44.39268705086519,0,none
Line-C,2026-01-01 15:50:00,68.84793770055374,45.50638388995249,1.7807338637196537,14.528091270283992,101.8521468289116,48.70597338465632,0,none
Line-C,2026-01-01 15:55:00,67.34236355875736,46.24845208932448,2.0017263784008685,16.222916121525092,93.16877325686605,46.1114898098368,0,none
Line-C,2026-01-01 16:00:00,66.8607042893888,48.352087794349885,2.590103477096604,17.43461742335444,97.2826151877886,52.24874350630894,0,none
Line-C,2026-01-01 16:05:00,63.37486549157539,42.85789704023154,1.950830122939422,14.404019105507682,98.21079143822732,48.232121220603474,0,none
Line-C,2026-01-01 16:10:00,68.88968026881909,44.820485860980064,2.719439153722345,15.627399964272264,100.64220970881104,46.66225860997309,0,none
Line-C,2026-01-01 16:15:00,70.02730113892055,50.08745081244306,2.7248836705517463,15.397824595592216,96.08047227325036,48.921397600852735,0,none
Line-C,2026-01-01 16:20:00,66.55552648828889,44.0932476645905,2.6175727669863176,14.869976473820197,92.00466052587188,45.202297086831415,0,none
Line-C,2026-01-01 16:25:00,66.80693769179543,48.494644852890055,2.139689744645464,13.757753245555744,89.61145106196892,52.34807986320482,0,none
Line-C,2026-01-01 16:30:00,67.48662406392735,45.01905831783891,2.217536445132702,15.59793492643802,95.1063811612742,49.98093132664996,0,none
Line-C,2026-01-01 16:35:00,65.69830999053374,43.67142169306563,2.6043286556047724,15.49469945795679,92.98770258840663,48.45866794597521,0,none
Line-C,2026-01-01 16:40:00,66.47342319477065,51.534202468424645,2.8450222064055786,16.082755389353906,99.73128528171438,53.54331384771885,0,none
Line-C,2026-01-01 16:45:00,69.67167680804683,49.89970936566019,2.883169055537301,15.217045773363534,96.85949147327194,46.59549264165415,0,none
Line-C,2026-01-01 16:50:00,68.70526188766156,47.85538804844112,2.580739925836351,14.554390840349347,92.81463961970556,48.41911174005974,0,none
Line-C,2026-01-01 16:55:00,68.80829731116941,44.19826667398834,2.307838199318464,16.010602256820384,100.81687316222568,45.33134652857012,0,none
Line-C,2026-01-01 17:00:00,66.8747349375132,40.63623712343127,2.460253818702114,15.582858833481858,86.00122055329096,47.51967962324625,0,none
Line-C,2026-01-01 17:05:00,65.66931611875665,46.9032480106841,2.289903430427828,16.073272720400396,92.66477918885336,45.82473213041569,0,none
Line-C,2026-01-01 17:10:00,69.52070072524822,45.06620523963423,2.331414439208986,13.803652669327205,96.50371938081524,45.551578059178645,0,none
Line-C,2026-01-01 17:15:00,66.58684010746303,46.16410676829306,2.5075358345407266,15.230586575115526,90.189094036796,48.71992732132474,0,none
Line-C,2026-01-01 17:20:00,64.63204641055943,43.46191010747561,2.681072422144575,14.144274212947629,94.36507495435627,45.49786682260759,0,none
Line-C,2026-01-01 17:25:00,62.83065594788536,48.54946173724626,2.7599522168115502,13.374757099532545,91.52450987830994,50.95984297916412,0,none
Line-C,2026-01-01 17:30:00,68.32251084788524,44.86058650512901,2.158791432570311,16.0964441659763,98.77269863306492,55.98814074769872,0,none
Line-C,2026-01-01 17:35:00,66.20664790136333,44.99726449695072,2.320230581000573,14.976010217173137,91.4783399086948,49.29601726709108,0,none
Line-C,2026-01-01 17:40:00,69.19995066877979,45.84643900664484,2.1268790530891635,15.259417298333592,93.88859701546129,54.01763060489822,0,none
Line-C,2026-01-01 17:45:00,66.65565326484065,46.28716507401395,2.45011415184532,14.13054387116516,89.27560829764491,46.78377719487269,0,none
Line-C,2026-01-01 17:50:00,64.22744684350174,47.22616830098368,2.237856532581008,16.71395488633828,94.4316167124696,46.49032914669117,0,none
Line-C,2026-01-01 17:55:00,67.40361032279598,46.1582811492192,2.434866689708728,15.872598740753482,101.91770765127308,47.54170169144269,0,none
Line-C,2026-01-01 18:00:00,66.61228902391203,46.18694839356309,2.31518514539894,15.350107762926257,91.73513732147909,45.19093847781117,0,none
Line-C,2026-01-01 18:05:00,64.58567940675982,48.39385119685372,2.8001260547710305,14.279727668734722,93.75556198750988,52.57253858151088,0,none
Line-C,2026-01-01 18:10:00,66.72543803230015,48.22453000884209,2.4385257103948006,15.801828307272991,98.362752084788,48.47773600873643,0,none
Line-C,2026-01-01 18:15:00,68.13292092693764,45.52766863216175,2.850101901916723,15.234118893962902,92.317357621838,44.78623808246049,0,none
Line-C,2026-01-01 18:20:00,68.54997529355667,47.15563404526097,2.9417025745035645,13.66173838200466,103.28662615924104,45.54137446638199,0,none
Line-C,2026-01-01 18:25:00,70.08696604603817,46.103071035292814,2.209353589379566,14.80708604842983,89.13394047907005,52.05292574679569,0,none
Line-C,2026-01-01 18:30:00,66.91662179829277,45.174522424743046,2.302603562119446,16.11247334249189,95.8015739570732,46.86470730192113,0,none
Line-C,2026-01-01 18:35:00,64.31928628152889,45.7224047715571,2.5066606670732368,16.17636591949818,91.39620852921792,49.9837165819349,0,none
Line-C,2026-01-01 18:40:00,66.8583454014386,46.30146322902297,2.4666748448903086,15.54679791770992,103.41055327729144,52.97622009236429,0,none
Line-C,2026-01-01 18:45:00,66.4362056328296,44.54042427046872,2.2880727568589423,15.246242464654843,94.53473381216256,53.98077608873505,0,none
Line-C,2026-01-01 18:50:00,67.90102768803425,46.38516998202778,2.353902475550152,15.788449954143143,94.57630442890589,48.75498794683389,0,none
Line-C,2026-01-01 18:55:00,68.3441457833055,46.96753978134311,2.473338710005576,15.75816533388069,91.89523087139592,51.08358530829933,0,none
Line-C,2026-01-01 19:00:00,66.72734181710712,45.04626763320203,2.483546693730041,14.080057590237304,97.27110181963202,49.39602879038559,0,none
Line-C,2026-01-01 19:05:00,68.93254789860165,46.746712403829264,2.334038156853528,15.573415933118572,92.74548259214082,52.727958035825296,0,none
Line-C,2026-01-01 19:10:00,67.27837584396816,46.35740715640652,2.471947571041264,16.666144304212715,99.55050357606032,51.20620921125352,0,none
Line-C,2026-01-01 19:15:00,69.11309681712775,45.1647206012313,2.740899207732913,13.627691653558598,83.24731094146021,48.05014572332978,0,none
Line-C,2026-01-01 19:20:00,66.09413990286086,47.660639754575726,2.3722026771181057,13.737727848813376,97.09907741339497,50.62111439496599,0,none
Line-C,2026-01-01 19:25:00,69.84458941163291,46.89338399962239,2.4342468805625987,15.393798852378808,97.6632847606831,47.3685927278416,0,none
Line-C,2026-01-01 19:30:00,69.02269502510369,47.29359337278756,2.65752257050106,16.960018163341108,90.22906932699736,50.10865367625777,0,none
Line-C,2026-01-01 19:35:00,67.14761143191707,48.7320318625574,2.6295541323967884,16.099162603751,93.91538780679473,53.46998592913955,0,none
Line-C,2026-01-01 19:40:00,66.92284508879669,45.34523687323416,2.01903603197061,16.538341298711153,94.24557532558704,48.48689991159935,0,none
Line-C,2026-01-01 19:45:00,69.85497097510097,46.33179206780736,2.026220093527565,14.521393794497865,90.8281235411558,51.650906417214486,0,none
Line-C,2026-01-01 19:50:00,68.84236989141104,49.12357668240833,2.6497748101227314,15.146229045492827,94.47947605304556,48.76573624418616,0,none
Line-C,2026-01-01 19:55:00,67.47991990190995,46.33974850220104,2.2748917708789373,15.1058652043315,90.96161094337772,50.8165117333704,0,none
Line-C,2026-01-01 20:00:00,67.13581474225238,47.73247277175787,2.201171833963195,13.02264693270393,97.80847390664948,51.73681936241768,0,none
Line-C,2026-01-01 20:05:00,67.98926319318589,45.73964327740898,2.737424724974051,14.520889586424971,97.49275590077768,48.72779929061591,0,none
Line-C,2026-01-01 20:10:00,65.64980308117642,46.42648679746731,2.527779660352629,15.749179123305453,94.34397884768109,51.123969858328216,0,none
Line-C,2026-01-01 20:15:00,65.53191955980265,43.89710736459382,1.596837622961497,14.067074778059034,98.01598319653336,49.097359631069885,0,none
Line-C,2026-01-01 20:20:00,65.78429660338601,45.821090928520185,2.3611556267877054,15.493277717171576,90.88810525098994,52.11468196005693,0,none
Line-C,2026-01-01 20:25:00,66.47002631084274,47.01933220136527,1.7813878528786344,14.984395241325556,94.06694877008908,50.31673980699492,0,none
Line-C,2026-01-01 20:30:00,68.37010806721595,44.563240486277785,2.03435685716639,13.971145849606655,92.66786762328286,50.55710588858765,0,none
Line-C,2026-01-01 20:35:00,70.73755405338684,44.87104417301159,2.225907204010685,14.91175908927351,86.97377671596938,48.46376154312777,0,none
Line-C,2026-01-01 20:40:00,69.28555245124198,45.15845268997213,2.6132615572729128,14.26947977572007,97.46148543012376,51.28452592127279,0,none
Line-C,2026-01-01 20:45:00,67.9753196835098,50.13749798438885,1.9217734957046475,14.647182388158878,99.28168828413408,49.636770665950536,0,none
Line-C,2026-01-01 20:50:00,68.69284497808255,48.85108312080008,2.4333228108062417,14.231864497057373,89.37969534249854,51.16708451420149,0,none
Line-C,2026-01-01 20:55:00,67.19513346566876,46.89235958959345,2.3880133556284973,14.445232732925058,95.72431308766068,48.1172964935144,0,none
Line-C,2026-01-01 21:00:00,67.77007006969392,47.15081624873136,1.5091434371102008,13.588881282351393,93.97022835611286,48.28998323496165,0,none
Line-C,2026-01-01 21:05:00,70.18649776151389,44.5765956464174,2.482310059108288,13.27835086833303,95.6261101158996,53.10302520035433,0,none
Line-C,2026-01-01 21:10:00,68.96441945486045,47.34357521167224,1.8845097916070677,15.248960236637814,93.31627222238302,48.86738903594205,0,none
Line-C,2026-01-01 21:15:00,70.47599259913768,46.139468621631416,1.8398516876298296,12.55784906431771,101.16417965858948,47.8712605023549,0,none
Line-C,2026-01-01 21:20:00,67.13547704138544,46.21607284349451,2.1351192464674065,14.127470347995134,93.55031008190338,53.64063767626999,0,none
Line-C,2026-01-01 21:25:00,69.08650869304597,45.97308619914299,2.105385342291121,13.861743546510002,91.81533214488157,55.53001303877294,0,none
Line-C,2026-01-01 21:30:00,67.94506726894684,47.57271067706243,2.534045808640649,15.558513549096016,88.82385159525359,52.859475756740565,0,none
Line-C,2026-01-01 21:35:00,70.6267683996536,39.49032543210394,2.3164929837673576,14.055678191416638,96.01284502916695,50.31874447324264,0,none
Line-C,2026-01-01 21:40:00,70.69449047643391,46.840904683797966,2.2590600129060103,15.84814447763911,93.38773043157228,46.55897159639336,0,none
Line-C,2026-01-01 21:45:00,67.79587140479308,48.975254934838574,2.478592594317818,13.7034733626933,89.23110212456247,51.73703168400836,0,none
Line-C,2026-01-01 21:50:00,67.99885392767891,45.34896412570961,2.202539853370073,14.67442027793363,96.69604166169212,52.37144149756019,0,none
Line-C,2026-01-01 21:55:00,69.64743089393671,47.35680017112609,2.37021903988226,15.644573772817417,92.64419227705524,52.16712112654542,0,none
Line-C,2026-01-01 22:00:00,70.24557763792232,48.06594494681427,2.554918698964629,14.304955974124,95.16299944510614,56.83186263473496,0,none
Line-C,2026-01-01 22:05:00,66.54554732902287,44.27656295966011,2.4868022182082443,14.60278016651445,93.4437122702387,51.37583273897912,0,none
Line-C,2026-01-01 22:10:00,70.29665131546858,45.49210369325753,2.4043646848027014,14.597477168086344,87.37267951010217,51.38754300612862,0,none
Line-C,2026-01-01 22:15:00,69.5483222539392,44.19532033776518,2.034386737820479,15.01011837646906,99.02372254506184,53.518639475414254,0,none
Line-C,2026-01-01 22:20:00,70.4654287495899,48.55357068317043,2.197998736920608,14.341684172686683,107.65036247860262,47.43508520439247,0,none
Line-C,2026-01-01 22:25:00,69.23290989373938,49.0317065754292,2.918355233792086,15.222423111855072,94.1294917560609,57.431100878782765,0,none
Line-C,2026-01-01 22:30:00,69.53162348587828,45.29187392833031,2.301018293259841,14.13501089059378,98.54432046448495,51.574449352041135,0,none
Line-C,2026-01-01 22:35:00,68.39828816243615,43.89690473311399,2.3898118450894885,15.403634989801724,100.34905497083848,50.89201485857118,0,none
Line-C,2026-01-01 22:40:00,69.60526385817101,44.32434544858108,2.372525969296542,15.67188371193279,99.01474456751816,53.91708012091226,0,none
Line-C,2026-01-01 22:45:00,68.9205600859694,44.86621307656525,2.622100256937963,14.935899947139696,92.9215909543899,59.17293023970894,0,none
Line-C,2026-01-01 22:50:00,68.34895804644206,47.4700106604877,2.2641041651267684,14.667533962708584,96.80571454665952,55.24422945872752,0,none
Line-C,2026-01-01 22:55:00,71.48784925935188,46.63727262877059,1.78295179457311,14.291289166547775,90.53085793607514,56.53405056783767,0,none
Line-C,2026-01-01 23:00:00,70.35401482331345,47.18846245699935,2.029194405262864,15.082988453098851,102.47341391289994,48.81105012718387,0,none
Line-C,2026-01-01 23:05:00,68.23022265339907,44.09879883668561,2.416982648544372,14.870815424966104,95.68127894081698,56.41865342269816,0,none
Line-C,2026-01-01 23:10:00,71.08212298742782,46.722730028127664,2.1004871643756617,15.338205833963908,97.95234067254069,48.62663065659729,0,none
Line-C,2026-01-01 23:15:00,71.43538636752072,46.94199169546069,2.4756235311968444,15.196267327758983,93.58831893492268,50.0526781015911,0,none
Line-C,2026-01-01 23:20:00,72.24134617995293,46.623615328497145,1.9494281829903517,13.707446123354444,93.41866430245106,51.30076176655509,0,none
Line-C,2026-01-01 23:25:00,71.62328234579235,46.36985898408261,2.697552061164967,14.308412937691498,94.79265242116324,57.673141571737006,0,none
Line-C,2026-01-01 23:30:00,69.73668712851226,46.30457771306245,2.5146752797916645,13.855910026908688,92.57705169199342,52.08727323626658,0,none
Line-C,2026-01-01 23:35:00,72.0886045055458,42.83494413246681,2.117111945243872,14.491601600868862,96.21059890273408,47.8722832963885,0,none
Line-C,2026-01-01 23:40:00,72.31607997351834,44.90096499402803,2.889417522308171,14.432435578172225,94.36774101266484,55.25052285499327,0,none
Line-C,2026-01-01 23:45:00,71.51769216167037,48.47676729705487,2.465796274448441,15.1566034194833,93.2131449423134,56.23871683119224,0,none
Line-C,2026-01-01 23:50:00,74.71561464874806,45.75543314774975,2.58540647921032,14.943280703081893,93.50005462587384,50.25676385879528,0,none
Line-C,2026-01-01 23:55:00,74.60555391715081,47.164007518369615,2.779645875352799,14.78123943177373,91.54788566621647,56.16632670392133,0,none
Line-C,2026-01-02 00:00:00,71.51782043794545,45.51284116983067,2.4492593036537347,14.25222434347086,97.63928026746544,54.52398018611872,0,none
Line-C,2026-01-02 00:05:00,75.37059877083807,42.65390786241797,2.669760421791926,14.2986516277889,102.50294609707588,47.35448861282609,0,none
Line-C,2026-01-02 00:10:00,75.6895645872999,47.62933055064349,2.94104941596348,13.096774348013875,93.1681266994859,51.76777172839716,0,none
Line-C,2026-01-02 00:15:00,74.90792200516007,46.7782465779499,2.3835468053633706,14.515092543265766,96.10162300083653,48.74993761152949,0,none
Line-C,2026-01-02 00:20:00,72.87503095527961,45.13433690376333,2.374960346696504,14.503482700532132,92.12778790726487,51.536871954469376,0,none
Line-C,2026-01-02 00:25:00,71.99050187942038,45.88396411984503,2.162645669058609,13.355846292080216,98.97556222441575,53.64682083500594,0,none
Line-C,2026-01-02 00:30:00,73.81335177923108,48.56904210837351,2.454407761317116,15.33513850938677,97.925100624865,54.8411753125836,0,none
Line-C,2026-01-02 00:35:00,75.01048574623812,47.350692404186894,2.453841505070779,15.1161756425709,89.53726986611773,51.55373089689718,0,none
Line-C,2026-01-02 00:40:00,73.76192416999406,45.75663144969802,2.373195885192339,15.832350703450595,97.92379507929871,59.06594742821225,0,none
Line-C,2026-01-02 00:45:00,71.43346653657312,46.78166376329588,2.616449095829679,15.00302808421289,93.09007033473316,54.26861131776795,0,none
Line-C,2026-01-02 00:50:00,70.72964390376555,48.71183023662126,3.1690701314572216,15.054695008475711,93.92127305093508,45.43692791915801,0,none
Line-C,2026-01-02 00:55:00,75.0027815126837,44.65005707403611,2.236419714887984,16.282272355861178,95.63453670116128,51.97671015177058,0,none
Line-C,2026-01-02 01:00:00,71.59804871641444,49.46745742221355,2.422419549295061,14.092819686799013,96.77203408921328,59.02973357624233,0,none
Line-C,2026-01-02 01:05:00,74.7959263671084,48.95424857078893,2.476155233019641,14.832031566798468,92.4622723835686,51.22250610196591,0,none
Line-C,2026-01-02 01:10:00,74.4061077071639,50.46371025633034,2.235534691796329,14.824333135837708,92.46694507036644,55.07360419016733,0,none
Line-C,2026-01-02 01:15:00,74.59322021642967,47.31847846819203,2.627253188463294,14.616135900984007,98.53757035031796,52.61263630061607,0,none
Line-C,2026-01-02 01:20:00,73.55413670241309,47.2422971680932,2.4579469591342225,15.50515662590905,94.66519685406207,50.36703681760718,0,none
Line-C,2026-01-02 01:25:00,73.29157941004227,45.787342854898974,2.4087648994328594,15.949209296777456,94.1589575616958,54.122037646078205,0,none
Line-C,2026-01-02 01:30:00,74.84135301859854,47.01721346799983,1.7122785796238555,15.661978927557534,100.76579172847518,56.68057921783911,0,none
Line-C,2026-01-02 01:35:00,72.54474965450423,46.25169232344135,2.7748258247244504,14.231853288944643,95.3172055175603,58.42047786394379,0,none
Line-C,2026-01-02 01:40:00,74.8920165409441,46.75887582043219,2.402839316992844,15.275149209023152,93.46361246794858,56.21623460393583,0,none
Line-C,2026-01-02 01:45:00,74.21654100016633,47.60216054846754,2.0471685332763565,14.671513221495426,101.40190793883536,57.95733887721229,0,none
Line-C,2026-01-02 01:50:00,72.21246784727349,46.37179652178269,1.8653608376694408,12.61334272192732,90.57652056607304,53.83154869521388,0,none
Line-C,2026-01-02 01:55:00,74.35913187659331,46.87532232448941,1.9844798398369796,14.458839294874332,91.5337661210667,57.083902362504425,0,none
Line-C,2026-01-02 02:00:00,75.48243414197422,42.902869101879496,1.6488850719540389,14.220240176778356,92.717579574755,55.43539749883869,0,none
Line-C,2026-01-02 02:05:00,73.78419089630327,50.4372046770747,2.521672368011449,15.493492651116073,91.11780902211504,54.21644407301087,0,none
Line-C,2026-01-02 02:10:00,75.63991244698093,48.43742270084795,2.380518450462917,14.551486720803352,97.99323086013324,56.8214420874792,0,none
Line-C,2026-01-02 02:15:00,75.60601058081885,46.28392540151628,2.328046987420381,13.914622908918457,97.65835624679904,57.75014427989345,0,none
Line-C,2026-01-02 02:20:00,76.73909935374542,45.34779675386926,2.5190973878607896,13.91185975693611,89.68513361362756,50.47487504451916,0,none
Line-C,2026-01-02 02:25:00,74.30506999166806,44.49189020762062,1.908338114606929,16.34107829416921,98.9909545930397,56.49211224519868,0,none
Line-C,2026-01-02 02:30:00,76.20461414322547,47.271806515188366,2.1919310455232224,14.964146864552015,94.18823877119864,59.63483945423558,0,none
Line-C,2026-01-02 02:35:00,74.16613030693838,45.99736744949976,2.405962831180189,13.832619323875402,89.49434754897113,56.4846496566881,0,none
Line-C,2026-01-02 02:40:00,76.7785896642867,46.05178960367338,2.141924186910201,14.394549576813832,88.60805449225221,59.81107527142685,0,none
Line-C,2026-01-02 02:45:00,75.73937211954158,44.836324325472326,2.610941615817502,15.188406927310934,91.3929875436485,57.27298614675024,0,none
Line-C,2026-01-02 02:50:00,77.14175932750176,48.15400555806036,2.300180319772592,16.09625881744693,89.43069040498168,55.14590699406387,0,none
Line-C,2026-01-02 02:55:00,76.29984163583244,46.94414072897017,1.5868611066204932,15.678290597218162,101.89961391384132,55.15665883670813,0,none
Line-C,2026-01-02 03:00:00,75.96013572544422,43.62044478187423,2.784055894713303,14.400722060888183,93.09143781460216,51.866428345809766,0,none
Line-C,2026-01-02 03:05:00,76.43101107695912,43.92003500577943,2.0765729535666773,16.84209006033796,87.67480212082216,53.66027871214585,0,none
Line-C,2026-01-02 03:10:00,76.80285827129772,45.50212538896145,2.5199265023380764,13.933014535750784,95.92160946961876,63.94988282102241,0,none
Line-C,2026-01-02 03:15:00,74.47434333201083,46.66732081086937,2.519983038109644,15.063127037239628,94.09349007755236,60.19244632703732,0,none
Line-C,2026-01-02 03:20:00,77.77366829314724,45.35780645793497,2.3739767012882145,15.861703367775402,93.96397430195738,55.79535813512657,0,none
Line-C,2026-01-02 03:25:00,74.88790193381345,44.55653417318036,2.5026333694464773,15.051676294489834,90.60588132442804,56.67657975777646,0,none
Line-C,2026-01-02 03:30:00,77.89605306533666,44.00748346678146,2.1282611109721614,14.531814845319712,90.93084408955592,52.96367161125826,0,none
Line-C,2026-01-02 03:35:00,75.53908281727445,44.5641145009393,1.7581938574509013,15.746673221022292,89.33698952758708,59.14438227013615,0,none
Line-C,2026-01-02 03:40:00,77.58162168177398,46.18737641305989,1.7756682281648044,15.144795604866156,96.16282141958617,57.45550594677412,0,none
Line-C,2026-01-02 03:45:00,76.65533030048529,46.21968276636802,2.467674132382048,15.075031617620771,100.79687415241548,60.52833530338553,0,none
Line-C,2026-01-02 03:50:00,77.06780607813941,46.79524055570767,2.3194527038074098,13.923990472082307,96.326692487519,60.17535701876299,0,none
Line-C,2026-01-02 03:55:00,77.04249945117043,45.80657410071705,2.420347910190598,15.04443818457696,96.15453556611092,61.63383994828008,0,none
Line-C,2026-01-02 04:00:00,77.71734985975337,42.54479146990465,2.436851750237782,14.387790339391255,98.76849823538087,56.10426529697597,0,none
Line-C,2026-01-02 04:05:00,76.44702841475771,46.69500667726477,2.9147669348065675,15.436174510162644,87.72216056005121,63.71397667449648,0,none
Line-C,2026-01-02 04:10:00,77.9271074062961,45.33288281856175,1.9372494805159344,14.256759299249683,92.95020136226472,57.12819777234203,0,none
Line-C,2026-01-02 04:15:00,75.48822306899967,44.84887076456317,2.5278298341865715,13.840016914497312,89.81891232380403,60.14275778257928,0,none
Line-C,2026-01-02 04:20:00,79.55098905229407,44.41069045615925,2.4336774870148967,16.378262521570914,95.53737112637252,52.73884178587964,0,none
Line-C,2026-01-02 04:25:00,79.23704840623333,44.576471942096674,2.4643333068141664,16.037149424463863,91.75521597834708,58.12262711679967,0,none
Line-C,2026-01-02 04:30:00,79.50988098574393,46.36868939224625,2.315640198824108,15.332297329212434,95.05122689216306,60.11500697399912,0,none
Line-C,2026-01-02 04:35:00,79.27107977230538,46.65719939972785,2.754281447851473,14.769178749845969,98.85850751705637,57.92349044797046,0,none
Line-C,2026-01-02 04:40:00,76.80550716563964,44.13283653150921,2.11861262036748,14.792409996776591,92.91545359481192,60.46589979909144,0,none
Line-C,2026-01-02 04:45:00,76.22171435602034,46.526980083003664,2.446646701476195,14.822327411446762,98.8757786338786,58.358615128533614,0,none
Line-C,2026-01-02 04:50:00,79.5049684526968,45.47204997528216,2.7873916529585405,15.778002204921751,100.13190315932918,59.200578602472056,0,none
Line-C,2026-01-02 04:55:00,78.20863815896973,44.24230424574482,3.101071134824537,15.28028329775448,89.36685939964077,61.410960550601736,0,none
Line-C,2026-01-02 05:00:00,79.6417075508451,45.85149326344734,2.532099771629405,15.202389505596935,98.21843690671736,55.153368034585576,0,none
Line-C,2026-01-02 05:05:00,79.86897266682644,47.37500352059635,2.24824012120215,14.216404521854692,94.63732853866472,61.40857741366816,0,none
Line-C,2026-01-02 05:10:00,79.7987346323846,48.30980260656338,2.11063834867888,15.28550909540462,96.75536809914942,57.376946403349386,0,none
Line-C,2026-01-02 05:15:00,78.0947975181783,46.31037431113526,2.6271296898267704,13.936399238799304,90.68270146524732,57.239802507271285,0,none
Line-C,2026-01-02 05:20:00,78.03327592916087,49.1237894586349,2.66466079040797,14.531412513473278,97.8379584792961,59.444612046027366,0,none
Line-C,2026-01-02 05:25:00,75.79063963908148,47.386098934488814,2.859587086192507,16.54805976529646,89.34636180198322,61.97425642765895,0,none
Line-C,2026-01-02 05:30:00,78.7302002478686,45.09428289310823,2.7319461738330757,14.1520541519789,94.95988688855093,55.25438236633572,0,none
Line-C,2026-01-02 05:35:00,78.70627546615972,43.54892010858698,1.9057873231654407,14.656737565461375,99.56240565356993,59.12040735856149,0,none
Line-C,2026-01-02 05:40:00,77.32516564020618,43.71061187575976,2.166999062420814,14.737390856630077,92.73550105946263,54.743928224835656,0,none
Line-C,2026-01-02 05:45:00,79.63778878206627,43.84176120729775,2.4785500668871583,14.767799853972695,100.14064298152542,60.219349146608266,0,none
Line-C,2026-01-02 05:50:00,76.09939473870537,46.17956830002168,2.6466785773933665,14.07482520760124,94.5708926380822,59.19601989030798,0,none
Line-C,2026-01-02 05:55:00,76.7320118196095,45.253934632928434,2.724097914113959,15.508891249807789,94.1850544633594,57.26128004365472,0,none
Line-C,2026-01-02 06:00:00,77.71211810944143,43.72148593832334,2.5631972761663984,14.764869305232496,100.58359306582597,58.63852666814893,0,none
Line-C,2026-01-02 06:05:00,77.0559929159512,45.14179805506072,3.0487427442354376,15.658711445414385,99.9029695427246,56.81022348831954,0,none
Line-C,2026-01-02 06:10:00,78.69963383681997,45.31431182225626,2.1062096254356764,13.664818886736937,93.61986350118342,54.490459723316256,0,none
Line-C,2026-01-02 06:15:00,78.37821421337794,44.85212792488731,2.261248202099853,15.303064140712005,93.96700060506684,59.51117688249112,0,none
Line-C,2026-01-02 06:20:00,79.07295442885176,47.079733093367096,2.6576974647024905,15.017257007261296,97.2956202459085,56.2718200476684,0,none
Line-C,2026-01-02 06:25:00,77.86435098312963,48.9484310420404,2.879110428764561,15.00818787758397,89.71567020224346,60.74204711254242,0,none
Line-C,2026-01-02 06:30:00,77.484841042781,43.93880672835413,3.0467270336894394,14.664773484547966,96.2314658667258,60.29936832745901,0,none
Line-C,2026-01-02 06:35:00,78.5761545157767,45.4781561995606,2.525605842782356,15.732633001093951,94.70024251966758,55.4380205460778,0,none
Line-C,2026-01-02 06:40:00,80.25191172144103,40.82146760929248,2.944163789556905,14.146936332408943,93.23836633330488,55.61516414156425,0,none
Line-C,2026-01-02 06:45:00,79.94793288027249,42.22128768863616,2.648422689211173,15.762547374967708,99.93538127103798,58.45466983086381,0,none
Line-C,2026-01-02 06:50:00,79.04203061957661,47.85839835881042,2.5816936175586984,15.17499633992582,93.44370594474846,64.60255961847156,0,none
Line-C,2026-01-02 06:55:00,75.70893289194281,44.84835753094258,2.99281156888443,14.109615395992504,95.02320922144976,56.48778356613845,0,none
Line-C,2026-01-02 07:00:00,77.18412969351473,46.34556531912021,2.721355683880416,14.385049088710849,98.20562815153404,53.23981986801216,0,none
Line-C,2026-01-02 07:05:00,77.4724247134611,46.64833977033122,2.327589303505528,14.855047970367096,93.10246952242352,62.975570233570274,0,none
Line-C,2026-01-02 07:10:00,74.78579811924568,47.615837828025576,2.4465679724628626,15.697044224505415,92.35707407104856,56.18382802274969,0,none
Line-C,2026-01-02 07:15:00,76.3838497420684,45.830861136430656,2.575262795351727,14.365374668181463,98.14845691443992,56.31996276831088,0,none
Line-C,2026-01-02 07:20:00,78.26088533227706,45.404781727092455,2.980060030250657,14.288833044155906,87.89632455643,58.7734642833537,0,none
Line-C,2026-01-02 07:25:00,77.64126209997477,45.97220529390329,3.146234353451295,14.668593275319203,91.87003287573744,53.98344327141043,0,none
Line-C,2026-01-02 07:30:00,76.5953150212852,47.82793281298132,2.438015810385243,16.31465159127253,96.44796065415592,59.11647601210976,0,none
Line-C,2026-01-02 07:35:00,74.11563999330744,42.01003031484547,2.301910163192358,14.91417366390814,100.79550877409224,58.25775177765648,0,none
Line-C,2026-01-02 07:40:00,81.76504115382589,46.07784971885816,2.29747281259627,15.34007568883509,96.60600280872951,57.25624734283731,0,none
Line-C,2026-01-02 07:45:00,76.58402158882271,47.16145587395975,2.6817792788330577,14.633839711494936,98.44633932535294,57.8540495033246,0,none
Line-C,2026-01-02 07:50:00,78.34803360608518,42.00917366942527,2.3926626124367254,14.52102118615924,91.48641924729044,57.01523427855894,0,none
Line-C,2026-01-02 07:55:00,78.37994898087446,44.76596300279611,3.088108584494964,15.649444468406916,86.49642292514882,54.2319564596538,0,none
Line-C,2026-01-02 08:00:00,78.88037231118935,42.95130070594472,2.7955721610005515,15.913215847735684,98.18352147532136,56.05637764236708,0,none
Line-C,2026-01-02 08:05:00,76.7511918841926,44.12342852614773,2.570026655382485,14.26562996042171,102.38422214279456,56.19553759305693,0,none
Line-C,2026-01-02 08:10:00,75.8488243269828,45.50800660654051,2.34580846799933,16.03490855323118,103.11733255496128,59.75165091290406,0,none
Line-C,2026-01-02 08:15:00,79.16638175429516,44.92397992625891,2.587075748382105,15.53402710392878,100.7366614935497,53.11714692252149,0,none
Line-C,2026-01-02 08:20:00,76.26817191241095,47.642258251337566,2.1392787898513044,16.229121062849785,95.67177011574708,55.97724174187718,0,none
Line-C,2026-01-02 08:25:00,75.21212917840074,46.00269351503187,2.5374064343598346,16.35467646437337,102.97020854967336,57.97176760131472,0,none
Line-C,2026-01-02 08:30:00,75.2749991106685,44.49897615091504,2.2692291831748834,15.017710467372476,92.67630046950003,52.990955688789455,0,none
Line-C,2026-01-02 08:35:00,77.0691523744549,46.51916656156845,2.5151021675099643,15.25140028935934,96.23013372942287,56.69621222710305,0,none
Line-C,2026-01-02 08:40:00,77.4296961029426,44.69263641846655,2.3609852229908856,15.365940322899476,96.67182274577716,61.4319434533064,0,none
Line-C,2026-01-02 08:45:00,78.62219776329306,45.63136748698979,2.7515496222158724,15.568412280967475,87.50627276377404,60.36709701349289,0,none
Line-C,2026-01-02 08:50:00,75.4114053751153,44.97827682867096,2.396752756040206,15.96510414740731,90.34398086388438,60.275008361985854,0,none
Line-C,2026-01-02 08:55:00,77.71293791634952,45.890832744879454,2.2166854445660427,14.919444361960553,96.0068458189988,55.7429040931797,0,none
Line-C,2026-01-02 09:00:00,79.41651513616668,48.28948363424948,2.802157647459293,16.29234181737343,95.42347230283728,64.0271905328344,0,none
Line-C,2026-01-02 09:05:00,76.94518877702492,47.763242107303455,2.271854519533844,14.037180439298432,97.6756330666064,59.830702021329984,0,none
Line-C,2026-01-02 09:10:00,78.9906608990681,44.119094966148126,2.2512264265227064,14.440398898327729,100.1569740122012,58.569775979273736,0,none
Line-C,2026-01-02 09:15:00,79.03587313588238,44.48681808558666,2.461030702793121,15.342517366923827,95.86426548892145,53.266652605748206,0,none
Line-C,2026-01-02 09:20:00,78.42681993030772,45.035569852154,2.440135313997542,15.637467765823027,91.69060363908908,55.03393358483467,0,none
Line-C,2026-01-02 09:25:00,75.80347899075127,48.14939482634015,2.561853980356897,15.734103735538152,90.42423477389856,59.61726502187551,0,none
Line-C,2026-01-02 09:30:00,74.71918593913874,49.09153965163903,2.42371327638134,15.288806674300025,93.3436287628692,59.82874719469469,0,none
Line-C,2026-01-02 09:35:00,73.97612885652161,47.53185991941136,2.4436696749314257,13.87176823677013,86.9845147515743,55.92476902062779,0,none
Line-C,2026-01-02 09:40:00,75.67058224447705,44.78896875519685,2.568829371548212,14.66190083841282,95.47665572960578,54.35913908810487,0,none
Line-C,2026-01-02 09:45:00,76.67642665115368,45.15032435284729,2.0534097539617484,15.00282265568144,92.6923859595497,57.01262033676857,0,none
Line-C,2026-01-02 09:50:00,79.7149484195498,44.028420726789705,2.8075185637143973,15.153655769897124,92.1076058067889,53.942007599131145,0,none
Line-C,2026-01-02 09:55:00,74.32165185009144,46.1658548316732,2.4536807141492094,15.138964789451718,102.78545277309983,53.05447461501373,0,none
Line-C,2026-01-02 10:00:00,78.49384257874591,45.38595752228251,2.83815604346057,14.83624031361307,95.6265924701124,55.18839130204225,0,none
Line-C,2026-01-02 10:05:00,75.36041884800481,46.550589077316886,2.692419525855656,15.454005066460558,93.97020355394626,59.65403518033629,0,none
Line-C,2026-01-02 10:10:00,72.3832077602398,46.29191860405726,2.3732166914368595,17.11430254898447,97.43914329750334,55.99280792184894,0,none
Line-C,2026-01-02 10:15:00,77.85635757396264,44.56200001169386,2.1911363880484416,16.16992170647286,102.0906521017056,59.89624160911431,0,none
Line-C,2026-01-02 10:20:00,75.22690914939757,46.83629654316075,2.2992222871009504,15.196765845489123,86.89669737599124,57.965160027056406,0,none
Line-C,2026-01-02 10:25:00,75.9434247223558,46.39652503035119,2.8227566574053826,15.235528918455628,94.58341548620092,54.02037784812683,0,none
Line-C,2026-01-02 10:30:00,72.55542870338014,47.4785974828313,2.7691456309385964,16.257597938747942,96.15710134488212,61.491735747466606,0,none
Line-C,2026-01-02 10:35:00,77.74792902593089,46.702279648395645,2.436775712500464,15.049128166054553,98.31960869105455,54.987635487089264,0,none
Line-C,2026-01-02 10:40:00,72.84032930614528,46.11534060965533,2.583761717535526,16.410955813330958,95.48118647149488,62.27162209805345,0,none
Line-C,2026-01-02 10:45:00,74.24221888008503,46.72261493378974,2.7478538466853086,15.586069798811682,92.81183431671784,53.84043686185601,0,none
Line-C,2026-01-02 10:50:00,75.16179870861407,41.55286888926411,3.1813096003015504,15.686200555857395,92.0534485759018,52.448467665288135,0,none
Line-C,2026-01-02 10:55:00,71.32075021353263,43.67520449454796,2.8308664555605088,15.050810575534674,98.34707253137223,55.92979338857961,0,none
Line-C,2026-01-02 11:00:00,72.94311219166111,50.147663988356754,2.2475458802920967,16.45898849179492,101.68142465775269,56.90780716751723,0,none
Line-C,2026-01-02 11:05:00,73.7417631954788,42.813904549996806,2.7082524358950284,15.472175257493426,91.5841193337282,44.68721541318391,0,none
Line-C,2026-01-02 11:10:00,72.38710018225852,42.123949499344015,2.404615938091368,12.965841493999838,95.80466443346562,53.30497083811864,0,none
Line-C,2026-01-02 11:15:00,76.40628570244695,46.402206217221206,2.466976944450605,15.72853823214758,97.7046777805364,53.03918529771542,0,none
Line-C,2026-01-02 11:20:00,74.944099194564,47.1622407287223,2.7656706536611604,14.132130061385457,104.7601898404103,59.4586217577645,0,none
Line-C,2026-01-02 11:25:00,72.92420067421604,44.991102262400446,2.769639094325498,14.59456645607837,98.51962015241624,50.88272578123608,0,none
Line-C,2026-01-02 11:30:00,69.75965307087317,42.27724586044511,2.6712033028676085,15.92215802542722,95.19434913599468,55.70925392118434,0,none
Line-C,2026-01-02 11:35:00,76.19757801405967,41.75827787915686,2.3449972237935013,14.657621656268445,99.14710417208632,54.2255844867409,0,none
Line-C,2026-01-02 11:40:00,73.09862915113621,47.91534572395843,2.647490433547532,14.551032184788625,98.87762382624254,49.57311350008702,0,none
Line-C,2026-01-02 11:45:00,73.84052370509967,44.94620119379008,1.7211899584142598,13.836163116869695,90.1464302123012,53.13554503494095,0,none
Line-C,2026-01-02 11:50:00,71.31195793990497,45.472924277634114,2.773288645355444,15.787014597420402,93.06948450060835,47.54483265564816,0,none
Line-C,2026-01-02 11:55:00,73.815870863858,47.46687564234452,2.981197128195361,14.296594366446582,97.3251101437537,54.06531739168183,0,none
Line-C,2026-01-02 12:00:00,72.94133810977675,45.39397603482767,1.9131470447453875,14.112467633140607,97.9539426750204,52.882882536790845,0,none
Line-C,2026-01-02 12:05:00,72.41917174728735,43.789937956966384,2.2200407311265957,12.408001943371346,101.20026021847116,55.22803183036034,0,none
Line-C,2026-01-02 12:10:00,71.90997431340631,49.58730283506783,1.9621890784880809,14.815704336364636,99.20654315199104,52.11106054604611,0,none
Line-C,2026-01-02 12:15:00,70.57615578570149,46.0136403482905,2.401322087177842,16.08485189676832,87.22623934248509,53.25767589574804,0,none
Line-C,2026-01-02 12:20:00,71.16157308298156,48.80160910742565,2.487769494640885,15.145176267309749,92.0726356666829,46.64277859431501,0,none
Line-C,2026-01-02 12:25:00,71.2042469614628,48.49870144761344,2.30926321623417,13.855431878292393,99.3158010027192,49.93332048272722,0,none
Line-C,2026-01-02 12:30:00,72.30014349040731,44.27402370216495,2.2593916887937944,14.702743522878803,90.95198914305968,47.72361734676,0,none
Line-C,2026-01-02 12:35:00,73.10010327172029,44.62190613867609,2.787404495175592,15.126775387380968,98.0561352649512,57.53796028442224,0,none
Line-C,2026-01-02 12:40:00,72.22876547811613,45.13218403131107,2.476437578684386,15.214087850930351,98.18218468203494,53.03843767012842,0,none
Line-C,2026-01-02 12:45:00,72.964496176929,46.6959992239336,2.229294526158651,13.700342967564866,91.29647796078916,55.20006804091075,0,none
Line-C,2026-01-02 12:50:00,70.35961077809466,48.82399119601302,2.7948669232016563,15.315068684692042,95.15734629145618,55.33952446277717,0,none
Line-C,2026-01-02 12:55:00,70.92830975074155,45.52923689119584,2.4498619728837885,14.629426569672283,93.58607151081743,47.84708314266658,0,none
Line-C,2026-01-02 13:00:00,70.16401415769518,47.12490806428279,2.2595513064168644,14.568180880939275,102.92571957672877,50.8755886433419,0,none
Line-C,2026-01-02 13:05:00,72.42698605101614,42.77389319291871,2.698395248357824,15.1782114047787,98.8917174058641,51.56707115514017,0,none
Line-C,2026-01-02 13:10:00,69.73536841147676,46.67825269446891,2.873460690711393,14.91553631362586,95.10343677464569,52.69618901798849,0,none
Line-C,2026-01-02 13:15:00,69.13692237247292,46.44321080252602,2.334590443800403,16.54643338516445,97.79330548660154,52.34850870785627,0,none
Line-C,2026-01-02 13:20:00,70.95272878966836,44.97009561129887,2.642521920700599,15.117306536116764,96.5299147839474,48.310787051103695,0,none
Line-C,2026-01-02 13:25:00,70.65375037125604,43.82095636790197,2.123483361067711,14.758639085757023,99.47100396167816,53.21324268483528,0,none
Line-C,2026-01-02 13:30:00,68.6266274549991,49.68664862098021,2.61479076541713,15.05018956348999,98.5515569168134,50.75764037229592,0,none
Line-C,2026-01-02 13:35:00,68.26392002254927,44.44001291234337,2.1591598788531825,14.800407162049956,93.19317917465936,52.950134768882926,0,none
Line-C,2026-01-02 13:40:00,69.78346227348611,46.6313995110451,2.601802399547448,16.27336807353796,89.08218512129594,55.3348418368094,0,none
Line-C,2026-01-02 13:45:00,71.52520895548388,50.16264762718835,2.5874147796484785,15.254731058632592,89.39969598395164,49.70480235360988,0,none
Line-C,2026-01-02 13:50:00,69.53413276025077,46.03770246544168,3.1124263593300765,15.036127727125628,92.39280654250486,52.23340569047828,0,none
Line-C,2026-01-02 13:55:00,70.28137452523404,49.57974201028336,2.2825436747536565,15.557057018647528,87.46274324678139,46.067036591003024,0,none
Line-C,2026-01-02 14:00:00,70.57799041052479,42.254020024787344,2.625123045637656,14.582092835296187,102.45006273452618,54.152080687346185,0,none
Line-C,2026-01-02 14:05:00,69.23378980023148,44.56253058239672,2.4146142071173933,15.7050867261108,91.37933075545942,55.9018277535424,0,none
Line-C,2026-01-02 14:10:00,69.99197111632732,49.35647703701489,3.0629277496513336,15.372409855661962,95.70090360211891,52.86503270581164,0,none
Line-C,2026-01-02 14:15:00,70.13818420697694,46.63258693630263,2.482548127558881,16.953418251656366,93.79015651442464,48.574366805279055,0,none
Line-C,2026-01-02 14:20:00,71.21724392846231,45.30818612655333,2.945880978490137,14.670488371622366,92.2136644734682,53.30649548373419,0,none
Line-C,2026-01-02 14:25:00,69.3045464907252,45.2010995806361,2.821312390826905,15.9241092440599,101.60793365184706,53.32731524493869,0,none
Line-C,2026-01-02 14:30:00,70.63928248127954,44.9739007120541,2.3516951507263144,14.621544299474124,87.67074871777126,47.77777632448952,0,none
Line-C,2026-01-02 14:35:00,68.66427279816503,47.14475525971865,2.1726822230004927,15.415343782769828,97.89915715666338,50.54616949823389,0,none
Line-C,2026-01-02 14:40:00,68.71465179179482,46.819350841289605,2.6320754677141984,14.363082063515964,94.57166848304055,51.39500220560394,0,none
Line-C,2026-01-02 14:45:00,70.90656897890057,46.56263497829586,2.937695333690748,13.431235213593265,88.70172659521872,51.73733012236792,0,none
Line-C,2026-01-02 14:50:00,69.03112183375161,44.71288017677579,2.4973006900141668,17.70203794608664,95.64940209665342,49.160726926262186,0,none
Line-C,2026-01-02 14:55:00,69.61056266957607,43.855238490417584,2.321791730961996,15.156474158750662,94.00124616274056,46.55996626738911,0,none
Line-C,2026-01-02 15:00:00,66.91211987754988,50.758580117890205,2.4748211525124386,16.336304890378255,88.55950801698211,48.10154696565528,0,none
Line-C,2026-01-02 15:05:00,69.46653386546878,49.63129928203658,2.687639352364151,14.744784179706391,95.91257905575688,50.72298117524119,0,none
Line-C,2026-01-02 15:10:00,68.04880884413882,42.064320640155806,2.774384983238665,16.331751308592505,93.26950833323228,52.69588840795864,0,none
Line-C,2026-01-02 15:15:00,70.34127337875417,45.56405984254667,2.7069203890968487,15.42029367259224,94.97289109196822,50.62022910544214,0,none
Line-C,2026-01-02 15:20:00,71.42894573531665,44.34664598474185,2.6319422421880656,14.927472909855522,102.78703436172214,51.62017347033013,0,none
Line-C,2026-01-02 15:25:00,70.6067142177627,48.75890027552103,2.6917047827388334,13.74411038370124,91.922100970681,49.30432326616439,0,none
Line-C,2026-01-02 15:30:00,67.77000693188694,43.8417972745783,2.4240070340549686,14.677438471397874,86.50093523910172,49.47732859779882,0,none
Line-C,2026-01-02 15:35:00,70.19377912481785,47.87962501316601,2.70935329714777,15.636873805586209,90.67951856875368,48.23243182935164,0,none
Line-C,2026-01-02 15:40:00,67.2485627098972,47.25480045927368,2.347371331817473,14.22280189565539,92.74434562186596,48.77937688237529,0,none
Line-C,2026-01-02 15:45:00,67.23051920487802,43.47415854495982,1.9578354241429297,14.902049200000691,90.18168611697185,48.01309660840314,0,none
Line-C,2026-01-02 15:50:00,66.9793471827009,47.53029581232836,2.5615124220654613,15.747843982687382,91.64694584588152,47.40956277930981,0,none
Line-C,2026-01-02 15:55:00,69.32418402030571,46.98305334653836,2.319414521126816,15.916855369989776,90.06262198576559,51.78479049148477,0,none
Line-C,2026-01-02 16:00:00,68.1750871383977,46.33609418707896,2.2702383006802047,14.283178424251536,93.57785232347592,47.828044341880414,0,none
Line-C,2026-01-02 16:05:00,67.656679007514,43.28262700569595,2.5442879643094685,13.876006303587358,94.58668801276416,45.41683922443739,0,none
Line-C,2026-01-02 16:10:00,68.65380194155028,42.0510840793105,2.755672345569232,15.063938833592037,97.06534266121756,43.19228634842341,0,none
Line-C,2026-01-02 16:15:00,67.18737528096821,47.43566221723204,2.528564656922084,15.767283942605705,92.37117024057024,54.600584181508175,0,none
Line-C,2026-01-02 16:20:00,67.48839286078197,44.70098848723372,2.217654586966393,16.31567975451249,89.93480532705372,51.25551282856914,0,none
Line-C,2026-01-02 16:25:00,64.93258903585826,41.96529504693504,2.43746889025657,15.582371966811955,99.9238615584153,53.953858580503,0,none
Line-C,2026-01-02 16:30:00,66.7732098204684,46.27567697606721,2.463385705269868,15.609018217690124,93.98926267407096,53.13533569275624,0,none
Line-C,2026-01-02 16:35:00,68.04556740606732,43.07123471960461,2.170272648406012,15.63022987181145,96.63429771411958,48.4782461537847,0,none
Line-C,2026-01-02 16:40:00,67.14064902343993,45.04197898758003,1.8958299256665887,15.287446657638847,91.68666027862012,46.50445310875303,0,none
Line-C,2026-01-02 16:45:00,65.52930539813602,46.83355061905082,2.724437057020095,15.71059857703838,95.27614963584624,49.86137841149802,0,none
Line-C,2026-01-02 16:50:00,66.67854472945284,45.73272595963921,2.1410226002558983,14.145287311816029,88.14438027276196,51.63704144417496,0,none
Line-C,2026-01-02 16:55:00,65.73165517848535,45.20396775782672,1.4992804239195805,16.372258475315085,94.20318700065305,47.83201259027887,0,none
Line-C,2026-01-02 17:00:00,65.04926464509535,50.33395253120185,2.455363398112084,16.053274594874097,96.3906132303807,55.135103855220784,0,none
Line-C,2026-01-02 17:05:00,68.44284091731174,46.38433054857863,2.170876564938989,15.26824871535844,85.45987147195072,48.30646044047914,0,none
Line-C,2026-01-02 17:10:00,64.21750682330608,42.58169391671705,2.2063804313862283,15.382694450662042,89.93648449553508,46.27690649944131,0,none
Line-C,2026-01-02 17:15:00,66.63434339830185,47.20718361501604,2.007263521593945,14.06652590106091,97.0545246599604,47.80641509449339,0,none
Line-C,2026-01-02 17:20:00,66.75473196827849,44.28455859393917,2.75119410312208,14.630282022625444,90.88426708140652,48.48632326282096,0,none
Line-C,2026-01-02 17:25:00,66.83495995912716,44.94853389372931,2.694681032879548,16.693641702173437,94.05959522344064,47.29571211902992,0,none
Line-C,2026-01-02 17:30:00,68.6556428618729,45.94421164251947,2.78484320470328,14.210195214641214,89.70402822886692,51.16636796991373,0,none
Line-C,2026-01-02 17:35:00,64.78046147793677,44.751178582239206,2.4324510753389097,15.26751260938251,89.21189898620233,44.85001430312304,0,none
Line-C,2026-01-02 17:40:00,68.1617557312929,44.8399796010175,2.5659375377688627,17.006372741434227,96.4096134701788,53.00455166609539,0,none
Line-C,2026-01-02 17:45:00,67.60586534309935,46.10390909162625,2.351067451041616,16.427016727335655,98.23127636076272,49.00373110859723,0,none
Line-C,2026-01-02 17:50:00,67.60207761698372,41.98700291634713,2.368525037540894,15.92769414522703,87.65113622865559,48.73669904926895,0,none
Line-C,2026-01-02 17:55:00,68.24152202221687,44.49710805826847,2.588328043811929,15.05498754975605,93.94268444166497,49.15087642230739,0,none
Line-C,2026-01-02 18:00:00,69.43256207989002,43.896647451755456,2.484813738286309,15.372963457112586,96.22401225221104,45.65303851497974,0,none
Line-C,2026-01-02 18:05:00,65.1619099651369,44.93467976450684,2.489437457609397,14.580907944198929,95.16727673116291,50.64141704668695,0,none
Line-C,2026-01-02 18:10:00,68.18233239586334,46.05780362685503,2.399731457600014,13.88453929159754,97.4473780709869,54.28763608937665,0,none
Line-C,2026-01-02 18:15:00,65.59282378455549,43.77296603734145,2.8504465684431866,15.934766137568356,95.03978989280525,45.217391539629325,0,none
Line-C,2026-01-02 18:20:00,65.07916670668563,43.67206117942906,2.670315805905977,16.67316126804377,97.53544250982812,45.99053564734832,0,none
Line-C,2026-01-02 18:25:00,70.40911365308628,47.354965469284416,2.472513093398851,15.172445956035675,98.2163980416973,50.1121123866737,0,none
Line-C,2026-01-02 18:30:00,64.87377198106462,45.61137508318838,2.341299641162061,15.097326785559416,95.08254090301106,47.650002026394745,0,none
Line-C,2026-01-02 18:35:00,69.93965760520558,43.57737570495429,2.3389038031866765,13.003817975419834,95.1396244611901,49.965652706029466,0,none
Line-C,2026-01-02 18:40:00,68.34916511934726,45.71580013576461,2.674083026569759,14.22724638500547,95.38407279450242,49.66966818869575,0,none
Line-C,2026-01-02 18:45:00,68.11223704073831,42.68281615252718,3.056711544138382,15.012999659679396,98.84259311410028,50.2974955170244,0,none
Line-C,2026-01-02 18:50:00,69.09422354643443,45.06713696124503,2.150009153347306,16.153825641535978,101.63483296034148,46.32720511564445,0,none
Line-C,2026-01-02 18:55:00,67.04089030388936,46.93483143203133,2.454139768756485,13.411283123338434,88.29212369047463,47.53735070007425,0,none
Line-C,2026-01-02 19:00:00,65.07844011245136,46.82011001675943,2.1039379517945984,15.174324827654758,95.0853920514415,47.20957636889713,0,none
Line-C,2026-01-02 19:05:00,66.4291300506656,47.35053634565573,2.8082576089769606,13.590294870797443,92.72857580420931,51.95740045543172,0,none
Line-C,2026-01-02 19:10:00,67.38348704975745,49.90771008997315,2.442296079395811,15.492897662276812,91.21191619785634,44.21008806254795,0,none
Line-C,2026-01-02 19:15:00,65.54676620962276,44.80583092435975,2.527297385176882,15.496190249336433,94.11619529177072,52.36699345655424,0,none
Line-C,2026-01-02 19:20:00,65.80785033653592,48.15595152141052,2.256516540660025,15.914913207947851,90.36450629470517,50.042311847421416,0,none
Line-C,2026-01-02 19:25:00,67.3234909642183,47.58423544101678,2.1194651878362167,14.58202149765656,90.25742098080556,47.61838678762873,0,none
Line-C,2026-01-02 19:30:00,66.56802000623826,45.30378012725437,1.7201093127089768,14.75026186202128,94.02440507844004,56.16876289785359,0,none
Line-C,2026-01-02 19:35:00,66.09647215301588,47.72091263818284,2.139249695033488,14.901167911018856,85.36180680312427,47.36709962219697,0,none
Line-C,2026-01-02 19:40:00,66.8398674878836,45.97580033633716,2.320299294847918,15.730805804572787,96.83198617914672,47.21717774561334,0,none
Line-C,2026-01-02 19:45:00,67.73666802119996,45.75079044321933,2.346470843151478,13.48988467941128,88.63863120458876,53.02746440163239,0,none
Line-C,2026-01-02 19:50:00,66.61933538759621,46.6386391988793,2.395409812264532,13.59667541741772,98.6623415420392,47.2033638896292,0,none
Line-C,2026-01-02 19:55:00,67.76570833866587,46.258988258243335,2.6190647042918407,14.54441416164105,102.27947233159816,49.54023298269316,0,none
Line-C,2026-01-02 20:00:00,62.731219853087474,42.85430965183863,1.6665770025280144,15.122057416601676,91.6209080328632,56.78129671039059,0,none
Line-C,2026-01-02 20:05:00,65.62575677214346,43.05699351456139,2.115697116227536,13.70055278006175,94.29285481221788,50.497473540952406,0,none
Line-C,2026-01-02 20:10:00,65.2426792539012,48.91299229523252,2.332092626198246,14.152254881795065,89.82963174980345,47.376309171584815,0,none
Line-C,2026-01-02 20:15:00,65.1990951972483,43.58310050228052,2.694885977466585,14.596757856874772,98.36540049806464,47.08274293377004,0,none
Line-C,2026-01-02 20:20:00,66.86948066116744,44.33949569889479,2.2018349878205767,13.714560235028172,94.87410544551344,53.341169036425605,0,none
Line-C,2026-01-02 20:25:00,64.18250943736948,47.129128316546,2.301145980996456,16.162040161237737,96.36090184379906,56.55908117390403,0,none
Line-C,2026-01-02 20:30:00,68.6046438830477,44.00242890645517,2.655057747297436,14.43598214537024,89.30770523417405,50.2173795976778,0,none
Line-C,2026-01-02 20:35:00,66.17374916320088,44.76324159248292,2.828900103030054,15.11855875855357,89.5997740246,50.73432319566026,0,none
Line-C,2026-01-02 20:40:00,67.58602690259232,50.75979289335,2.6769173122222587,13.944921520772295,86.9021375056944,52.95834467058766,0,none
Line-C,2026-01-02 20:45:00,72.47356081248779,46.92386717891479,2.48948875364536,14.083495868599591,97.97891142660453,53.636011090365045,0,none
Line-C,2026-01-02 20:50:00,70.36424507531481,48.52729426047355,2.6694795865873835,14.529831982055072,85.10875296424831,50.85331513544406,0,none
Line-C,2026-01-02 20:55:00,65.38929938736426,46.87874935380936,2.229031854334008,16.170190240337757,92.77717047856892,45.412363520953576,0,none
Line-C,2026-01-02 21:00:00,67.90281851209623,44.8769862167337,2.3268227440463165,15.772090190435351,86.5560852388909,53.805789115283865,0,none
Line-C,2026-01-02 21:05:00,66.9818108259913,45.50711275981608,2.089726132251207,15.196174602067035,94.66228555895812,46.493403049442485,0,none
Line-C,2026-01-02 21:10:00,67.49789750519734,43.249598228493696,2.200796522853167,15.254345417960586,95.44084592313064,54.79587809957233,0,none
Line-C,2026-01-02 21:15:00,67.83589535362039,45.41987656671064,2.4657989719552367,13.34150036690232,97.75481474967224,53.04920033038344,0,none
Line-C,2026-01-02 21:20:00,69.14381285393424,48.73008405301345,2.4082009563925366,15.457658486782252,93.1021233072476,46.936226776156886,0,none
Line-C,2026-01-02 21:25:00,69.38921897033742,45.93972942178528,2.5604298156772547,14.929412914385194,91.08470929311702,49.45021806094048,0,none
Line-C,2026-01-02 21:30:00,70.65402884895019,43.974696722631286,2.748323572802925,14.512840770820192,89.68513386987708,54.10781115844117,0,none
Line-C,2026-01-02 21:35:00,68.7800769906836,47.28217177974904,2.705088487096639,15.58733370315312,93.51834297564648,48.4891420408754,0,none
Line-C,2026-01-02 21:40:00,68.1640167179112,46.11812292800975,2.3664766549708305,15.71153977627952,87.79009485082135,52.57194079547519,0,none
Line-C,2026-01-02 21:45:00,70.1970578603278,43.12976586386141,3.0093166546569736,15.531357325781238,93.48763972870567,51.26375046297276,0,none
Line-C,2026-01-02 21:50:00,70.08648299418262,48.8517785765022,2.941012237178128,14.010836889454657,99.87505809594477,54.27070263905499,0,none
Line-C,2026-01-02 21:55:00,70.68313564437835,46.17615905510203,2.537599369457852,14.399887943458356,96.62125328074356,49.39303439091444,0,none
Line-C,2026-01-02 22:00:00,71.46946136470477,46.30100054838738,2.361948333476503,15.17214931797503,94.31304043346518,54.1379903909256,0,none
Line-C,2026-01-02 22:05:00,69.20052753823524,41.72333997304226,2.416132249800296,14.39989719180857,92.9474761199956,49.47798567238518,0,none
Line-C,2026-01-02 22:10:00,68.42675774593442,45.5569266958751,2.88713009405036,15.734660276788796,95.69765424231612,47.50871200342069,0,none
Line-C,2026-01-02 22:15:00,69.99813297230621,41.66123627701478,2.808750536886208,14.40157149072455,93.32875984821052,48.91053964353822,0,none
Line-C,2026-01-02 22:20:00,71.91579957721716,44.1240522124446,3.1941538749772382,15.974428279539625,87.10935485001313,53.96485057229751,0,none
Line-C,2026-01-02 22:25:00,70.77929930850132,47.91615757856591,2.3826736942039783,15.399265761308332,93.6157592618905,52.555672469441454,0,none
Line-C,2026-01-02 22:30:00,68.46130755062535,45.32710771987175,2.624102635332225,16.059739340276497,92.34386709875722,47.81066324623359,0,none
Line-C,2026-01-02 22:35:00,70.04079471134948,43.5190005652221,2.9422220743253096,14.63259496398422,94.8012608465074,50.44395364214854,0,none
Line-C,2026-01-02 22:40:00,70.95912428710884,41.121599271920296,2.7574422628693123,15.278453313507278,94.37715210230014,51.319476746075054,0,none
Line-C,2026-01-02 22:45:00,70.1544971310404,45.69637798538781,2.3372734668584094,15.3915343076315,91.1722917309596,47.94763781671678,0,none
Line-C,2026-01-02 22:50:00,71.0602073201588,46.320684968018696,2.625150296912142,13.541741374153837,96.3005702701854,53.363673122252,0,none
Line-C,2026-01-02 22:55:00,67.66820892152587,48.29889932762892,2.792517345451999,15.326655732784198,90.7964451357916,54.7159243398177,0,none
Line-C,2026-01-02 23:00:00,68.91178992290187,51.11976673193702,2.4914740135628315,16.280953530968137,95.82052065470984,48.27496335933319,0,none
Line-C,2026-01-02 23:05:00,71.41256970642316,47.58220745745368,2.912632513436189,15.131943263088136,90.82721826166618,51.76981771976149,0,none
Line-C,2026-01-02 23:10:00,71.9077642898136,47.86047773882226,2.1229888439639764,14.46658187978751,86.25495779967355,50.76938527554977,0,none
Line-C,2026-01-02 23:15:00,69.95714717373092,45.82123771671787,2.3266940723720038,14.603344752947445,95.0930935219522,50.940263398948616,0,none
Line-C,2026-01-02 23:20:00,70.34275754084632,44.659713578983954,3.0333631723036785,14.259099296124887,93.29050096086009,55.64989612383032,0,none
Line-C,2026-01-02 23:25:00,70.52126684770059,43.15471879871562,2.311598635978424,14.163349322920835,90.89314009786898,51.90726209227174,0,none
Line-C,2026-01-02 23:30:00,71.78413790871927,45.32404024037121,2.081229333782606,14.909816637377697,90.2572243728706,45.9981337007661,0,none
Line-C,2026-01-02 23:35:00,74.24913613340213,45.91283741463838,2.097581591601875,13.88472365790983,83.6513083117851,52.867775973051735,0,none
Line-C,2026-01-02 23:40:00,70.8107626523748,42.94234559246367,2.34591883595488,15.615417257167463,96.44510152668964,56.61337014605361,0,none
Line-C,2026-01-02 23:45:00,71.56479371692055,44.75873066848296,2.3917955191192406,14.134011233015816,97.92303414237844,47.548941337399086,0,none
Line-C,2026-01-02 23:50:00,66.8969820972641,43.05723902344448,2.539336261666352,14.45618417550817,95.117830839674,57.0080818165648,0,none
Line-C,2026-01-02 23:55:00,76.40564075102117,48.88922785824542,2.2500721605377816,15.13503726539047,91.1034283076788,49.333879622052486,0,none
Line-C,2026-01-03 00:00:00,74.40354279129164,46.51653998703428,1.6861155925298226,13.69523645200164,98.94234861420482,49.48588471823482,0,none
Line-C,2026-01-03 00:05:00,71.82793389318697,42.39668183896216,2.244946074959281,14.272481027488352,93.88106296366576,52.69499852452654,0,none
Line-C,2026-01-03 00:10:00,70.56644239739147,45.0632700433664,2.4381552441622367,16.840302682792597,92.8158944475188,60.7444266629752,0,none
Line-C,2026-01-03 00:15:00,71.77448399885026,40.445681184090624,2.502568067204724,14.4824122632681,96.07386871564086,55.17058017270095,0,none
Line-C,2026-01-03 00:20:00,71.36872292431077,46.70493942944852,2.128151245953146,15.04703709023866,96.5029086661819,52.7208005406015,0,none
Line-C,2026-01-03 00:25:00,75.81477839006254,45.598073039962834,2.1465100076167523,14.582657118518055,94.35376148914077,56.03532985200174,0,none
Line-C,2026-01-03 00:30:00,72.2962873341906,45.820200244788495,2.503984973252032,15.122598192229212,89.00618466679576,56.37176607232663,0,none
Line-C,2026-01-03 00:35:00,77.01252112922627,46.47485951149352,2.3717738391109804,14.412077599710752,92.06156826672384,51.10215081344105,0,none
Line-C,2026-01-03 00:40:00,73.73291779875782,48.20285055621624,2.2129665928186637,15.831330236958204,94.48835130626766,49.672277620074325,0,none
Line-C,2026-01-03 00:45:00,73.17838142008364,48.153561243114346,1.831764832023917,16.05615855877771,96.43654414232044,59.02475429961876,0,none
Line-C,2026-01-03 00:50:00,74.15161158476316,42.84392457034584,2.347401780428834,14.64841452372622,96.04745417544214,55.870373664292906,0,none
Line-C,2026-01-03 00:55:00,72.62096500942805,46.5959099818943,3.360196652659116,14.137266744073246,93.00203372700936,54.25637713490457,0,none
Line-C,2026-01-03 01:00:00,72.00615437702373,44.81436623848616,2.7043337529315066,14.017062082292297,101.244278973915,54.17045954577736,0,none
Line-C,2026-01-03 01:05:00,74.14013058938981,47.28793356565477,2.9041771761569777,16.464489287029906,90.6376285498449,52.32920565686081,0,none
Line-C,2026-01-03 01:10:00,71.54464403019895,44.80906370449587,2.7120158927053564,14.81098788533116,95.86280585167262,55.48096131266646,0,none
Line-C,2026-01-03 01:15:00,73.25650057002595,43.33773284782029,2.076968021608269,14.442089530884388,99.72464999372284,55.6979229464766,0,none
Line-C,2026-01-03 01:20:00,73.51518034721387,46.27511037861338,1.8123804088913844,14.92053435093017,94.19544043398112,47.254342581278266,0,none
Line-C,2026-01-03 01:25:00,76.05591684447509,49.79364907792309,2.9392223283628844,16.568537037397157,95.94111054891508,51.1971466940734,0,none
Line-C,2026-01-03 01:30:00,75.68523907431761,45.10014692916823,2.6737869179447915,15.072646743602071,89.58068191516477,64.7206433978416,0,none
Line-C,2026-01-03 01:35:00,70.84221014933095,46.658669410006944,2.965940336822583,16.77924993705768,101.86570048053726,54.50454798741563,0,none
Line-C,2026-01-03 01:40:00,75.86676114609148,46.088577881936,2.194719081027645,14.851324796958426,93.06524856409855,61.950902157860526,0,none
Line-C,2026-01-03 01:45:00,77.10864224053783,44.37914430912484,2.6577729071017893,15.069206507113927,95.81650140680024,59.899209722737744,0,none
Line-C,2026-01-03 01:50:00,76.12952977757956,47.277024511126825,2.675481722063682,15.235581175529616,91.8179858146572,54.54377488989645,0,none
Line-C,2026-01-03 01:55:00,75.0027048701675,47.74459253906682,2.453126216701703,14.839542212587917,100.05174578939688,48.655831222431765,0,none
Line-C,2026-01-03 02:00:00,76.19050274340042,40.93920712921321,2.330472793518908,15.126430846314898,91.05238864204264,54.9642809537464,0,none
Line-C,2026-01-03 02:05:00,74.06481445912816,47.60297178150939,2.674582064768912,15.627583089550589,92.97891664361484,54.737024540251305,0,none
Line-C,2026-01-03 02:10:00,77.71172231689413,44.75329382178912,2.5531280352366506,15.191356334742515,89.81961847148453,54.5080607530983,0,none
Line-C,2026-01-03 02:15:00,77.06332550613133,49.007466535821294,2.408821271521795,13.67611878554985,92.15476853349824,53.0144839788865,0,none
Line-C,2026-01-03 02:20:00,78.77637982956502,46.451531118811495,2.584298602642138,15.712734992458474,92.85169398136054,53.29145768014277,0,none
Line-C,2026-01-03 02:25:00,74.68998104604752,46.09584010477394,2.2624803990782683,16.312159676589175,99.2901310843155,51.33367733149541,0,none
Line-C,2026-01-03 02:30:00,76.24688934604487,49.35464118193848,1.879862125123922,14.064929721482123,92.18406974101116,52.66769080009878,0,none
Line-C,2026-01-03 02:35:00,78.39098390961266,42.76258336399341,2.0152097198295547,14.756498810907184,96.06352418000868,56.18434466830639,0,none
Line-C,2026-01-03 02:40:00,74.24357317233978,47.0998341884179,3.123742137092055,14.803537900610236,93.3350021084461,56.388813545725,0,none
Line-C,2026-01-03 02:45:00,76.54722017092008,42.91800531703628,2.1883509128721874,14.777921153052691,97.55690852638594,48.36961609909413,0,none
Line-C,2026-01-03 02:50:00,76.67719380828474,45.4985805289268,2.1820755366626177,14.769879683842046,92.15324263006733,59.71236276082065,0,none
Line-C,2026-01-03 02:55:00,76.0989669495366,45.08887057648459,2.988296927647649,14.854712900231055,99.58409498447791,57.54397153446595,0,none
Line-C,2026-01-03 03:00:00,76.7446744921481,48.92212853992319,2.319024012143609,15.732105787865208,96.0188522365633,55.68396193860076,0,none
Line-C,2026-01-03 03:05:00,79.92339316866509,46.46325456041177,2.330907744234922,14.981592394167915,88.71649883330869,53.07259860083808,0,none
Line-C,2026-01-03 03:10:00,76.99416658228498,40.69915427227277,2.8178020471252427,15.187394345525291,96.41685592819958,61.27637582467254,0,none
Line-C,2026-01-03 03:15:00,79.02786427512748,45.37547408465678,2.219847723382521,14.274776906746837,95.73445344433074,55.38218581662903,0,none
Line-C,2026-01-03 03:20:00,78.82779296493143,48.256203593042144,2.049743288621848,13.782990471909264,97.28394288278714,52.356494386745474,0,none
Line-C,2026-01-03 03:25:00,76.51572283569327,44.50041509524675,2.007867910018256,16.01361716768313,98.02421337949168,52.10838508624887,0,none
Line-C,2026-01-03 03:30:00,78.84967269386259,44.01332107860834,2.278499261891724,13.766647510143653,95.23268403890206,57.57515451670139,0,none
Line-C,2026-01-03 03:35:00,79.42841454227487,45.67080226036846,2.5266224338226606,13.913008759137345,97.81784054939524,56.32802714993534,0,none
Line-C,2026-01-03 03:40:00,79.34353148580885,44.07518565101812,2.961707912265475,16.050104959461382,92.25625645445288,57.95104774052769,0,none
Line-C,2026-01-03 03:45:00,76.12711034587264,46.97236414890156,1.7998215336360923,16.437449973163552,94.55721391484488,56.191420187087225,0,none
Line-C,2026-01-03 03:50:00,81.8677062063109,48.19899457508362,2.786284962561226,14.792585555719931,97.27371543328896,60.18096141722581,0,none
Line-C,2026-01-03 03:55:00,79.81468462543062,49.40356162928016,2.875722973013939,14.149491257258916,105.62526321499271,55.44121445269555,0,none
Line-C,2026-01-03 04:00:00,79.57160433985355,44.49807982213022,2.292793431284692,15.258315104040472,91.53193107259368,56.25552872317609,0,none
Line-C,2026-01-03 04:05:00,78.48909013847287,44.48977044114677,2.264367506488425,16.33883743959335,96.63988448295297,52.37298295726808,0,none
Line-C,2026-01-03 04:10:00,78.2468073542192,45.0471878206312,2.408317233848288,14.764016202194602,92.113396032101,55.3118204448948,0,none
Line-C,2026-01-03 04:15:00,78.86280377410066,48.00156434641404,2.184875947816164,15.123772191687111,95.20515487691304,57.54251029105019,0,none
Line-C,2026-01-03 04:20:00,79.22585597256511,43.901643230698845,2.568942904025071,15.72126951376686,98.2998899902422,57.9599180268799,0,none
Line-C,2026-01-03 04:25:00,74.70866117490333,49.43366088023531,2.0953498865917526,14.310701095202369,89.51172839809819,58.73804497950717,0,none
Line-C,2026-01-03 04:30:00,76.77710804389478,41.270717966541376,2.45376171279318,16.355255727304165,88.4879835656989,56.34663163654796,0,none
Line-C,2026-01-03 04:35:00,77.71967517291829,48.84259592841944,2.826177112983634,13.983952739204224,90.06921162282632,65.31226812538972,0,none
Line-C,2026-01-03 04:40:00,79.97535392458282,44.52712133064415,2.175915596659186,14.370487689066948,93.55787659084832,55.92378264486108,0,none
Line-C,2026-01-03 04:45:00,79.4008050822201,43.53457124050156,2.448948727860805,15.592209916940206,90.04929743712385,56.49374022853626,0,none
Line-C,2026-01-03 04:50:00,80.35392145053063,48.251903403735525,2.760144354670553,15.888307861497312,94.0976278341721,58.64169649982278,0,none
Line-C,2026-01-03 04:55:00,78.7916701993214,50.16487478608997,1.9312457891715769,14.563185390420978,96.32963873918156,59.80472610454702,0,none
Line-C,2026-01-03 05:00:00,75.37067730738728,46.85300531319658,2.2281438472526336,14.646902641256425,91.76497913758293,54.16946560171293,0,none
Line-C,2026-01-03 05:05:00,80.7133654835084,45.70196565176799,2.18288303136564,15.06661868765888,92.86607869954749,59.5033716529599,0,none
Line-C,2026-01-03 05:10:00,76.93661030323706,45.63700932323196,2.378866811848989,15.266789120331865,98.9693037110099,61.31874001517597,0,none
Line-C,2026-01-03 05:15:00,80.46043366441391,45.096845438379965,2.4764393556882136,13.80523330521659,105.213008222331,61.80087524470699,0,none
Line-C,2026-01-03 05:20:00,79.20574016930877,46.61938636697953,3.013898576886213,15.080397116830024,91.41279260925094,55.610550762714325,0,none
Line-C,2026-01-03 05:25:00,77.2212222197198,49.35693826077309,2.294455314868709,15.031523882167194,90.96835359379202,57.76669168483058,0,none
Line-C,2026-01-03 05:30:00,81.18450284557635,46.75012472825916,1.8880567814389,16.84319558781675,93.0549797292204,58.22176305113105,0,none
Line-C,2026-01-03 05:35:00,76.50765019068348,44.50146702281566,2.868214155771013,15.92077956634082,95.8928140703869,60.73680393510005,0,none
Line-C,2026-01-03 05:40:00,79.30167955915971,42.75478085387696,1.8734986681270296,15.06572432310234,103.4813932946651,64.88535466773733,0,none
Line-C,2026-01-03 05:45:00,75.06002626266,48.14958058917846,2.174436133576876,14.956753231688316,95.62298010147045,58.271548735635896,0,none
Line-C,2026-01-03 05:50:00,80.41695866726606,44.86281661079959,2.483019397650976,14.637373066929875,93.86220540839165,56.601820691451415,0,none
Line-C,2026-01-03 05:55:00,78.78098127967671,46.16206426365652,2.557276350241405,14.932991620210933,96.7379210171197,58.07951644235353,0,none
Line-C,2026-01-03 06:00:00,80.59240607939878,48.750754600526456,2.527094250538409,14.533887469244643,98.97719253192102,55.9114619571319,0,none
Line-C,2026-01-03 06:05:00,78.75281375295232,40.87558856472928,2.565626927228778,14.495599709505678,87.99562899885059,54.965153070040046,0,none
Line-C,2026-01-03 06:10:00,78.06595481427163,47.814043254776585,2.2092914427190595,15.29025450830812,94.08323496818076,56.81083363590948,0,none
Line-C,2026-01-03 06:15:00,78.99358393120228,43.964171250246,2.3281476668157466,16.158039258067937,90.69961057679598,55.13702029493205,0,none
Line-C,2026-01-03 06:20:00,78.98738498055545,42.71132354760189,2.113749203887413,14.97456528613055,92.58099848980396,56.67715537129203,0,none
Line-C,2026-01-03 06:25:00,75.75379535020106,45.489031705334725,3.023511900784594,16.287446391579646,93.4150376130072,64.32225635052245,0,none
Line-C,2026-01-03 06:30:00,76.77814654407851,46.27278291179091,1.7791486400746914,12.58054136510351,96.54026266958893,59.31585637829431,0,none
Line-C,2026-01-03 06:35:00,78.69073187743177,46.104516788567445,2.482866427836054,14.927102075401091,96.36477060288324,58.71439843204383,0,none
Line-C,2026-01-03 06:40:00,76.08423857767517,47.641389317685466,2.523579667179935,15.388439834368134,101.04051511048114,59.26705655421748,0,none
Line-C,2026-01-03 06:45:00,76.94258939465618,49.05908252002276,2.193427425863829,16.28780737459043,96.26852492246516,63.365723118176,0,none
Line-C,2026-01-03 06:50:00,78.96412845849464,47.845532034410965,2.3970784416446747,14.342372835539695,90.60318136323411,57.255483466667656,0,none
Line-C,2026-01-03 06:55:00,78.95230219858038,47.149280935428806,2.603144444390584,14.762622520841328,94.56016658975098,58.75636501100187,0,none
Line-C,2026-01-03 07:00:00,78.04451542599229,48.51153236753009,2.824544922259804,15.341855601974716,97.22111925943244,54.39976633416959,0,none
Line-C,2026-01-03 07:05:00,80.34584924252354,43.98648162523106,2.8681639732515043,15.950138007981543,94.75243550308149,63.349953835353325,0,none
Line-C,2026-01-03 07:10:00,76.9142130000729,49.25724506771701,2.0932871547637064,14.105797064186635,84.75726392382147,54.06338019564158,0,none
Line-C,2026-01-03 07:15:00,79.681639184667,41.742238327925946,3.057541282649222,14.581739049007602,93.41563124953612,56.617931719884695,0,none
Line-C,2026-01-03 07:20:00,75.87836971608078,48.906265932213,3.082684775700745,15.81919971939642,97.52072556790776,54.28549059712247,0,none
Line-C,2026-01-03 07:25:00,79.17110095392846,47.37816668684847,2.6260171346893197,14.90476626772692,91.29714078236049,64.4794594449335,0,none
Line-C,2026-01-03 07:30:00,77.02257593503833,44.42111381276112,2.419609434556946,14.794172504756556,94.75943688910765,65.34716827331303,0,none
Line-C,2026-01-03 07:35:00,78.65433438953383,45.60931413349362,2.486193209520436,14.178477739886382,90.59522497829924,58.34077841578335,0,none
Line-C,2026-01-03 07:40:00,78.40174704397185,51.50556402625826,2.6362196418916626,15.866703711164472,99.16151660215868,57.73533069604267,0,none
Line-C,2026-01-03 07:45:00,77.37448970524275,42.1442866737345,2.69313958864685,15.648739536272618,97.08452368042852,58.58052124225578,0,none
Line-C,2026-01-03 07:50:00,76.04290072903291,46.39818397455807,2.306194789488551,14.94339667964993,89.64278486483991,57.11830234000778,0,none
Line-C,2026-01-03 07:55:00,74.69481559318923,43.96047908813603,2.906182372061968,15.04533904352704,94.85637826286693,53.41478954227889,0,none
Line-C,2026-01-03 08:00:00,74.4470738629407,46.87848254372864,2.576254702344828,14.258286210471782,96.47943897306102,56.09195319947888,0,none
Line-C,2026-01-03 08:05:00,77.61709551633423,47.38863383222214,1.959569820281436,14.34554610174138,90.45143960474704,55.845753595860224,0,none
Line-C,2026-01-03 08:10:00,77.27320352347816,44.736512778588406,2.226303314388622,15.252000942329545,95.41929953727517,55.720012328903856,0,none
Line-C,2026-01-03 08:15:00,77.17240420388605,48.166573400594594,2.077125843087696,14.44100587461319,101.49565753691414,56.55453078106871,0,none
Line-C,2026-01-03 08:20:00,78.4185303626643,46.9720054031492,2.310227127310789,14.652046014198168,95.25418576601982,52.57707704675905,0,none
Line-C,2026-01-03 08:25:00,77.62299517148,47.76970365738846,2.1098653180226545,13.61956546888761,90.34416976661242,54.08235926733417,0,none
Line-C,2026-01-03 08:30:00,78.21244506692251,44.43841467274065,2.884755834483516,14.605413600964027,94.76457364699029,60.235364990436594,0,none
Line-C,2026-01-03 08:35:00,77.27631867224697,46.86895044661677,2.143042047803972,13.450883131254656,91.24583497893356,60.608056858195695,0,none
Line-C,2026-01-03 08:40:00,74.28633296891265,46.27810128231977,2.471677753778091,14.475300672578744,104.17842167987595,52.86375595000315,0,none
Line-C,2026-01-03 08:45:00,77.35481255991775,47.89546781156045,2.2637603795659897,15.48293074114998,94.49663436822335,57.0623774164754,0,none
Line-C,2026-01-03 08:50:00,78.06469411618697,46.5992060771612,2.587153422031019,14.898914651310749,100.23782043979426,52.196503886865706,0,none
Line-C,2026-01-03 08:55:00,76.62476957370318,44.92497710269871,1.6572780220291017,15.125447517087917,93.86889148064064,56.51835972872606,0,none
Line-C,2026-01-03 09:00:00,76.00269472396886,45.17622478044359,2.82045130534852,16.04312235268622,97.7670197342272,57.82253577543162,0,none
Line-C,2026-01-03 09:05:00,78.80531117662339,43.20541165792409,2.299135665275465,14.650625542963544,86.15370681555768,57.510525701667376,0,none
Line-C,2026-01-03 09:10:00,76.2230091555368,46.041596417839706,2.638050565332641,14.875884088913356,98.9284156039,51.05961181161487,0,none
Line-C,2026-01-03 09:15:00,74.80689226547054,43.95948075739237,2.345246558514041,14.141978321882393,99.7756222514033,58.10901189475884,0,none
Line-C,2026-01-03 09:20:00,73.32918755135044,45.48590348699275,1.9213738514783325,16.442547343331594,95.23345346814388,55.7845231145611,0,none
Line-C,2026-01-03 09:25:00,74.92678067538111,49.58869865989528,2.3574641090583746,14.485952312426658,93.44578223924108,53.46203955244819,0,none
Line-C,2026-01-03 09:30:00,78.75881174032698,44.41772811190281,2.40283633361028,15.019535740622263,89.53257634789439,55.93562642428372,0,none
Line-C,2026-01-03 09:35:00,76.99875039685314,47.90242895451677,2.62068975879265,15.474574259100706,84.02224197678814,53.210797941950304,0,none
Line-C,2026-01-03 09:40:00,73.3832578335245,42.99211623685942,2.521673546327756,14.561715635314124,96.31230062443431,58.01999469988561,0,none
Line-C,2026-01-03 09:45:00,75.77488898979475,47.614994939022445,2.349718218170424,15.432125212553188,102.8307129431322,50.55763777706015,0,none
Line-C,2026-01-03 09:50:00,75.26812217573372,46.51342742258424,1.9532757723572949,16.153894641737136,102.60332668374092,53.1956605705489,0,none
Line-C,2026-01-03 09:55:00,74.19192203528047,47.40907382559369,2.1531868567717614,14.499258106195567,94.59463760048942,61.1476658119362,0,none
Line-C,2026-01-03 10:00:00,72.94965073624884,46.041602445141,2.608396761248188,15.152969631942252,95.7198276317837,56.89825659557624,0,none
Line-C,2026-01-03 10:05:00,72.40863319495088,45.83125749145504,2.4557798707036285,13.788093418033508,90.82997053155503,56.56170840384512,0,none
Line-C,2026-01-03 10:10:00,75.28118794826625,43.13060940516961,1.7618576373898875,15.463103123144789,100.2703721543618,59.33330555649132,0,none
Line-C,2026-01-03 10:15:00,74.5451771522281,46.57386525016018,1.7916216737498416,15.564284137610802,88.8295265477256,46.65440504293736,0,none
Line-C,2026-01-03 10:20:00,74.95784204254106,46.29203303798725,2.7965700582556834,15.35970947945082,97.57119992155322,58.84203960171522,0,none
Line-C,2026-01-03 10:25:00,74.67257699460409,45.51112669479532,2.231644446036822,14.55106958377965,97.77846225138282,52.91894237365308,0,none
Line-C,2026-01-03 10:30:00,75.79266030143118,44.1726364189223,2.55530394082659,13.95310176010797,98.81696796813092,53.27921879051828,0,none
Line-C,2026-01-03 10:35:00,74.26886156858347,43.14758958996508,2.562990747727508,15.484598503422305,99.35424827902165,55.20951750292482,0,none
Line-C,2026-01-03 10:40:00,74.41160449913197,46.38076953996567,2.3832323790139016,15.09927517789086,89.3057471997397,50.85675827199069,0,none
Line-C,2026-01-03 10:45:00,73.9376957951419,44.55020146058271,1.7989145429515436,15.493066744714907,98.11118390890886,51.591905093234686,0,none
Line-C,2026-01-03 10:50:00,73.03396365444823,45.268340898808944,2.5178706072604835,14.062784098907828,95.21097206932934,51.82598704887092,0,none
Line-C,2026-01-03 10:55:00,74.85109903002284,47.25569301910154,2.374304257809671,14.331035375574876,89.92980197764234,51.35569175186225,0,none
Line-C,2026-01-03 11:00:00,74.80524174936552,46.999181502003246,2.4805693861975397,13.893951224669932,94.0249924332489,53.83603306233917,0,none
Line-C,2026-01-03 11:05:00,75.09065622408167,48.07963307612131,1.8447456828328852,14.017044874365435,94.89110007074684,53.77989563779014,0,none
Line-C,2026-01-03 11:10:00,75.53802484824884,47.99837391956935,2.456251721230064,15.07088954438972,100.97868841438284,54.797217013123,0,none
Line-C,2026-01-03 11:15:00,75.71170249271006,46.32976468490995,2.4837284127851227,15.532697994695296,92.0432776227508,57.18434087414676,0,none
Line-C,2026-01-03 11:20:00,75.16445724692274,44.15250682602156,2.1805062394074923,14.781844924832027,96.41332741017656,61.14817096080993,0,none
Line-C,2026-01-03 11:25:00,72.07940989145817,44.83735072845739,1.7922080818683508,13.544361011708048,96.48753202269184,55.34789759884736,0,none
Line-C,2026-01-03 11:30:00,74.53287807259767,49.59064730621613,2.662983966419022,13.603190494160623,94.87102053244524,51.04662974456476,0,none
Line-C,2026-01-03 11:35:00,72.40828159417461,46.06077127362356,2.283776651171939,15.41766629277232,100.09969014556744,53.09721068755039,0,none
Line-C,2026-01-03 11:40:00,70.30361442419876,43.21859001108839,2.083048575799046,16.332258556146826,91.5350425587522,53.48312278269563,0,none
Line-C,2026-01-03 11:45:00,72.60428634852822,45.31842335939962,2.671008561539371,13.333615752580537,93.31588372319578,51.06847029922853,0,none
Line-C,2026-01-03 11:50:00,75.21815138462276,46.28501872726723,2.5802053019756466,14.646800488330816,95.35660172295329,54.22542732020647,0,none
Line-C,2026-01-03 11:55:00,69.5553607508124,47.33612549834627,2.8358604680448845,16.46103464145885,91.635018052112,48.940218529659134,0,none
Line-C,2026-01-03 12:00:00,71.00241877186926,46.95423246395926,2.2967316697482567,15.14771761633942,89.08733170787256,46.23921734782803,0,none
Line-C,2026-01-03 12:05:00,73.20696081972011,48.57847278800004,2.433933009283321,14.417236187222043,92.93394533924209,52.65419838639736,0,none
Line-C,2026-01-03 12:10:00,71.41223591708868,48.511589517411416,2.1525988197114865,15.776682900351188,88.30083878444306,49.0724947253068,0,none
Line-C,2026-01-03 12:15:00,74.1974983499344,43.38759622498538,1.7069537704390214,14.273877166727234,92.4161914532266,53.27022214336581,0,none
Line-C,2026-01-03 12:20:00,71.34480309736492,49.01043770224987,2.113931259338784,15.500916830234797,87.67026247843505,49.71872456650711,0,none
Line-C,2026-01-03 12:25:00,75.4950286926133,48.48614347045064,2.843807485549714,14.859701516349103,88.90814061973757,52.80173888108311,0,none
Line-C,2026-01-03 12:30:00,69.25135243064771,46.62958990659069,2.540472371169186,14.591269864447424,86.87695087848152,59.35954595797711,0,none
Line-C,2026-01-03 12:35:00,70.13657083685901,46.27395322141126,2.6132103881481346,16.106262373292473,94.47780749503698,51.81600777334045,0,none
Line-C,2026-01-03 12:40:00,73.38456323828768,46.83608011023508,2.6938408826304707,15.979783410514324,96.81208989971124,53.54452844631967,0,none
Line-C,2026-01-03 12:45:00,71.94063215558562,41.68877334939918,4.916957574895598,14.309266591263594,88.88890779549932,50.50889666534378,1,spike
Line-C,2026-01-03 12:50:00,70.29602104252965,47.775369822542565,2.5652966717033348,16.10640199097431,91.3394025800864,49.05262614065303,0,none
Line-C,2026-01-03 12:55:00,73.45360245302747,41.88454932881157,1.5896871138972846,15.894983601696536,94.899184869001,49.97181312976179,0,none
Line-C,2026-01-03 13:00:00,69.06277118318975,48.31468986299609,2.4090043440614384,16.021977953095,94.54603050709603,53.15001665195214,0,none
Line-C,2026-01-03 13:05:00,72.00063844903335,46.45373447391127,2.077858036297769,15.199178659647236,98.04736284294692,52.46673056691076,0,none
Line-C,2026-01-03 13:10:00,70.4310127049887,46.03871203686348,2.837226878280306,15.319839777021976,89.03203793628325,55.99830542622694,0,none
Line-C,2026-01-03 13:15:00,68.9740044670845,46.02755626859704,2.514957195157986,15.1674059038377,97.2445049228308,50.70380201441385,0,none
Line-C,2026-01-03 13:20:00,71.37243226869363,45.57106975330432,2.500196475319135,15.372153626697823,99.7660465916283,53.03704785281376,0,none
Line-C,2026-01-03 13:25:00,69.78813894271025,46.05949424221979,2.206345360977464,16.05741315329235,93.9420048536908,47.5357207358088,0,none
Line-C,2026-01-03 13:30:00,71.17558343013901,44.35529338136087,2.834886672367981,15.063717770533296,95.86361573406592,47.080818427418926,0,none
Line-C,2026-01-03 13:35:00,69.64641414413568,43.566090453145954,2.355007273947619,12.882040329239762,89.20121535949755,51.8664991833648,0,none
Line-C,2026-01-03 13:40:00,71.08727780075627,48.382479146327135,2.0933553237982583,15.830201811717377,95.28560472295234,54.91192254208576,0,none
Line-C,2026-01-03 13:45:00,70.76657346226499,46.62581937663733,1.9943050834309617,14.33589885403882,91.93822237046088,49.33537656332936,0,none
Line-C,2026-01-03 13:50:00,70.29011400127717,46.161171008813525,2.1062191313433325,14.011644587115208,100.78566254879588,48.84729517802143,0,none
Line-C,2026-01-03 13:55:00,69.20940886302925,45.90078773856979,2.0632208765283857,14.120401656663248,96.5935020124814,49.17128054201196,0,none
Line-C,2026-01-03 14:00:00,69.45956002733146,43.62668720820814,2.6678328554842348,14.068344943774328,101.95246834542354,51.482031570210665,0,none
Line-C,2026-01-03 14:05:00,68.86966821464011,42.08537978457494,2.0841715204246585,14.740575260212893,96.7976266453539,52.54392669237012,0,none
Line-C,2026-01-03 14:10:00,68.65440730427052,48.58280623835384,2.315523878863933,15.189863881658306,97.40859063563153,59.380722139412754,0,none
Line-C,2026-01-03 14:15:00,72.1701494239492,45.44818543298056,2.769018715464099,15.938739807806863,95.3195159214963,50.04808685696654,0,none
Line-C,2026-01-03 14:20:00,70.60461598670818,46.72437757184679,2.344280208270998,15.56100112979575,97.15564101801388,51.48731038001095,0,none
Line-C,2026-01-03 14:25:00,67.88197151891409,45.69363873738851,2.747823481331727,15.271577966909778,99.56083875091272,51.800846842540665,0,none
Line-C,2026-01-03 14:30:00,67.83474583000162,43.36744767825182,2.5282689342021194,14.746824028837295,94.77408139227175,53.92996276220011,0,none
Line-C,2026-01-03 14:35:00,67.59223165195307,43.07060023623109,2.605009879832861,16.845239727302907,94.13836902989615,50.44349000279513,0,none
Line-C,2026-01-03 14:40:00,68.51420108866087,44.19243013058604,2.234961589281868,15.436087403072548,89.98698929667682,45.98525722871233,0,none
Line-C,2026-01-03 14:45:00,69.29389133333211,44.07009084688384,2.606914446694025,15.061151928146492,91.9265426473177,50.407752346547376,0,none
Line-C,2026-01-03 14:50:00,65.89374324748093,45.61731002847882,2.700077739252484,15.101640511661293,96.05597087670276,49.05776087717792,0,none
Line-C,2026-01-03 14:55:00,68.05617827923099,42.66032061160752,2.4774171621644108,16.199842231897325,94.969316334296,52.41924795724775,0,none
Line-C,2026-01-03 15:00:00,67.49906440684838,45.41090078610373,2.8583169021747645,14.923491706858217,92.02057602022126,49.21511022342329,0,none
Line-C,2026-01-03 15:05:00,65.64793515637783,45.37568500229799,2.9877474166508966,16.07948342080303,92.82607911795012,45.252879141004,0,none
Line-C,2026-01-03 15:10:00,67.93402720752093,40.7386914359356,2.923354071708133,15.936912017919054,87.55696368425286,48.264384339557296,0,none
Line-C,2026-01-03 15:15:00,68.37779488410081,42.75206329038107,2.816666821197006,14.245067291654426,93.92947386244228,44.46046361087661,0,none
Line-C,2026-01-03 15:20:00,70.49674569237555,43.09319468243551,2.467115010421737,14.158527311191122,91.30612114287176,50.47604715014391,0,none
Line-C,2026-01-03 15:25:00,66.56345220126907,45.90881318065495,2.481645619471441,15.173392680380111,98.44126281537208,56.30197533509849,0,none
Line-C,2026-01-03 15:30:00,71.44826546071846,49.64939698312585,2.1660473336698693,16.587870407719276,100.21873484065624,50.11922790273853,0,none
Line-C,2026-01-03 15:35:00,68.99645620841169,43.61064516784223,3.2573749125836766,14.828819341336963,103.307085351732,50.919533294230206,0,none
Line-C,2026-01-03 15:40:00,65.92769896377654,48.71802383923991,2.803000995446072,13.97529107077066,88.12125075989205,50.26417720186626,0,none
Line-C,2026-01-03 15:45:00,68.59917877611522,45.55663194723999,2.7858950196885672,14.180196692051869,89.7325034587381,49.9547386273264,0,none
Line-C,2026-01-03 15:50:00,65.19392498655239,46.91503752250925,1.88227894183969,16.001301240444715,102.67679313818468,53.197596054663016,0,none
Line-C,2026-01-03 15:55:00,68.47356231632487,48.03955017103081,2.3513027220804807,15.494690748776383,90.90141153936833,59.22320016811547,0,none
Line-C,2026-01-03 16:00:00,67.39483141991025,47.460491395386725,2.479816659339356,16.332525670988087,89.54257862556695,46.64972108236054,0,none
Line-C,2026-01-03 16:05:00,69.9619163780454,46.324413588982,2.710020649505276,16.48142418654986,93.22889236594902,51.30330002399035,0,none
Line-C,2026-01-03 16:10:00,66.82931046405346,45.43806440881882,2.801181983956948,15.70008936571823,94.11483130785436,45.54942533130959,0,none
Line-C,2026-01-03 16:15:00,65.76888007683183,46.08833673342447,2.287712746984934,15.462019984898529,95.8688985309829,49.37337260369955,0,none
Line-C,2026-01-03 16:20:00,67.43879838830702,49.221590286235504,2.569662510637885,16.73746014222883,95.10188876185524,48.387632303710845,0,none
Line-C,2026-01-03 16:25:00,67.14894358493777,47.10836889025804,2.7413834438080915,16.399705138377378,95.60253620824868,44.85288981804907,0,none
Line-C,2026-01-03 16:30:00,66.55185500360457,44.50375490063299,2.5748083850533194,13.7970851238986,98.77555033611904,50.1197047819647,0,none
Line-C,2026-01-03 16:35:00,69.57292213244843,48.47118071976612,3.3904491154040377,16.562692931309947,93.51004152116812,47.734468928805306,0,none
Line-C,2026-01-03 16:40:00,69.72234292045104,43.200789422205226,2.110509179960032,15.162073915480043,93.57316818940252,48.49810750319025,0,none
Line-C,2026-01-03 16:45:00,67.93666183391821,45.80010678362345,2.9487916767056133,14.893611823009673,92.2486069207328,48.15560140474141,0,none
Line-C,2026-01-03 16:50:00,66.43791866579389,44.87787396041168,3.151259680051843,15.433698731457367,100.7296327464578,48.58619753307933,0,none
Line-C,2026-01-03 16:55:00,66.02799351167911,46.43475857727325,2.8884193251637877,15.105404221177285,94.22223603169618,39.97393271652573,0,none
Line-C,2026-01-03 17:00:00,68.96432500121118,44.55220360576146,3.3621325305681444,15.86181915034137,93.68388588880477,51.29901487873715,0,none
Line-C,2026-01-03 17:05:00,67.84816189375904,46.51304200653379,2.904513693132478,13.7986412931276,88.6439206075999,50.02149562520268,0,none
Line-C,2026-01-03 17:10:00,65.85720657567975,49.30623065380355,2.515777351964038,13.933030466346484,95.82285975248904,51.14260714822287,0,none
Line-C,2026-01-03 17:15:00,64.8538535502812,47.40716833830447,2.395641315058952,15.97487812001121,93.85605902797144,46.513729483994936,0,none
Line-C,2026-01-03 17:20:00,66.8960867204954,46.51336719824737,2.449063524686687,16.674792243125623,91.2777816259677,45.17804798190832,0,none
Line-C,2026-01-03 17:25:00,67.78658585010025,47.240274413846016,2.7039868643991807,15.548891651361334,91.6113169560673,48.33451190707519,0,none
Line-C,2026-01-03 17:30:00,67.90024952625717,44.670000874445634,2.8469074121391955,16.120808165213276,95.46567727948276,49.22491733218424,0,none
Line-C,2026-01-03 17:35:00,64.51974390795752,47.99874319356316,2.213221169699369,15.574276394659858,93.03832232968152,43.96318050502311,0,none
Line-C,2026-01-03 17:40:00,67.39573145958049,47.40425655207298,2.59898264400367,15.083724721426297,100.91402832180374,55.205803513725016,0,none
Line-C,2026-01-03 17:45:00,64.63566991599177,44.4308962196252,2.415819453179908,15.507250055538698,92.06682850942347,46.43153107043342,0,none
Line-C,2026-01-03 17:50:00,66.22061066070157,46.77419996796581,2.216806948000995,14.082213504657238,95.19214895784197,54.81212505196025,0,none
Line-C,2026-01-03 17:55:00,66.26215088658293,42.99936281605981,2.582235882262397,14.514598841033866,93.51269353996231,46.11540017412071,0,none
Line-C,2026-01-03 18:00:00,66.03936580570705,42.56934512118427,2.123893033441533,15.133643956987854,100.60621720287672,52.64771621662796,0,none
Line-C,2026-01-03 18:05:00,65.48918682310024,47.09699196595473,2.521700996241403,14.044173875596078,100.37590765232471,57.12610959799325,0,none
Line-C,2026-01-03 18:10:00,64.49351504220971,51.20105828931816,2.2145675005806305,15.865465427757142,100.11174467585457,46.27964149039014,0,none
Line-C,2026-01-03 18:15:00,69.17240500454172,44.02977453435905,2.728819364273078,15.594139947915744,100.44538420136077,56.47842445750408,0,none
Line-C,2026-01-03 18:20:00,67.37347466720911,48.61100077523611,2.685781620983321,15.321505283690549,94.0392508765371,49.08097880262096,0,none
Line-C,2026-01-03 18:25:00,63.89081704006116,46.353802179975965,2.1015438113188667,14.67583770947803,90.60631874296726,51.10029152243161,0,none
Line-C,2026-01-03 18:30:00,69.23379254673426,45.822605611201766,2.5645853603859203,14.301889547703643,86.52047127655365,55.71146205573315,0,none
Line-C,2026-01-03 18:35:00,66.30999399857141,46.17592759048409,2.413318893090098,15.007255470911096,96.28016439465392,46.591813360297216,0,none
Line-D,2026-01-01 00:00:00,68.67254823367253,50.84405601702253,2.206956745588701,14.071977621031492,78.66161549175695,54.93812086906696,0,none
Line-D,2026-01-01 00:05:00,68.68600838430886,50.293183187277975,2.128490932116398,13.060291333242976,88.27574804389074,58.246603910002406,0,none
Line-D,2026-01-01 00:10:00,64.44188367445872,53.05777525377197,1.9967622089728685,14.951985777042506,92.2072191089596,63.81312612783272,0,none
Line-D,2026-01-01 00:15:00,65.74965871181304,52.140863036512194,2.5003086250021025,12.17869816523065,84.46135886594898,55.15590922722146,0,none
Line-D,2026-01-01 00:20:00,64.83562820523422,52.61639947336881,2.52496359939885,14.828789011678383,85.44908844973847,53.20900421849307,0,none
Line-D,2026-01-01 00:25:00,65.80727111551154,50.77258729395813,2.293023692868198,14.93783541751216,88.03260945924504,58.64896739870888,0,none
Line-D,2026-01-01 00:30:00,66.51564109037984,54.62521498268705,2.2049209598469512,14.02853979901475,83.33537089888345,60.50519367071564,0,none
Line-D,2026-01-01 00:35:00,67.03814265880689,52.68949989630611,2.364306584598807,15.09166922843593,82.66077874613532,51.985383643411744,0,none
Line-D,2026-01-01 00:40:00,68.27807934490701,51.988935004267006,2.7448848079085977,15.872956151485411,80.96777250558299,57.87006461213854,0,none
Line-D,2026-01-01 00:45:00,67.47307673250798,51.91252457448589,2.304567669148615,14.127135798711238,76.41256146884331,60.35167169075839,0,none
Line-D,2026-01-01 00:50:00,66.84153255730594,50.74066186692744,2.3163555123060244,15.426699881975797,86.72245934132503,59.87009140161771,0,none
Line-D,2026-01-01 00:55:00,68.07815023228063,52.7692930664075,2.5160290700403016,14.529090689144189,86.54724419796942,56.39021354314606,0,none
Line-D,2026-01-01 01:00:00,65.7799389028625,55.94617136210507,2.4002069057031137,14.67414315691926,87.37892841964629,51.95429880791586,0,none
Line-D,2026-01-01 01:05:00,68.32134907045167,54.6170448395058,2.483112206912361,15.197137669646184,81.35301128349785,57.822100900695766,0,none
Line-D,2026-01-01 01:10:00,66.558444179078,56.23975204704287,2.8368591922344644,14.663486455033931,80.35434143252728,51.61369117716951,0,none
Line-D,2026-01-01 01:15:00,66.75306916494355,56.15153676166017,2.3647382512116133,14.122144008518044,91.745859319598,54.52346595058772,0,none
Line-D,2026-01-01 01:20:00,67.80475592275259,50.538581626531794,1.9267782795020325,13.039239669520397,88.41390396991972,58.12502798195556,0,none
Line-D,2026-01-01 01:25:00,66.69295719518342,51.76715328157914,2.629419504068724,13.158595845919155,88.99660613906939,63.40576211984366,0,none
Line-D,2026-01-01 01:30:00,68.97770418648378,56.19019248570577,2.476594168814612,15.060405691338024,89.58441095454917,64.17498569408531,0,none
Line-D,2026-01-01 01:35:00,67.03284990756511,51.21840240272399,1.9364625898766308,14.09009882840309,83.1957993464104,57.48262209660273,0,none
Line-D,2026-01-01 01:40:00,68.54039180018599,50.75037285801103,1.941524452518828,15.780540782888954,84.00458575588692,56.20646674675714,0,none
Line-D,2026-01-01 01:45:00,68.91199538441793,51.6684223090262,2.133988129491815,14.523237003744146,87.70333094518608,58.79271707762554,0,none
Line-D,2026-01-01 01:50:00,71.14109155665003,53.31515630504211,2.2092983118919145,14.488075507676337,86.49346677441441,61.48061763888156,0,none
Line-D,2026-01-01 01:55:00,71.0313754679395,54.53897582197566,2.5609037084035906,14.083087321747731,85.54700139648165,61.509703465935495,0,none
Line-D,2026-01-01 02:00:00,67.77949351164878,54.13534636216991,2.358546136950028,14.426597098521157,84.00227222415903,57.93912367650065,0,none
Line-D,2026-01-01 02:05:00,68.94234880283499,54.34644425406614,2.115300455733825,13.801323542035156,90.00335983180896,61.95398954416466,0,none
Line-D,2026-01-01 02:10:00,70.05836959963499,50.64915545850252,2.507049667770716,14.00283201940111,81.14542223912636,61.42007754762521,0,none
Line-D,2026-01-01 02:15:00,68.89557679121432,54.01837805632842,2.896424988171333,14.27472551949629,87.10526178959623,58.94359955150399,0,none
Line-D,2026-01-01 02:20:00,68.96715260186627,51.64774060211326,2.040719723730517,14.057926532752193,94.47179211337044,52.58004445618672,0,none
Line-D,2026-01-01 02:25:00,69.91536056027547,56.22142012957944,2.256226437971538,15.15739028539857,83.66324323777782,62.142138986899816,0,none
Line-D,2026-01-01 02:30:00,68.82496447374135,52.12578163339397,2.5173338315897227,13.58122468935932,88.07589356435192,66.9645636909516,0,none
Line-D,2026-01-01 02:35:00,69.19649575251721,51.630302097904256,1.781249173801852,14.742475367784714,88.27446474354205,64.0282589465905,0,none
Line-D,2026-01-01 02:40:00,70.27582914925574,52.95305823307061,2.092342894204425,12.911276697858824,80.41447891481933,61.792370227978765,0,none
Line-D,2026-01-01 02:45:00,67.93981375497471,50.64744870059998,2.115508087115533,14.402750044138765,90.9024326062804,57.73951449472947,0,none
Line-D,2026-01-01 02:50:00,71.1112060341485,53.061186553991405,2.848091665025121,14.014311841200636,88.43170380215555,57.38477230597306,0,none
Line-D,2026-01-01 02:55:00,70.32984828475671,50.401052968500274,2.010800385834562,15.21673425164636,82.06007231313438,66.07262487648505,0,none
Line-D,2026-01-01 03:00:00,69.31189868638722,52.9301238907377,2.122332628761205,14.020669157134437,81.81661219292576,61.38067538523866,0,none
Line-D,2026-01-01 03:05:00,69.40000683347371,53.38960183803973,2.1078624622514712,13.608812141835111,84.07719226081849,60.292891948737314,0,none
Line-D,2026-01-01 03:10:00,70.80500199545662,52.14634372511142,2.1679924970486906,14.346138924456408,86.02611387492982,60.49401584862501,0,none
Line-D,2026-01-01 03:15:00,73.01669243896224,55.65138183600655,2.3606135226908096,13.90236532035932,83.90910352651326,62.41625752736913,0,none
Line-D,2026-01-01 03:20:00,71.70154812117696,51.46821348043101,2.2839595093243004,15.046653241741868,91.63007637646994,63.21568248526897,0,none
Line-D,2026-01-01 03:25:00,71.73113610281132,53.37815171446393,2.278984246746813,15.54400171166544,75.58045298092014,61.09868043373222,0,none
Line-D,2026-01-01 03:30:00,69.47533233342331,51.04864869094195,1.8562368997579008,12.49387747657993,90.98416932116072,61.37155385604004,0,none
Line-D,2026-01-01 03:35:00,71.12976952951576,51.19141969589739,1.8493815584817064,13.522271716696276,84.09173456902515,62.91297947910804,0,none
Line-D,2026-01-01 03:40:00,69.08299704235122,51.425632516176194,2.064912711191384,14.040954945488656,87.78289220387191,58.08339917799199,0,none
Line-D,2026-01-01 03:45:00,68.89969542331455,49.02463339028418,2.193704493080717,14.446846008016774,85.84995593071041,60.3322855489509,0,none
Line-D,2026-01-01 03:50:00,71.81606705787527,49.75761649446185,2.4315734006984435,15.821291808718536,84.85911356157301,55.08028847274184,0,none
Line-D,2026-01-01 03:55:00,72.39862323266465,50.87706476663188,2.337320422530563,14.086105822683692,97.10482705580696,62.916441484514536,0,none
Line-D,2026-01-01 04:00:00,69.49175953112704,51.33174867590982,2.7642530690224776,13.725058819094595,84.60527851797076,57.52557240069622,0,none
Line-D,2026-01-01 04:05:00,70.86809789980028,51.26527526726529,2.3363843494971004,13.89692708604871,90.98716146633146,60.53279139088525,0,none
Line-D,2026-01-01 04:10:00,68.26596279163256,54.47406781990845,1.944468995002758,13.88548761911268,86.00767189222462,59.61755795855891,0,none
Line-D,2026-01-01 04:15:00,67.94608531387259,53.811029138230325,2.365395200743305,14.39497067853022,85.45174188413372,62.20205148880531,0,none
Line-D,2026-01-01 04:20:00,72.09099553969415,48.43544917632291,2.579046276040476,14.137427524815266,92.96019113133812,62.3775891866224,0,none
Line-D,2026-01-01 04:25:00,71.53508823574833,49.06091590671787,2.692249189373262,14.278817891228057,83.02454026853631,59.90320572372827,0,none
Line-D,2026-01-01 04:30:00,74.62750477221778,50.79281161475772,2.6761372786089623,14.65833370376069,86.50911725688191,62.65857377407321,0,none
Line-D,2026-01-01 04:35:00,70.74029787595552,50.26224004581487,1.9299950928193104,14.983923238193016,83.39674154314929,59.96970729164438,0,none
Line-D,2026-01-01 04:40:00,70.78865836409196,52.35493082746288,2.730298112230553,14.331751174617589,87.32155480201078,60.07396856007283,0,none
Line-D,2026-01-01 04:45:00,69.885512257466,51.995262196624296,2.158594499756038,13.905948593836229,86.6683499441485,63.70994444965629,0,none
Line-D,2026-01-01 04:50:00,70.24398266114827,50.13836344659256,2.9355868816028177,14.105286315891492,82.23971126376539,59.20549329652833,0,none
Line-D,2026-01-01 04:55:00,72.01085796837152,50.519491541526016,1.948039074802187,14.053918649952507,89.15482278485155,63.22396652831481,0,none
Line-D,2026-01-01 05:00:00,72.1263479749374,53.11913132542925,2.1862729608966305,14.95231913834456,88.0730778738156,60.28599089727737,0,none
Line-D,2026-01-01 05:05:00,70.6247096916211,52.856567269339706,2.9439408153312447,14.211172288142864,88.65135195343737,63.70881518752605,0,none
Line-D,2026-01-01 05:10:00,72.01296895106277,51.60860259067671,1.9949098281340607,16.27950347125369,80.46697727267731,62.436163636334456,0,none
Line-D,2026-01-01 05:15:00,74.88258856433167,50.87516567090005,1.9044014635291544,13.630339309417623,81.90782263723796,64.28466974388773,0,none
Line-D,2026-01-01 05:20:00,71.2025698047015,52.12043093826439,2.39536686234743,13.84641818818478,84.36988750212413,65.17538475218188,0,none
Line-D,2026-01-01 05:25:00,71.37564767377671,49.75848615972056,2.28153598861628,15.537541797654828,85.51078090010732,65.67970348755347,0,none
Line-D,2026-01-01 05:30:00,72.27259919590438,50.4425922143005,2.5983154199197886,15.29659278826552,85.93539419900716,59.09225332727666,0,none
Line-D,2026-01-01 05:35:00,71.25974057473277,55.06084894997556,1.9055158732459123,13.64639485821514,84.68067840999896,55.12352704617667,0,none
Line-D,2026-01-01 05:40:00,74.61243757102736,53.03364985260831,2.152335949185696,16.23307890436903,85.49265696480141,64.18828981727793,0,none
Line-D,2026-01-01 05:45:00,71.58157212256339,51.43181087859719,2.3761621017809524,13.722888780711449,82.3437466852157,61.06543950687384,0,none
Line-D,2026-01-01 05:50:00,73.15907226099591,51.06955833229112,2.261956949272616,13.313995937222815,84.2098790368726,63.18172663391899,0,none
Line-D,2026-01-01 05:55:00,69.03286893158798,49.368774154096606,2.026557882348385,12.652007706330622,92.55607637412368,61.2694570037274,0,none
Line-D,2026-01-01 06:00:00,72.48968956945619,45.79542621851324,2.492667597648371,15.561439127652667,89.4362614592953,60.8979251583496,0,none
Line-D,2026-01-01 06:05:00,72.6442772867122,53.03086937066573,2.7430123555379784,14.430414619380574,87.22953406567618,59.58157201394149,0,none
Line-D,2026-01-01 06:10:00,71.82834551830459,52.21491706375419,1.8999885156599576,15.170832390598209,89.40364621477713,61.46947510795427,0,none
Line-D,2026-01-01 06:15:00,74.18115013161768,52.56738126678121,2.745372659564749,14.070422112524772,90.5135950468233,57.11621622059575,0,none
Line-D,2026-01-01 06:20:00,72.00979021137778,55.27273783012913,2.2816048523423778,14.950556412843063,88.09581383581676,58.65423831545903,0,none
Line-D,2026-01-01 06:25:00,71.31682579448415,49.34034696942798,2.524278280379028,16.3762844721376,88.960163847141,62.31315932244737,0,none
Line-D,2026-01-01 06:30:00,69.82127057761392,54.67860600079878,2.300724223704231,14.440676480545816,93.46173877734394,67.74355560738131,0,none
Line-D,2026-01-01 06:35:00,71.63493103075696,55.58258560379926,2.470790785786501,13.809596885960026,81.85628395143478,63.200836351010814,0,none
Line-D,2026-01-01 06:40:00,74.48304165678375,49.59477066517363,2.257990353212926,15.756874049332543,85.20393909739983,61.59429230353288,0,none
Line-D,2026-01-01 06:45:00,69.52678873960812,49.87877729117495,2.611266455449657,15.561328437377709,86.89613247955664,58.51062024572671,0,none
Line-D,2026-01-01 06:50:00,72.98353593678033,54.589075427669634,2.394624155941161,14.156278761682154,85.22149547565996,64.70618203754714,0,none
Line-D,2026-01-01 06:55:00,72.10619507384087,51.68708738626404,2.355897401183204,13.98196954132668,85.09604941567964,66.3245950195497,0,none
Line-D,2026-01-01 07:00:00,72.04098058755216,54.01590291732842,2.679049832102041,15.15743753490622,84.09966318510068,63.64565875957635,0,none
Line-D,2026-01-01 07:05:00,70.00046600604188,52.7899224791658,1.7622892483135972,15.778765423177214,88.30513666607996,64.47691123388455,0,none
Line-D,2026-01-01 07:10:00,74.29070371992543,50.9276759362581,2.1934821594464107,14.471031992405406,78.83171148116047,63.57866022144533,0,none
Line-D,2026-01-01 07:15:00,71.92294153759345,54.16084768188035,2.8155591125293498,13.83758984915244,91.04909520224204,61.31161376275974,0,none
Line-D,2026-01-01 07:20:00,70.27907650200906,51.91103802769646,2.6840754497382098,14.369972327113889,85.16347339093298,60.97545002669046,0,none
Line-D,2026-01-01 07:25:00,71.75484358864095,48.75501147099394,2.547616284612117,15.74103420400792,85.07419360706736,62.56165518743008,0,none
Line-D,2026-01-01 07:30:00,71.76474059092703,53.526070332726,2.149330718727323,14.452728243515612,89.06586126227333,60.25465214677496,0,none
Line-D,2026-01-01 07:35:00,72.58125163279462,51.7170843825924,2.022479943788332,14.861764314946738,83.98311626059862,60.91611756571292,0,none
Line-D,2026-01-01 07:40:00,71.18590136680413,54.06988392540506,2.3648858094213616,13.868704772038894,81.8377837419692,58.2103347941686,0,none
Line-D,2026-01-01 07:45:00,69.92790617883408,57.42214281424471,2.800387908867896,14.139798529201954,83.22136284639932,62.60452200485555,0,none
Line-D,2026-01-01 07:50:00,72.40812762404873,53.8951987948131,2.270778308052132,14.703780455572124,83.54550646836402,62.15147241292763,0,none
Line-D,2026-01-01 07:55:00,71.73868129977025,50.56103240859808,1.9276696030138871,14.483416688513977,87.66398799605432,64.89566791563199,0,none
Line-D,2026-01-01 08:00:00,67.97970979768256,53.1786793571673,2.497432685337565,14.72333024712565,80.63786024275731,60.62102400758454,0,none
Line-D,2026-01-01 08:05:00,71.28581052245335,53.15552421692493,2.099377372196233,14.237969191678216,84.94607742494198,64.56509394946848,0,none
Line-D,2026-01-01 08:10:00,69.34462853745978,51.61695889302787,2.873329283289478,12.712968230899143,86.12055320279038,60.526405351118505,0,none
Line-D,2026-01-01 08:15:00,71.3796490065118,55.25331346583265,2.0758789301709077,13.627189921616084,82.0902017963936,61.377720719587245,0,none
Line-D,2026-01-01 08:20:00,72.32851575931927,49.108709754232656,2.4961934896472977,14.457731720177664,79.2963958169019,57.04836417172137,0,none
Line-D,2026-01-01 08:25:00,72.91822641927972,54.8674229495862,2.262015659390318,14.82253142294417,90.94732825901797,58.81757885984045,0,none
Line-D,2026-01-01 08:30:00,69.45787086459906,55.31872742785638,2.630229257350725,15.816940363849456,76.4590131558052,58.13742700572889,0,none
Line-D,2026-01-01 08:35:00,71.14220972120526,48.859031500455934,2.3471653839285773,14.11403262169949,91.10136993416496,61.51950880244862,0,none
Line-D,2026-01-01 08:40:00,71.3107543429785,54.664044134462806,2.4566736560318385,14.677455534922416,90.17724968324836,60.57267023825126,0,none
Line-D,2026-01-01 08:45:00,71.61899362228583,54.32647288542569,2.002814029373093,15.329053907822974,88.22992575327444,62.77842425449042,0,none
Line-D,2026-01-01 08:50:00,71.8614656654198,51.263233697103104,2.5883854204676164,13.481129790830114,82.28730092815744,59.97385123672966,0,none
Line-D,2026-01-01 08:55:00,69.41917883411867,50.34207962637391,2.403022893227605,14.546432684370991,89.87057918161354,56.51763461377888,0,none
Line-D,2026-01-01 09:00:00,68.53877894832554,50.6535695802651,2.356102389315453,14.20928383606566,90.00302995891694,65.45596216165997,0,none
Line-D,2026-01-01 09:05:00,68.81270422047882,52.98455302337225,1.4750628248410274,14.520019991537348,84.66780444457338,62.73682831129396,0,none
Line-D,2026-01-01 09:10:00,68.97245448714669,51.08865771025022,2.538348269364029,14.11883893651505,85.7286867021798,58.6747317741827,0,none
Line-D,2026-01-01 09:15:00,68.68489077598427,54.14676339662744,2.1075071041266784,13.657127328753646,80.81580996062372,60.73594051788668,0,none
Line-D,2026-01-01 09:20:00,70.87272149327303,49.05232260590159,2.458756055779053,14.720519603906796,83.39023358314839,58.94027643911489,0,none
Line-D,2026-01-01 09:25:00,68.7615215446056,50.78014934494513,2.656919445275696,15.579335216931687,85.0588978092388,61.63822183943672,0,none
Line-D,2026-01-01 09:30:00,68.29347029888261,54.66430027021463,2.8982799814054254,14.593951693699042,83.5222934477065,62.835786800225534,0,none
Line-D,2026-01-01 09:35:00,70.46044626643962,55.2700946546881,3.115546522795705,14.002354741867356,86.52651381256915,57.72212571737066,0,none
Line-D,2026-01-01 09:40:00,68.98063065394149,52.69566448577962,2.0921538035109304,14.006652168742267,84.46859788063333,60.799922482110304,0,none
Line-D,2026-01-01 09:45:00,68.4900805513811,50.8088831984936,1.8785208742266617,13.453403803202413,86.15654774706984,62.35850244885975,0,none
Line-D,2026-01-01 09:50:00,69.75440553821826,53.38459972814356,2.803820033687612,15.488039751867058,86.29471446739585,60.13712858119735,0,none
Line-D,2026-01-01 09:55:00,68.81867741715999,54.0284077619571,1.983852353970281,15.08078173829442,88.89596547734209,61.39790925585354,0,none
Line-D,2026-01-01 10:00:00,67.54418530634409,50.56279820931694,1.738300816755137,13.80781873171901,83.79101316397566,62.36090467230785,0,none
Line-D,2026-01-01 10:05:00,69.10781882861012,51.35475288905323,1.6722055320334714,14.364332693295829,83.68058928557765,62.69346603644664,0,none
Line-D,2026-01-01 10:10:00,70.23005902971227,53.284363106041326,2.053431842475846,14.581803513591662,83.3178798524234,59.70557016822723,0,none
Line-D,2026-01-01 10:15:00,69.21240934219536,54.87611919086734,2.537275362586273,13.838170220521931,87.15681928542925,57.1940147218718,0,none
Line-D,2026-01-01 10:20:00,68.31398927438434,53.59219941245769,2.6292619166534594,13.029109826755318,89.79754241593093,61.20209696646198,0,none
Line-D,2026-01-01 10:25:00,69.22698984347696,50.82433587254727,2.703954614027228,13.141786666016824,79.65477800908444,59.73302884640493,0,none
Line-D,2026-01-01 10:30:00,69.22500906711936,50.17944024347184,2.630840996921646,13.745659304678975,92.78374060519695,64.77688887219391,0,none
Line-D,2026-01-01 10:35:00,68.19819459443579,55.9076112696944,2.4795642123260286,14.127007888501607,86.11976662464369,60.17593387556104,0,none
Line-D,2026-01-01 10:40:00,69.93470020124232,53.53669112766754,2.839961794447517,12.24702015704663,80.52889854265719,60.15185568144622,0,none
Line-D,2026-01-01 10:45:00,66.07603154396968,52.46522842977584,2.488889216674145,14.477689336018909,86.86492426822902,52.65005105563998,0,none
Line-D,2026-01-01 10:50:00,68.48008208413371,51.82821904804853,2.1669002825048365,13.365235421371244,81.40379551847975,59.09428989157091,0,none
Line-D,2026-01-01 10:55:00,67.87015723639252,50.66683862102199,2.0947980683387897,15.264448153200036,86.40111912060338,54.90387095256068,0,none
Line-D,2026-01-01 11:00:00,68.122608751231,53.32015376365274,2.538747151297361,15.121608593167773,81.4633372892821,55.15509814914637,0,none
Line-D,2026-01-01 11:05:00,69.01235627665581,54.069578428186055,2.834006007839979,13.981903899680496,74.48694530415837,60.95989931914525,0,none
Line-D,2026-01-01 11:10:00,67.7178075791197,51.647043401075365,1.8518668662870863,14.892192964616246,82.83952811824452,57.95383908992289,0,none
Line-D,2026-01-01 11:15:00,69.07257003024257,50.010423701745744,2.569418646760043,13.508447191471124,89.27718921507066,54.61244053351597,0,none
Line-D,2026-01-01 11:20:00,67.82948451979362,54.05680021381121,2.256020827406436,13.183268635851649,84.10274254042479,63.28056955252406,0,none
Line-D,2026-01-01 11:25:00,67.04560271515615,52.18656686519838,2.3042819719338703,14.114397900117838,82.92644355227088,58.5741654806917,0,none
Line-D,2026-01-01 11:30:00,64.80179729771721,55.75797219696901,2.427891552927868,15.63600768434102,88.29972647153463,57.23441114601542,0,none
Line-D,2026-01-01 11:35:00,66.83813274886303,53.8232437496607,2.3779292973676336,14.316119034795651,84.26945446721395,50.62978901045562,0,none
Line-D,2026-01-01 11:40:00,69.88746065634516,47.60093760199254,2.9264414792004736,12.642721725600358,83.21897005953127,49.75642713760284,0,none
Line-D,2026-01-01 11:45:00,67.27390588281101,51.94614921875398,1.8019808027570248,14.11031588453141,82.15899876787388,56.77313140676026,0,none
Line-D,2026-01-01 11:50:00,65.63419051997181,54.78736333951649,2.0755115743802635,13.243135582275125,86.55808318543164,57.941700701415655,0,none
Line-D,2026-01-01 11:55:00,69.20772689219277,52.57811417514641,2.0211115301902227,14.53490390604511,84.36895609131837,55.088492487069466,0,none
Line-D,2026-01-01 12:00:00,65.73125803196405,50.9699840044043,1.4752712125640934,13.487536740044524,92.97094120048652,55.22347566846085,0,none
Line-D,2026-01-01 12:05:00,66.2532490529626,52.89858919747837,2.397574921343135,13.802608588611305,86.16321143364642,56.59049337666584,0,none
Line-D,2026-01-01 12:10:00,65.42407185981182,52.003794348017216,2.173068500130766,12.552959954543129,88.03186163354435,61.493302764126,0,none
Line-D,2026-01-01 12:15:00,65.33303079489703,51.740049220491386,2.575711237768312,12.183277674149492,84.48946843128645,56.957799556817285,0,none
Line-D,2026-01-01 12:20:00,64.80863610971353,49.87580721278726,2.065930593994727,12.544265093311916,85.68170059009401,52.594896021613465,0,none
Line-D,2026-01-01 12:25:00,63.92159872630388,52.30878435197376,1.3994214750743783,14.269306726589264,79.78015741153614,56.80814427723613,0,none
Line-D,2026-01-01 12:30:00,65.67103486797082,52.25771799883562,2.3267906787524626,13.268402846702871,81.94598197730879,58.40386040490238,0,none
Line-D,2026-01-01 12:35:00,66.60641566702857,54.4098097476486,1.663789525227475,14.497592887568269,87.59879456501187,60.40823453946097,0,none
Line-D,2026-01-01 12:40:00,65.89579108727986,49.86249466996594,1.998951980847652,14.180394408265434,88.87601916499285,53.4045662508904,0,none
Line-D,2026-01-01 12:45:00,65.89579108727986,54.84382784136819,2.256443685025865,14.93295324017016,78.69784639139937,57.28074714686343,1,flatline
Line-D,2026-01-01 12:50:00,65.89579108727986,50.39386161778633,2.341722260287616,14.522837750644412,81.65707920112686,59.43894382899589,1,flatline
Line-D,2026-01-01 12:55:00,65.89579108727986,50.5924658563621,2.338212151567584,13.79257120719406,83.16573388917436,55.6298227434776,1,flatline
Line-D,2026-01-01 13:00:00,65.89579108727986,51.38778221867887,2.2279720632484685,14.68412608500898,83.83874826074184,56.59298230612832,1,flatline
Line-D,2026-01-01 13:05:00,65.89579108727986,53.769532348329065,1.9356054239465263,14.934406877358663,88.94731858661244,57.35146522945038,1,flatline
Line-D,2026-01-01 13:10:00,65.89579108727986,49.89540240309792,2.2926204706080484,13.506420242927712,86.20271779197948,57.18513437066736,1,flatline
Line-D,2026-01-01 13:15:00,65.89579108727986,52.766099339299885,2.196034881314621,13.200101705442966,93.30520156515284,57.94555438247743,1,flatline
Line-D,2026-01-01 13:20:00,65.89579108727986,51.969158320934376,1.5396778938335065,14.17177462700515,78.28197365843292,50.55217680322348,1,flatline
Line-D,2026-01-01 13:25:00,65.89579108727986,53.061888168838536,2.307275375860936,14.93726947249432,83.86187413626372,49.80827471714271,1,flatline
Line-D,2026-01-01 13:30:00,65.89579108727986,51.35950513119423,2.639136681725911,13.993264382227364,81.03762567513678,56.23283152331427,1,flatline
Line-D,2026-01-01 13:35:00,65.89579108727986,51.15103990287537,2.647681777400272,15.22354247366536,87.80622162797772,52.27167580208772,1,flatline
Line-D,2026-01-01 13:40:00,65.89579108727986,53.9234494899452,2.411202455621116,14.54525631117564,87.648892433664,55.94933040728997,1,flatline
Line-D,2026-01-01 13:45:00,65.89579108727986,53.53324865975782,2.1921478230150178,14.347096392172,87.84855470461048,57.23356346699722,1,flatline
Line-D,2026-01-01 13:50:00,65.89579108727986,54.602398243295326,2.066022703755876,13.551609900305456,81.30668565235011,50.09618482697112,1,flatline
Line-D,2026-01-01 13:55:00,60.10191628228552,51.93025918502385,1.9724405029728984,12.885964571916327,77.29126861396024,58.025037495798266,0,none
Line-D,2026-01-01 14:00:00,64.676571899419,53.053354241622216,2.635710705840043,13.28845177877746,82.08072239642304,54.39745135669067,0,none
Line-D,2026-01-01 14:05:00,63.98002661401429,51.17555952457626,2.4507876565124165,14.64354619171531,80.81002609629418,46.51980435760745,0,none
Line-D,2026-01-01 14:10:00,61.78373913343824,51.09930447062625,2.1164741465611296,13.145283464789769,84.22730525506844,48.91199539432981,0,none
Line-D,2026-01-01 14:15:00,62.94729018880351,46.98100018050035,2.519236670701632,14.392102113359984,83.05565991358782,44.95684497493773,0,none
Line-D,2026-01-01 14:20:00,65.37442826919842,51.3163821076971,2.141536883637789,14.397108172315011,84.60896462330389,51.554156212313416,0,none
Line-D,2026-01-01 14:25:00,64.63492952702778,50.46567295519718,2.1574623944427684,14.471363454650056,81.67284785215024,53.64780201858295,0,none
Line-D,2026-01-01 14:30:00,64.81372788196023,51.23133366227498,2.487707878363743,14.173586821267902,86.7557423763109,51.62647155213712,0,none
Line-D,2026-01-01 14:35:00,63.67254696866325,51.34336888560605,2.073140514859357,13.494144441879456,85.69285789631586,54.60804961291287,0,none
Line-D,2026-01-01 14:40:00,64.86657593110296,52.14916499161491,3.1761436087574757,13.4009352756253,82.79845060564332,56.98410370571088,0,none
Line-D,2026-01-01 14:45:00,62.16782381547735,50.58161146084821,2.365722356623557,13.29303525428003,81.88372349332214,53.156033876092295,0,none
Line-D,2026-01-01 14:50:00,62.55966939290321,57.26311202724739,2.7728537858535742,15.60151143507167,91.50565902421636,51.6338176795175,0,none
Line-D,2026-01-01 14:55:00,62.19173159903188,50.94856195416927,2.507569835553764,14.768846904762972,82.92174771076353,55.98154091345959,0,none
Line-D,2026-01-01 15:00:00,63.30194749308125,54.59578940323312,2.6020250544212407,13.696999092698444,86.4982560655438,57.38439366741415,0,none
Line-D,2026-01-01 15:05:00,64.20304912461627,48.55519895234233,2.536618029843142,13.716318379946395,84.31895318518833,53.5416432464091,0,none
Line-D,2026-01-01 15:10:00,60.85755641408253,55.23828981015729,1.9234486221363016,15.89452934286966,80.44891716789594,52.95274675054005,0,none
Line-D,2026-01-01 15:15:00,62.58547883357721,54.96574751847996,2.2198455187013635,14.52860480895395,92.6950970415649,53.48367440597737,0,none
Line-D,2026-01-01 15:20:00,64.88455252134065,52.49884112576349,2.5632283204039346,13.12710198918586,80.28436712985317,51.113824798801126,0,none
Line-D,2026-01-01 15:25:00,59.67641506685477,52.87960989799841,2.506747699440377,15.820987317567612,83.67930973898011,54.49882299702419,0,none
Line-D,2026-01-01 15:30:00,60.26545176678635,53.046441883366,2.293999174686009,14.309290543069114,81.04225189335138,55.20724537723618,0,none
Line-D,2026-01-01 15:35:00,62.47992713155868,50.048685152335295,2.278461921436136,13.802381351783811,92.2352174021079,54.172416569714514,0,none
Line-D,2026-01-01 15:40:00,62.360555880323446,51.06573269577045,2.6500608499113563,14.459858528889256,82.35419182484355,52.88595538876413,0,none
Line-D,2026-01-01 15:45:00,62.314045378685606,52.06643206351725,2.3685411389971303,14.294704911288374,85.38588268634547,54.82262039504224,0,none
Line-D,2026-01-01 15:50:00,58.23205622542529,50.76391833095708,2.145954619881103,12.821408284685049,84.67295778710523,49.29609589924288,0,none
Line-D,2026-01-01 15:55:00,61.49354814936227,51.0718439279721,2.393584833755629,12.598195091403646,78.96806290553288,53.49483125327711,0,none
Line-D,2026-01-01 16:00:00,61.30727076364811,50.40901151551251,2.261523733570276,13.968637948280044,89.5985989705789,56.05072272624925,0,none
Line-D,2026-01-01 16:05:00,60.1071747870981,52.878413627935565,2.31629493451563,13.452341558413227,88.91979514858143,51.81328194062279,0,none
Line-D,2026-01-01 16:10:00,62.55384555358065,54.07827006046117,2.3387767530065573,14.507801306179076,81.69760439064787,58.54732428183198,0,none
Line-D,2026-01-01 16:15:00,59.67149362036469,53.34471648120867,2.6984506576883684,16.593614510380608,85.25232689578743,56.87590764795316,0,none
Line-D,2026-01-01 16:20:00,61.288116976911,51.12395708235848,2.067559377551714,14.386161288713955,82.3445471422799,56.82025011428079,0,none
Line-D,2026-01-01 16:25:00,61.21357142402013,54.089242790789385,1.974237663975338,15.206435039167705,90.74422097078856,46.464086969637314,0,none
Line-D,2026-01-01 16:30:00,62.71913991726761,52.98480662323236,2.6859229501577544,15.005727190789177,85.61994570585398,55.0748951153163,0,none
Line-D,2026-01-01 16:35:00,60.83329917762831,50.686379947351206,2.3064869531684447,13.923038521215124,80.61172046519036,47.36938064423764,0,none
Line-D,2026-01-01 16:40:00,60.66692007998953,52.54927631275446,2.441377395264565,12.693416050824654,83.79083307281009,45.69633840007901,0,none
Line-D,2026-01-01 16:45:00,63.88880905188305,48.40150974906756,2.840006847702137,15.27129947827014,83.00167824906553,53.27936010452811,0,none
Line-D,2026-01-01 16:50:00,63.68967930242884,51.24620925344642,2.58102471935632,14.1105082761912,87.66373332977528,52.81065533951031,0,none
Line-D,2026-01-01 16:55:00,59.467581343779536,56.3539509135658,2.221621258693945,12.437975062190851,78.42607168548157,51.43374787169176,0,none
Line-D,2026-01-01 17:00:00,62.38380431015027,50.52641387394255,1.9721739923614376,14.77387398376076,85.50751678394705,48.89646798446774,0,none
Line-D,2026-01-01 17:05:00,60.71613767047805,51.39886974545354,2.262288211267987,14.559814430091205,84.36497915133158,51.98249512258111,0,none
Line-D,2026-01-01 17:10:00,59.07350430611579,54.30213921551657,2.1937662461325504,15.130733121193687,87.20818209882178,42.986426815334525,0,none
Line-D,2026-01-01 17:15:00,62.272204096759296,52.44631573689796,2.304346262449401,15.002113664930912,91.6306571903816,55.0253728229624,0,none
Line-D,2026-01-01 17:20:00,60.94770817170453,51.89255042095954,2.606589841742699,14.80123848914644,80.9369337424885,48.39177654311035,0,none
Line-D,2026-01-01 17:25:00,59.94555746766311,55.12911442519072,2.4869626649952483,14.308265366415291,87.40545592596881,54.33907180057604,0,none
Line-D,2026-01-01 17:30:00,62.02005564171881,53.71093237938665,2.6438349219049737,13.027358244252872,88.32823910832768,50.59252450284216,0,none
Line-D,2026-01-01 17:35:00,63.64809919716807,50.1630563668226,2.60779711658623,14.273827889894164,86.33602149683574,53.85090223973067,0,none
Line-D,2026-01-01 17:40:00,61.71809073846772,53.329122120801145,2.3057976973443357,14.00821575353873,87.7525784871391,54.06023024892647,0,none
Line-D,2026-01-01 17:45:00,62.635204049465344,52.86748763585609,1.931187606947395,13.19436076245584,80.37744613341673,48.89812769648383,0,none
Line-D,2026-01-01 17:50:00,61.95408768350783,50.44612864835332,2.799432764681532,14.245211611375554,84.2425813640319,53.91548819208422,0,none
Line-D,2026-01-01 17:55:00,62.81213799724103,49.168868940027615,2.413203676606477,13.742763052344133,94.42864588859533,54.34727773403315,0,none
Line-D,2026-01-01 18:00:00,61.52959980733184,53.25691256209839,2.4922578470067567,14.68374571872782,81.28784102611284,54.221112804150046,0,none
Line-D,2026-01-01 18:05:00,61.79322297143029,52.95503172726353,2.3638032893052374,14.680814732116662,88.70546753063658,49.83195648765858,0,none
Line-D,2026-01-01 18:10:00,62.26204027696846,51.65008194466644,1.65712848921292,12.266433084502102,78.86786456743617,54.636621316458,0,none
Line-D,2026-01-01 18:15:00,63.95335055722222,53.97281297698238,2.681875741460205,13.253685903804271,88.66858102078174,49.71676010280207,0,none
Line-D,2026-01-01 18:20:00,60.207850681867015,53.80998294673415,1.7821751141808024,15.092427778841806,79.94400164908166,52.97965280772006,0,none
Line-D,2026-01-01 18:25:00,62.0656914507931,52.26835077564837,2.195033341147349,13.87143416358443,84.27615252390936,48.82760107305254,0,none
Line-D,2026-01-01 18:30:00,66.22705425764858,52.110554804121776,1.4853893360072017,14.482430279692112,88.57139251161291,49.00671191032336,0,none
Line-D,2026-01-01 18:35:00,60.26417050724225,54.20876969417462,2.134204016927137,13.873562861689855,87.06716374183833,54.06527185975901,0,none
Line-D,2026-01-01 18:40:00,61.0677309040416,52.95571404431942,2.311642722617852,14.235053633346004,84.17096725733654,58.83288380607355,0,none
Line-D,2026-01-01 18:45:00,60.36219500509853,52.65377994091974,2.6103947567988204,15.402554792887615,83.71563152017596,47.65079771840256,0,none
Line-D,2026-01-01 18:50:00,62.0139280444583,50.55837738420284,2.489894257084451,14.06774284979654,82.70202238877832,47.970480174255385,0,none
Line-D,2026-01-01 18:55:00,59.915073695531134,50.591582332171576,2.3366150673909245,13.780618635128343,91.05237651037626,49.20668183352778,0,none
Line-D,2026-01-01 19:00:00,61.11399466958877,53.26245406513581,2.125448167127673,14.937095243084674,84.259124155534,57.781909372610286,0,none
Line-D,2026-01-01 19:05:00,61.9006541357731,52.62782521982344,2.071169889871835,13.988616860553686,82.2780735643792,56.55346903243783,0,none
Line-D,2026-01-01 19:10:00,60.68476656664793,54.738084166762576,2.4319944105701072,15.234217009341052,86.78139701356223,51.32472310036523,0,none
Line-D,2026-01-01 19:15:00,62.24989179741361,51.52783597407284,2.7165748674743364,13.039400390790044,84.70998647268306,48.40864963186519,0,none
Line-D,2026-01-01 19:20:00,60.5586700150127,52.94525197665005,2.170439952731221,13.639933104659438,82.50659434993725,51.67691239198248,0,none
Line-D,2026-01-01 19:25:00,63.05649223391596,49.92676663229465,2.526222121116877,14.584506991998971,86.75147152185083,53.2205665880255,0,none
Line-D,2026-01-01 19:30:00,62.42393500009882,51.8868089977901,1.9026405018797885,13.617607768301257,83.67820050198208,51.34656907027778,0,none
Line-D,2026-01-01 19:35:00,57.147579756317626,50.01672155559854,1.921898733083873,14.641249453023534,90.04779686626362,53.48926499483496,0,none
Line-D,2026-01-01 19:40:00,62.15158257482234,53.6235396920777,2.499632282899544,13.133065548288048,77.61706695553275,52.3075253183613,0,none
Line-D,2026-01-01 19:45:00,58.88855565767458,55.44220187685643,2.819555623689733,14.260558525587196,80.16369114728052,54.22764763003809,0,none
Line-D,2026-01-01 19:50:00,61.40673765121047,52.88101139518241,2.4383590515106004,14.87365079311249,90.54249599664551,57.99033509526424,0,none
Line-D,2026-01-01 19:55:00,61.47118182715595,54.40085923980019,2.5933689239602957,14.160331146396166,81.66446765789206,50.75116628499434,0,none
Line-D,2026-01-01 20:00:00,62.46146123914444,54.94006355870754,2.3780238484719822,12.716146453915684,82.03813734282409,52.72037417482556,0,none
Line-D,2026-01-01 20:05:00,61.37483704565082,50.50288731402061,2.697652351344958,15.428635253290963,95.1667905749438,50.90398397105638,0,none
Line-D,2026-01-01 20:10:00,61.55578465885139,51.68095241310277,2.253373159398243,13.8795122464013,87.64394172500243,53.23526437368776,0,none
Line-D,2026-01-01 20:15:00,62.714470513997526,50.46599721252535,2.908203567187837,14.09393209886327,84.9446393091581,58.42083375325882,0,none
Line-D,2026-01-01 20:20:00,63.98745864495824,51.80506444997232,2.6131079457684594,14.508663730464928,87.08056547844083,51.36759713011315,0,none
Line-D,2026-01-01 20:25:00,63.61320274718049,51.36517597070112,2.8856643831298685,16.82287334289002,79.96311191827517,55.92020900263854,0,none
Line-D,2026-01-01 20:30:00,61.34192071269026,51.36037032982756,3.1129179061539203,14.50179767764733,86.31298633964762,57.55496811967061,0,none
Line-D,2026-01-01 20:35:00,62.93501961854772,51.843244158595766,2.307797895650258,15.138377427893971,86.82491126681508,52.582914296138966,0,none
Line-D,2026-01-01 20:40:00,61.46438021376402,52.89468263070467,2.55335225839238,15.32112424465911,86.6378800452993,51.85575311782908,0,none
Line-D,2026-01-01 20:45:00,61.92856182661009,50.310606916025264,3.0336900986387683,15.421692979119651,83.40836519669533,53.787491651679225,0,none
Line-D,2026-01-01 20:50:00,61.764139029535926,51.81634918296508,2.258600690733418,13.390792303444366,84.78934392143177,56.78311311695892,0,none
Line-D,2026-01-01 20:55:00,63.11775531130186,53.77428112181821,2.3668011687103228,13.329603744133518,86.29814681577817,50.29476828905639,0,none
Line-D,2026-01-01 21:00:00,63.550958177162286,49.14378026859275,2.835763753140448,13.915992166579274,84.3203593269249,52.47639963617108,0,none
Line-D,2026-01-01 21:05:00,62.932988832928906,53.00673452837751,2.4854069680893303,14.327897811705853,86.13598460518698,55.84372856605498,0,none
Line-D,2026-01-01 21:10:00,65.16346063910926,54.91147381015703,2.1745648652915976,14.839288294118788,89.1501410542258,52.96651646352816,0,none
Line-D,2026-01-01 21:15:00,63.03010012674459,53.099562781031736,2.646780072146878,15.224253708492665,78.56942438407843,54.87145553697542,0,none
Line-D,2026-01-01 21:20:00,61.258910181463406,49.49228825643679,2.180804200544792,14.008084640937438,87.53561486184131,56.74390118495219,0,none
Line-D,2026-01-01 21:25:00,63.21047162350844,53.85069268516479,2.8326109509391237,15.926993795025089,86.62054545912817,57.00829378025946,0,none
Line-D,2026-01-01 21:30:00,63.80624161816619,55.02335967262756,2.532328152963246,15.550412579307876,86.82525839719844,57.04270644259381,0,none
Line-D,2026-01-01 21:35:00,65.19706549672176,50.3033528399406,2.672022346662295,12.705631959052628,82.73865488317372,51.37868784324776,0,none
Line-D,2026-01-01 21:40:00,63.27259766528608,56.086643694077566,2.862798137495405,15.092749849456984,83.8369251129231,51.01133851222488,0,none
Line-D,2026-01-01 21:45:00,62.43518913423929,54.05302417436788,2.2181395141420945,13.93615934216352,79.99685000618152,55.32606613459805,0,none
Line-D,2026-01-01 21:50:00,64.05071929845823,51.222925363361206,2.401122759374816,14.845202859961471,84.80438096763466,49.77148651749305,0,none
Line-D,2026-01-01 21:55:00,63.63043519687064,50.99922082984317,3.16788604487928,13.870584578253796,86.3717764026733,51.1521577488444,0,none
Line-D,2026-01-01 22:00:00,64.97850810195106,55.51155045829117,2.65569213074242,14.095422592774636,87.31618614792485,51.52991246918698,0,none
Line-D,2026-01-01 22:05:00,65.29328921353851,51.767644450569534,3.157973071843577,15.88827733509918,80.4816362559829,58.168351711720966,0,none
Line-D,2026-01-01 22:10:00,61.426816317172175,51.75911040024065,2.397531579590094,15.911677678472342,88.09047520148815,55.96273310086264,0,none
Line-D,2026-01-01 22:15:00,63.10295936612719,51.92571534284714,2.2899742169115003,13.709029164235202,74.6870612640325,56.23192751971727,0,none
Line-D,2026-01-01 22:20:00,66.57895177900888,51.69760342165062,3.077274285151982,14.66872259627777,88.6687394255573,58.08489498373406,0,none
Line-D,2026-01-01 22:25:00,61.87962906398874,53.67707973649673,2.7176216435438274,14.437606968099818,82.71635128452431,59.75770379258528,0,none
Line-D,2026-01-01 22:30:00,64.20163111033537,52.05694531564348,2.135902984765781,15.309202397501148,85.08046227788182,51.18461842513683,0,none
Line-D,2026-01-01 22:35:00,65.82229939885002,50.85318295004325,2.4887652157707825,15.084040539248178,88.98974283725595,54.81334925786735,0,none
Line-D,2026-01-01 22:40:00,63.1583060219541,55.77165074618528,2.3909969471376717,14.41685466594145,83.01887464343177,52.03871652742014,0,none
Line-D,2026-01-01 22:45:00,65.25831688820796,53.80299065385535,2.6750532498777915,13.808295517075091,81.22803077182672,56.825287174054594,0,none
Line-D,2026-01-01 22:50:00,62.8272926410488,54.41341144421922,3.2175452023932767,13.701304583712666,85.39261401903347,52.5049099692486,0,none
Line-D,2026-01-01 22:55:00,66.72562495027616,51.92352076338852,2.3088503324170047,15.197786164430518,88.71060330786217,53.92184443876987,0,none
Line-D,2026-01-01 23:00:00,63.05435749369818,53.98886981279934,2.592392677134134,14.02475392314375,85.70892797423471,60.98217183924076,0,none
Line-D,2026-01-01 23:05:00,64.65741595172975,53.81613100260605,2.539033132030222,13.994519798524806,85.25057835702708,59.08167401072844,0,none
Line-D,2026-01-01 23:10:00,67.80201488848282,52.54797257117412,2.4782807144127434,15.14840221693412,90.85438042673628,57.54142836517383,0,none
Line-D,2026-01-01 23:15:00,67.69781284522628,49.72382610711422,2.5485945806630514,14.703718328498422,87.71073332711144,59.85431653415991,0,none
Line-D,2026-01-01 23:20:00,69.88840794660437,51.6749428595497,2.1928058220968465,13.91761129457032,88.2443397633439,56.36914432534415,0,none
Line-D,2026-01-01 23:25:00,66.60262930238443,55.17025644175136,2.84271880173097,14.225879733774226,85.49921362795726,60.88035193185215,0,none
Line-D,2026-01-01 23:30:00,66.1458575878684,53.14808633593046,2.4299082493957966,13.407961769971632,85.4269012741348,58.43468928473976,0,none
Line-D,2026-01-01 23:35:00,66.83762485708537,53.33623063972473,2.435640589442544,14.100663605815493,86.35772915248084,54.651475563304736,0,none
Line-D,2026-01-01 23:40:00,66.11593066310651,53.51385107215743,1.892922640950482,15.185921061405082,85.01514622602494,51.336694379291245,0,none
Line-D,2026-01-01 23:45:00,66.81542248219903,49.84393333160228,2.6803798056843124,14.551670333685024,91.58552596476116,52.075853711725046,0,none
Line-D,2026-01-01 23:50:00,64.36825122297954,52.170808891668,1.93132962139992,13.996708044148813,90.07399880973897,55.421426861169024,0,none
Line-D,2026-01-01 23:55:00,66.36175007138061,49.63498244020273,2.253012265752165,14.140065617561731,87.50695686211888,57.040715134594606,0,none
Line-D,2026-01-02 00:00:00,65.21827447677825,47.72252489561868,2.223853833400627,15.114814851427209,84.32347218149154,55.39154131924166,0,none
Line-D,2026-01-02 00:05:00,64.26081818260276,53.73611005029198,2.053483654940808,13.645666885318157,88.65466962231025,56.8049452405345,0,none
Line-D,2026-01-02 00:10:00,67.43777472632489,53.13264351963702,2.2041486635755443,12.991870708782775,91.09459760306916,54.4669063301436,0,none
Line-D,2026-01-02 00:15:00,68.8227853916662,49.20898882657024,2.274930693128056,14.04262356348906,76.46858856994506,56.40503073237499,0,none
Line-D,2026-01-02 00:20:00,66.21159566835857,53.28143327778984,1.979164889189461,14.574362255099004,95.56453003106836,56.21053814720477,0,none
Line-D,2026-01-02 00:25:00,65.92024015389171,48.755573760879926,2.890477942013479,15.562324759387703,86.44575335711235,61.02499846320782,0,none
Line-D,2026-01-02 00:30:00,66.0519507105863,52.13334120247463,2.4330094772836395,13.782672774854827,87.93618204932419,56.77654261468933,0,none
Line-D,2026-01-02 00:35:00,67.23611617620362,55.40924859481718,2.5814714956388976,14.404439934389243,84.52532393267059,55.570425933570846,0,none
Line-D,2026-01-02 00:40:00,65.97110118206237,51.74496082294577,2.441685382205297,15.251166145910778,84.81393072339891,56.96294380659376,0,none
Line-D,2026-01-02 00:45:00,67.25824617431134,50.562767853647344,2.608314510619155,13.103935188251103,86.52824371548982,58.59565105689829,0,none
Line-D,2026-01-02 00:50:00,67.09739290469774,54.3667237249202,2.617095690023805,14.692345199569584,87.53673590203627,60.33341796841829,0,none
Line-D,2026-01-02 00:55:00,67.32438623360474,52.666471452908,2.900077913922245,13.804239795259214,88.18833903738026,57.34106043674743,0,none
Line-D,2026-01-02 01:00:00,67.38059042404026,51.00310893487013,2.213399973576802,13.632074414385425,86.95246960561222,55.34916097544615,0,none
Line-D,2026-01-02 01:05:00,68.50998061570083,51.4424867793879,2.5407786742896588,13.894624863574183,85.83353245753509,56.25343312552774,0,none
Line-D,2026-01-02 01:10:00,66.89832064275562,49.04062447302409,2.5787877193352595,15.839077956652504,89.0215248504873,56.55260025000133,0,none
Line-D,2026-01-02 01:15:00,68.6703428136145,50.87924284156672,2.674046448814957,13.471965692973702,78.8735513392429,57.65209024940248,0,none
Line-D,2026-01-02 01:20:00,68.73413519559661,52.36970441727192,2.6180432910960456,14.816842911116687,86.34789674829202,55.47550740894935,0,none
Line-D,2026-01-02 01:25:00,68.34244771377635,52.48934231483366,2.243152525003864,15.398708880101609,80.85290473086314,61.855688465901935,0,none
Line-D,2026-01-02 01:30:00,70.24575049651398,52.00367961083239,2.50063091597198,15.375695268518038,82.65880849113721,58.27223605153904,0,none
Line-D,2026-01-02 01:35:00,66.89457226124375,51.703878248561445,2.768618226744469,15.051884082460356,84.8817039155929,56.36576092700547,0,none
Line-D,2026-01-02 01:40:00,66.4928452348789,56.34979032170449,2.094999903579914,15.81399488149416,93.60711018359504,51.21433250312828,0,none
Line-D,2026-01-02 01:45:00,69.55840509785398,50.04155988875808,2.0376149653050586,13.945459818347553,80.44316693509163,60.15298806995229,0,none
Line-D,2026-01-02 01:50:00,69.24215825034504,50.59718841463654,3.2146468753147843,13.91753006265968,80.98824075609826,58.084871233297406,0,none
Line-D,2026-01-02 01:55:00,68.71608693301282,51.641514281718464,2.81335428579007,15.580222757347707,86.98966503445091,61.0046300818284,0,none
Line-D,2026-01-02 02:00:00,70.99075116029434,55.2470632008215,2.719067487410621,13.101523201345142,80.79461163979803,57.23279274403668,0,none
Line-D,2026-01-02 02:05:00,69.27704135715597,52.588517299192006,2.257526049240812,13.505517855892654,79.15542157863366,61.97809695130352,0,none
Line-D,2026-01-02 02:10:00,69.53700830625901,49.28397037636967,2.2762549109019448,14.2680134751246,89.67728275946983,62.60486097735025,0,none
Line-D,2026-01-02 02:15:00,68.96678025183053,49.71060797967769,2.141997180368425,14.627545437312268,79.17808142031214,61.63956943661575,0,none
Line-D,2026-01-02 02:20:00,69.67331514967174,48.49086668652278,2.226092172749722,15.156541940925356,76.52217713280666,61.38074251083494,0,none
Line-D,2026-01-02 02:25:00,69.62172657106498,50.636154012418686,1.9446756059239565,15.108535977053322,90.41345521513544,55.65718805988144,0,none
Line-D,2026-01-02 02:30:00,69.35590880598733,52.61682850621066,2.534726424831483,13.856999975420791,83.72200736460792,63.06558915215157,0,none
Line-D,2026-01-02 02:35:00,69.46920169630921,50.2707914530718,2.448583732227961,13.93640532030952,85.14491194560146,59.18323200283915,0,none
Line-D,2026-01-02 02:40:00,70.30587516720718,55.47734235950546,2.253248067117552,14.732315359340436,89.05996808128236,56.58793179744958,0,none
Line-D,2026-01-02 02:45:00,70.41252258039165,49.66745081417288,1.7816337496927452,13.590065046082662,91.33973087320516,59.96118427763404,0,none
Line-D,2026-01-02 02:50:00,71.64428431205661,51.29029945172944,2.1107008024032,12.496859156982836,80.0683226101803,62.12198485551923,0,none
Line-D,2026-01-02 02:55:00,69.34283730106321,51.34010452502368,2.953320066663141,13.497784569178984,85.18756595527243,57.27944618883977,0,none
Line-D,2026-01-02 03:00:00,70.10493177955604,47.90568080005576,2.646655733897173,14.140675076114007,90.63877056637033,55.0123595478233,0,none
Line-D,2026-01-02 03:05:00,70.75060284520582,54.38120010453308,2.3416181996616934,13.698079735460912,82.73545464637397,58.82943841556796,0,none
Line-D,2026-01-02 03:10:00,71.4523336815376,51.57401934020003,2.2636108371598755,14.217692511775482,78.60301840870721,66.17401610792811,0,none
Line-D,2026-01-02 03:15:00,73.50155953604887,56.2504505967064,1.8461255048204468,14.92611553866844,83.71590230677862,60.28008235400312,0,none
Line-D,2026-01-02 03:20:00,69.38762676673468,52.32077769923132,2.6889157511893798,14.258827846190078,84.07696200865735,55.96625668772519,0,none
Line-D,2026-01-02 03:25:00,70.51947702635883,49.950942310487136,2.39216756020023,14.62574978028718,87.41533204841176,63.40726225884937,0,none
Line-D,2026-01-02 03:30:00,69.20820075080151,53.73262568678355,2.21827874044771,14.702594786325069,83.3163460777071,63.99967886787695,0,none
Line-D,2026-01-02 03:35:00,69.42715393143104,54.42212454901066,2.3090852921823064,14.70708583873092,87.76929261099035,62.7922719177722,0,none
Line-D,2026-01-02 03:40:00,71.37983148933131,54.28666945997279,2.242848830323651,14.642439158904349,87.24101596339321,66.64457191714767,0,none
Line-D,2026-01-02 03:45:00,68.51068094337644,51.80187251682255,2.1622726143630056,14.107768497208328,82.76029808741991,61.48215784477414,0,none
Line-D,2026-01-02 03:50:00,69.16966844744675,51.75986856775624,2.821410534586229,14.376931789950303,83.33207803032961,61.74324103358732,0,none
Line-D,2026-01-02 03:55:00,70.8959117623561,54.46991742689669,2.41656871428411,12.267658101099231,81.83560004937297,60.386695296502296,0,none
Line-D,2026-01-02 04:00:00,70.81728260838969,52.92158365007118,2.8769854011160763,14.259138403722506,91.7633309672427,60.76034189860839,0,none
Line-D,2026-01-02 04:05:00,68.03638153554427,50.25105616531143,2.655294124032381,13.735408859356257,84.76030605109133,61.29678152103708,0,none
Line-D,2026-01-02 04:10:00,70.44297922502626,51.46495074433773,1.818118155080296,14.349082615705962,83.418012590419,62.2804119903794,0,none
Line-D,2026-01-02 04:15:00,72.54011440868202,51.6817132418152,1.9341335148904748,12.941389108960506,85.27091598312589,65.89468762561354,0,none
Line-D,2026-01-02 04:20:00,69.78955229280892,55.71029500437802,2.271981476626533,12.446199184018642,81.74130404100592,65.74756793547058,0,none
Line-D,2026-01-02 04:25:00,71.08630617293737,51.88849634590365,2.516970031815786,16.343759850779477,87.26516438920251,66.29709726026799,0,none
Line-D,2026-01-02 04:30:00,73.33505571565465,49.151261860425045,2.658814661347594,13.514666506233194,87.1532054014991,56.48066322466016,0,none
Line-D,2026-01-02 04:35:00,69.07197788560423,51.11016142842093,2.6313443181554144,14.590440931268054,85.74969932669852,61.95518511430759,0,none
Line-D,2026-01-02 04:40:00,73.80088812281566,51.51523622494949,2.11636425905418,14.091321897023407,83.06756754478536,66.53763873175964,0,none
Line-D,2026-01-02 04:45:00,71.07773386528312,52.24470253530826,2.3534465905327004,13.413495483261949,78.70773507253936,62.231289747611946,0,none
Line-D,2026-01-02 04:50:00,68.69654302629364,52.92142233860377,3.081031308559156,14.747708096669234,87.05942864287908,59.2579504801737,0,none
Line-D,2026-01-02 04:55:00,72.19921224080045,54.71485225876349,2.5331111999772404,14.06635366407802,86.24031365773303,64.8584156767491,0,none
Line-D,2026-01-02 05:00:00,71.97265882916022,51.30303570584232,2.118928028438607,13.077637845406038,90.40755802413572,64.36743597289292,0,none
Line-D,2026-01-02 05:05:00,70.70851683086201,51.09215219656518,2.154172513393527,15.415751222383328,83.2359850372521,64.19897339785682,0,none
Line-D,2026-01-02 05:10:00,70.21079973286002,53.60434431468085,2.350074697133779,14.489433549841351,79.91027553549978,60.65366290388223,0,none
Line-D,2026-01-02 05:15:00,72.67893739152647,47.69592661738082,2.056671227162058,15.031515091575566,88.10068515007421,64.12310503418591,0,none
Line-D,2026-01-02 05:20:00,72.71921419533217,55.20818823821069,2.278894070307968,12.786905360673456,90.56501106331936,61.95995938565408,0,none
Line-D,2026-01-02 05:25:00,72.2321819254655,53.41165424950757,2.373444241390845,14.298930285335878,82.21715445580092,57.015236942816856,0,none
Line-D,2026-01-02 05:30:00,71.19947582605032,52.73215179496635,2.303396109026571,13.992984292853222,83.91868307848785,64.52605839873196,0,none
Line-D,2026-01-02 05:35:00,71.68470389782829,47.54751898534656,2.2958902418942726,13.368703893591013,83.39968732944901,60.36062248744068,0,none
Line-D,2026-01-02 05:40:00,68.83247871493604,52.79122622741902,2.0090901709950577,13.074373493618896,84.5910301706168,57.283207127411295,0,none
Line-D,2026-01-02 05:45:00,66.58109150212785,51.139520109287616,2.6769440889424327,15.38373620927976,83.16278280949332,63.877298583830175,0,none
Line-D,2026-01-02 05:50:00,71.96549375606831,51.6052188408387,1.912929190083636,14.487491654730633,79.46635089831888,59.808380831405664,0,none
Line-D,2026-01-02 05:55:00,72.52060385137584,52.32782039896813,2.2342068703118843,14.463485729858087,87.5391669522872,61.20074124976287,0,none
Line-D,2026-01-02 06:00:00,71.30137140738152,52.455996605730526,2.329721737122886,14.301556074496837,86.68602707461727,59.5297581511596,0,none
Line-D,2026-01-02 06:05:00,71.52165558568956,51.96380188767851,2.333462994480265,13.361727057897992,85.51160104097649,65.50598685383332,0,none
Line-D,2026-01-02 06:10:00,72.3342226759931,52.76916866140583,2.4885403638919468,16.36730651564818,82.3011589200952,60.838402476498494,0,none
Line-D,2026-01-02 06:15:00,74.37059560330668,55.43107834672294,2.4608761222197577,13.753873052324897,85.78831157234286,61.08883483760312,0,none
Line-D,2026-01-02 06:20:00,74.09604863886211,53.92151984071842,2.086673825092228,13.891611816660632,85.25341168885946,56.197610891136286,0,none
Line-D,2026-01-02 06:25:00,71.26739077290969,53.99975085179592,2.6042985958897784,13.827429242691704,91.08991294964294,64.41601458010783,0,none
Line-D,2026-01-02 06:30:00,71.10179184664453,52.57602235201099,2.495839873374348,13.924692440932366,91.20175273617748,64.1305055033255,0,none
Line-D,2026-01-02 06:35:00,73.953674443714,53.681028037530254,2.314384671526054,15.815977846186286,79.33660374533224,61.218518455874246,0,none
Line-D,2026-01-02 06:40:00,70.1052395020019,53.17297910841603,2.148199594400044,14.057514633156591,83.87340772778582,62.962666813462434,0,none
Line-D,2026-01-02 06:45:00,72.81036386998156,52.05764430450835,2.607976237133181,13.859659388831105,82.09374212574407,65.27250352763096,0,none
Line-D,2026-01-02 06:50:00,69.47045394955673,48.817766965656375,2.13127326799496,13.99355328002958,84.40305052413044,60.09090353795638,0,none
Line-D,2026-01-02 06:55:00,72.40881552513642,53.023733614613725,2.001006691287963,13.288018708971268,80.89712126463928,64.07831103353132,0,none
Line-D,2026-01-02 07:00:00,72.13284217886552,49.84110823163013,2.121275259386826,14.569416948736512,82.59522360158992,63.511858315674935,0,none
Line-D,2026-01-02 07:05:00,73.4322231677734,50.42758040461112,2.374967671740875,13.140336929171868,85.01111417690072,60.72297514011167,0,none
Line-D,2026-01-02 07:10:00,71.66219986425217,51.6917448744041,1.8829759880398724,15.50625692070157,87.33397347736361,57.511135222772914,0,none
Line-D,2026-01-02 07:15:00,73.26864912095179,49.77470516228956,2.560198132953213,13.25162354966412,82.99343513486403,57.71053708714183,0,none
Line-D,2026-01-02 07:20:00,72.47521622190388,51.462727873566806,2.8244227737489727,15.036364528148246,83.54774810317964,61.92038318764214,0,none
Line-D,2026-01-02 07:25:00,72.26671350968661,52.64670513203416,2.274945208336735,14.566432000199235,85.40779968510554,57.19009159595087,0,none
Line-D,2026-01-02 07:30:00,73.61501672436097,55.33659634755734,2.6757638169245443,15.542130622204816,83.84489569619646,56.96474948165522,0,none
Line-D,2026-01-02 07:35:00,72.82699559257642,54.39111358683354,2.209903633020119,14.217918364136263,90.14099366925922,57.176499472594685,0,none
Line-D,2026-01-02 07:40:00,69.99289182892495,53.736621487948405,2.4101087884311823,14.239949226633982,86.90274285310814,60.157006791514014,0,none
Line-D,2026-01-02 07:45:00,67.551513316843,50.82808600542836,2.743268353155003,14.9809661197841,86.89719426586325,63.61262690556018,0,none
Line-D,2026-01-02 07:50:00,74.11883695291638,57.5250293932919,2.340085311317437,13.128705549906291,81.08804422419068,59.43669642439059,0,none
Line-D,2026-01-02 07:55:00,71.97930726369785,53.07318421778415,2.3062852827360354,14.194406514548886,87.19269413195363,61.66891685084432,0,none
Line-D,2026-01-02 08:00:00,70.77970831504149,53.557950695367566,2.5620128861418063,14.018607225053566,78.43224912102791,60.56607682829063,0,none
Line-D,2026-01-02 08:05:00,71.74826535492687,49.176223376666506,2.82752496026414,14.48773869009018,79.59503622554149,53.78399790527999,0,none
Line-D,2026-01-02 08:10:00,73.20757172641302,52.27746977195391,2.7649293780839668,14.72961619526629,82.07465817571237,62.12017695871083,0,none
Line-D,2026-01-02 08:15:00,73.34367847761503,51.435987757012576,2.633916359947225,14.467099910000044,81.73574182887515,61.35068489056519,0,none
Line-D,2026-01-02 08:20:00,70.99481875896365,53.45648049927093,2.389135197734769,14.214357835195452,88.23142319263273,62.56508171720515,0,none
Line-D,2026-01-02 08:25:00,72.62232843993993,54.6208473059904,2.647276081587778,14.034652694467905,85.53891075697693,65.51541261200211,0,none
Line-D,2026-01-02 08:30:00,69.89177346707054,53.49850822675308,2.761362185303659,15.25158979275258,84.44386469525392,56.46125597620281,0,none
Line-D,2026-01-02 08:35:00,69.37226173351632,53.98117339287604,2.6186587073503804,15.092003134177787,82.47002868651643,64.59972397555019,0,none
Line-D,2026-01-02 08:40:00,69.54996752857966,51.76039613863835,2.340426564269349,14.942480396366305,88.35253374992963,58.88753768281735,0,none
Line-D,2026-01-02 08:45:00,70.11395728958917,55.35574236406372,3.294915678183973,15.47022528754924,91.30943666555844,60.0612739584991,0,none
Line-D,2026-01-02 08:50:00,68.50153026703244,50.91731942983839,2.9972333226178662,15.180003321646414,88.40664523755785,59.57651995828907,0,none
Line-D,2026-01-02 08:55:00,70.76570070838177,51.75525656572798,2.253142453238331,16.050165946117314,88.35316832717994,66.07754845629736,0,none
Line-D,2026-01-02 09:00:00,70.59960210181342,50.38254632433062,2.200844627162994,14.462014301665969,85.69013655380385,68.43038626737597,0,none
Line-D,2026-01-02 09:05:00,72.7246466000321,51.41392683767685,2.44533570201216,13.4236640886957,90.00644537392417,60.9403211973921,0,none
Line-D,2026-01-02 09:10:00,71.00084513060492,54.883283490892026,2.803089500641356,13.580296289115806,89.84133394091872,57.54105391841855,0,none
Line-D,2026-01-02 09:15:00,71.31706908222621,56.86564515966649,2.5261481394013097,16.651814431836176,84.02848986837454,63.56571204273652,0,none
Line-D,2026-01-02 09:20:00,66.76020367015414,49.34332844247357,2.565886120905724,15.341542100415989,80.1688684883427,61.874495396392525,0,none
Line-D,2026-01-02 09:25:00,72.82951896888869,49.29823668533115,3.0264595071534086,14.578281949185271,85.41174338485581,62.89447917739896,0,none
Line-D,2026-01-02 09:30:00,69.49152276511724,47.732632209532106,2.76042218727443,13.392749397938378,75.5621232376802,58.7663358983941,0,none
Line-D,2026-01-02 09:35:00,69.97556265048064,55.92081204423944,2.664550016388389,14.295995654213936,84.95323699826223,59.55295086869219,0,none
Line-D,2026-01-02 09:40:00,70.00759045440394,53.27902014363765,2.660001202692809,14.5057363147183,85.61626628030953,61.82909573433737,0,none
Line-D,2026-01-02 09:45:00,71.28983774624955,51.93540022925562,2.3092129301164266,14.74930570535705,83.05053248524568,61.96108000203288,0,none
Line-D,2026-01-02 09:50:00,69.15363835832481,52.9068241352612,2.6693363989511774,14.93161989226174,88.79430383654093,58.49724506591972,0,none
Line-D,2026-01-02 09:55:00,69.04923017713091,53.078386290638576,2.5618726664780205,14.62464355879921,84.95793867204769,56.66214253485779,0,none
Line-D,2026-01-02 10:00:00,69.20832516145704,52.53290426003797,2.445920498580806,14.369378413890486,84.30396562321323,56.86393084197349,0,none
Line-D,2026-01-02 10:05:00,69.41091681599922,55.457222628719855,2.3138630318021014,13.826131551011477,90.56767139160952,59.660588758322255,0,none
Line-D,2026-01-02 10:10:00,64.83261902672271,50.45350196695536,2.570523992116664,14.121172062336395,80.48179973503784,57.026474694250645,0,none
Line-D,2026-01-02 10:15:00,67.56455139163789,52.172301878678105,2.179776108340789,14.09960237379054,80.34917122367096,59.99322199621459,0,none
Line-D,2026-01-02 10:20:00,68.22208072269638,50.53138349828456,2.145007584013357,15.30205446464235,82.23152315280697,57.112599553931645,0,none
Line-D,2026-01-02 10:25:00,69.32353676112496,50.79151109541733,1.750331377098916,14.39586810109636,86.45322813947436,58.40520511705167,0,none
Line-D,2026-01-02 10:30:00,69.63933992283576,52.50434785916623,2.1823200127153117,14.290873527744589,86.84250912820758,58.75434995809992,0,none
Line-D,2026-01-02 10:35:00,69.11270935413994,54.64799193011848,2.2571808188224782,14.827986694152802,77.55152905422106,61.97465731460223,0,none
Line-D,2026-01-02 10:40:00,66.25878578636326,50.871941394098656,2.207762472730068,14.762632396376937,81.0455231371308,55.51235118855332,0,none
Line-D,2026-01-02 10:45:00,69.63077003797123,52.93926583153543,2.061080181503236,14.360809752451337,80.7771470681127,61.40022789155637,0,none
Line-D,2026-01-02 10:50:00,65.48361890043621,56.17609613662414,2.4997767322371947,15.184888728974924,85.51681591290972,55.30266087763037,0,none
Line-D,2026-01-02 10:55:00,66.01738548780465,52.08487009877108,2.685027944366344,13.988545965297975,79.54917030347796,57.91029394441448,0,none
Line-D,2026-01-02 11:00:00,67.47180445288055,53.32779119520073,2.200347053965883,14.835038323300411,80.72765587282503,54.87226951936912,0,none
Line-D,2026-01-02 11:05:00,65.65242994219086,53.17266051142358,2.349675477907439,13.12303276167738,85.74839176803027,60.06511981036903,0,none
Line-D,2026-01-02 11:10:00,65.47083209796435,50.55336003025084,2.172977145805418,14.81639042217335,88.79483672679062,56.26007581882511,0,none
Line-D,2026-01-02 11:15:00,65.2111563315844,50.52902006403567,2.514923162829701,14.931342112390816,86.22046292301545,57.284750000516944,0,none
Line-D,2026-01-02 11:20:00,67.44620447791237,48.83894420268812,1.5751682272802876,15.030176910484604,85.7153873090028,62.30473739259529,0,none
Line-D,2026-01-02 11:25:00,67.93589888332744,49.37042932790771,2.5223111385399064,14.65250583912934,84.94895723024213,58.93549803498147,0,none
Line-D,2026-01-02 11:30:00,68.21395267144338,52.53213439160508,2.146435173057419,15.029618613871367,88.17141199906905,59.27557667417819,0,none
Line-D,2026-01-02 11:35:00,66.98442310095496,52.44577731740439,2.1268281289388438,14.96087648248638,93.85886475263229,57.98223247756116,0,none
Line-D,2026-01-02 11:40:00,65.84391037382511,55.75171900799688,2.581471025318657,14.19626995480824,91.60962217808546,60.16984235974164,0,none
Line-D,2026-01-02 11:45:00,68.95339636881597,52.57996390157931,2.9667595129638427,15.14658780766752,87.33540156388267,52.93485678082125,0,none
Line-D,2026-01-02 11:50:00,65.8165509400839,51.450093566295976,2.651995025544493,13.898666988212344,86.10298858196998,55.664205212833615,0,none
Line-D,2026-01-02 11:55:00,65.94869398371961,51.48690003693765,2.11289062452589,14.199160175124511,88.22099268496241,56.61623089885876,0,none
Line-D,2026-01-02 12:00:00,66.5429695094547,52.29330457937355,2.457867317711556,14.80974697911134,84.25790027423338,54.110045221208985,0,none
Line-D,2026-01-02 12:05:00,66.45251445758029,48.91897467897417,2.3848930263989603,15.91634586874068,89.10588822884725,53.72879559169417,0,none
Line-D,2026-01-02 12:10:00,66.8317950872161,51.67454508762685,2.701507313393286,15.306397579622883,85.78078623734572,60.60487432094691,0,none
Line-D,2026-01-02 12:15:00,67.22969354709426,52.67683058521624,2.1210269327445146,13.776061620557956,84.16377973037432,57.65608652730696,0,none
Line-D,2026-01-02 12:20:00,67.23236374789754,51.4986260646335,2.535344059992543,14.730470025857828,84.06968391626073,57.22056550512482,0,none
Line-D,2026-01-02 12:25:00,64.63434976980733,49.51006379072872,2.7566327218960622,13.540556517488152,78.87611141415692,58.673469111949245,0,none
Line-D,2026-01-02 12:30:00,66.15283005434783,51.183318058761984,2.28112578297094,14.02156951322934,83.77245648675962,63.63740804018168,0,none
Line-D,2026-01-02 12:35:00,66.48622607489689,50.12826252467336,2.406352946294553,13.7170745530753,88.7821728703532,60.513098797255,0,none
Line-D,2026-01-02 12:40:00,65.19266818743682,51.2987128675804,2.0484481803568078,13.837700956673691,77.35660739398982,56.514159174174246,0,none
Line-D,2026-01-02 12:45:00,68.77135097386241,50.84951224749996,2.547399508595276,14.45038698973292,78.44633392596363,55.770949883933646,0,none
Line-D,2026-01-02 12:50:00,64.4234766100237,52.42781850872401,2.5282026717472106,13.65845375023068,82.87076440895414,52.89279797824679,0,none
Line-D,2026-01-02 12:55:00,63.91870386403095,52.17211293777852,2.381399565611052,13.842193855658968,82.74888919503763,54.76304376627141,0,none
Line-D,2026-01-02 13:00:00,64.87985373661219,51.637918564617294,2.0447489568022155,14.188164895474287,87.62238473073978,55.68586307345719,0,none
Line-D,2026-01-02 13:05:00,63.405944241096186,49.39979085823386,2.801608759365927,13.542904768044894,89.9854350845423,51.58096872265003,0,none
Line-D,2026-01-02 13:10:00,65.78950023978216,50.05623017011133,2.287774825153196,14.435225777193862,87.20267498429666,60.07795050144194,0,none
Line-D,2026-01-02 13:15:00,63.53545556939532,54.02529251080954,2.194145352188694,13.70425376148508,76.87378661794688,54.6903915234042,0,none
Line-D,2026-01-02 13:20:00,64.32163371390295,51.28993835433285,2.8652156220355565,13.800291595785762,89.29439620212644,53.45287973226539,0,none
Line-D,2026-01-02 13:25:00,65.2607988624586,49.43493408661437,2.399940043343867,13.994635627249613,79.57033830339273,57.17857999819283,0,none
Line-D,2026-01-02 13:30:00,65.30879014223645,49.00737676163406,2.4410836229010395,13.872197057316209,92.79815684547208,52.25648168395976,0,none
Line-D,2026-01-02 13:35:00,63.619061776828325,51.77472800424826,2.3172604554506777,13.308192060271988,85.6927696965379,57.25433842205244,0,none
Line-D,2026-01-02 13:40:00,64.8147304951736,54.46059037759001,1.930812101408192,14.109190879147688,84.2121704354508,57.36019625043616,0,none
Line-D,2026-01-02 13:45:00,64.39250939537519,47.40555340732737,2.72989098617033,14.542868609736528,81.92525493520104,56.79604157395488,0,none
Line-D,2026-01-02 13:50:00,64.24062289719758,53.58265566580122,2.423625668381911,14.017664146642096,86.4618247974147,60.96494567011064,0,none
Line-D,2026-01-02 13:55:00,63.20157717006401,49.23464702238286,2.111005465173701,13.349699766244736,79.3301333313995,49.397430302859966,0,none
Line-D,2026-01-02 14:00:00,64.08212390734619,54.2198208537803,1.8707516330225085,14.85171968602963,78.7583721723352,52.72770943552212,0,none
Line-D,2026-01-02 14:05:00,61.06569126754555,53.28909943147932,2.245254597648441,15.231126891938125,87.44699425820185,55.95952305268598,0,none
Line-D,2026-01-02 14:10:00,63.832758341234985,51.66228254729468,2.0604379095863083,13.85930864166847,78.83548450322706,59.3970544785688,0,none
Line-D,2026-01-02 14:15:00,62.91513948114613,55.41709965294108,2.4173769454614016,12.529504124572682,81.61806292644918,57.94560422062478,0,none
Line-D,2026-01-02 14:20:00,64.15950795001767,52.34528048471682,1.9633569614268551,14.862260782992816,85.37795629150743,56.54853425297232,0,none
Line-D,2026-01-02 14:25:00,64.14910075197184,50.40516671611433,2.7672942233724886,15.00128534543365,87.75668284897029,54.01417644695024,0,none
Line-D,2026-01-02 14:30:00,61.69807739221183,51.8147288434726,2.793186853516416,13.691746481404898,87.16714204190255,58.66420292147708,0,none
Line-D,2026-01-02 14:35:00,63.66269045403902,53.21919527932336,2.4209446239579617,15.508642436552208,87.87593639853847,51.15971947504659,0,none
Line-D,2026-01-02 14:40:00,61.16142471744084,51.58054893055997,1.9117389719592237,15.34767965882785,91.362917542817,51.791207014734816,0,none
Line-D,2026-01-02 14:45:00,62.74063221523647,52.685955922316914,2.446062709501194,14.30259913482061,87.20375646968053,50.17390752099978,0,none
Line-D,2026-01-02 14:50:00,61.9349952233747,53.27692636722335,2.5038772663423123,15.074032185769122,88.22791539773608,53.59257067001943,0,none
Line-D,2026-01-02 14:55:00,59.99698671304456,51.64005524601119,2.2233507661103293,12.904441304228603,81.34233090782533,54.75803933946741,0,none
Line-D,2026-01-02 15:00:00,63.32363927485503,53.4428926868492,2.4112534468617475,13.809702695270923,82.13450790192006,57.00548265422605,0,none
Line-D,2026-01-02 15:05:00,64.29666911887124,53.42096994400298,2.409640793333319,14.323717877716147,87.05014448118789,55.15905792581051,0,none
Line-D,2026-01-02 15:10:00,59.822985177699074,52.90640884793593,1.754905920974457,14.653544655543104,83.67612266777219,52.14562552794703,0,none
Line-D,2026-01-02 15:15:00,59.69604205256855,49.85639895376116,2.291975872121312,13.94569175493477,86.95730727394806,57.9987816308534,0,none
Line-D,2026-01-02 15:20:00,61.98940904742572,49.4682030525336,1.5473602657664285,14.118746026595002,83.74568851013927,50.3003389130853,0,none
Line-D,2026-01-02 15:25:00,62.45398592622185,52.88030553251781,2.776930005364561,14.634712400192171,80.68588931292012,52.812900858833146,0,none
Line-D,2026-01-02 15:30:00,60.89733519118886,50.72297767740104,2.318383302240965,14.909879753360563,87.05594285898988,54.534864444993566,0,none
Line-D,2026-01-02 15:35:00,60.688551381552905,49.84734787297429,2.5750028122426305,13.504068830499529,88.68217511884986,56.395413335522086,0,none
Line-D,2026-01-02 15:40:00,63.42026118353871,52.58962687328146,1.6942258719377516,13.611929955504817,85.60297973796972,52.244172673365874,0,none
Line-D,2026-01-02 15:45:00,62.45975983975784,51.13991182515755,2.695822134813338,14.247425494105087,86.2932236134148,51.78684187543925,0,none
Line-D,2026-01-02 15:50:00,59.98143682016933,55.70731069704943,2.2652906532864123,13.68351576459351,80.1818272034192,47.52832795876836,0,none
Line-D,2026-01-02 15:55:00,62.8651146471237,53.52775630090988,2.384634051671941,13.758506158088728,82.57794627811288,53.50519750170386,0,none
Line-D,2026-01-02 16:00:00,64.226093312955,47.23372444249024,1.833112938543284,15.13289146531279,75.59203131822821,55.4686137238275,0,none
Line-D,2026-01-02 16:05:00,62.01755126980908,53.85203183174722,2.2127621934622046,15.000612225658667,79.9007632887352,55.52343331628574,0,none
Line-D,2026-01-02 16:10:00,63.39208676590948,51.50889534984216,2.001054513390425,13.31229034374447,85.58941444199758,49.89421234668982,0,none
Line-D,2026-01-02 16:15:00,60.7774757842459,52.9672545184119,2.617631233612334,13.829896793047675,83.10924566692141,47.076109760079405,0,none
Line-D,2026-01-02 16:20:00,61.40067246562322,51.64502276987563,2.1105696784578525,12.831274700678332,88.00414839592429,46.32392622493192,0,none
Line-D,2026-01-02 16:25:00,63.95132006093043,52.73887074494493,2.271975618440022,14.34569842129191,81.02469045050755,51.05116405843983,0,none
Line-D,2026-01-02 16:30:00,62.91002454444315,51.4220854036853,2.3579160651854294,14.461470066608085,87.08629356811106,56.16454376537472,0,none
Line-D,2026-01-02 16:35:00,61.239924558083,52.18994604002746,2.194202446415594,14.477081220176306,93.2412930474981,52.0719589925575,0,none
Line-D,2026-01-02 16:40:00,66.06579925607394,50.55131050322392,2.355706408255082,13.425459435555853,86.29484740480441,55.121273045978064,0,none
Line-D,2026-01-02 16:45:00,59.40930264470613,54.11727468593643,2.517652247531436,14.865034219738476,83.91255948788499,52.36263738046044,0,none
Line-D,2026-01-02 16:50:00,59.25073189092103,49.28391328602903,2.439532312869094,13.864298806594542,81.6631871678252,47.22328621906462,0,none
Line-D,2026-01-02 16:55:00,63.807116580434574,53.59297539289247,2.494679756811802,14.82569870961716,82.00727702338108,51.27524783102815,0,none
Line-D,2026-01-02 17:00:00,64.93800391626212,48.2746612256453,2.4530741484176084,14.836771294203205,79.63981074447439,54.05242729715235,0,none
Line-D,2026-01-02 17:05:00,63.22038543843353,53.8294671517952,2.424071578211251,14.128374795918733,87.23489119759927,52.40598585288581,0,none
Line-D,2026-01-02 17:10:00,60.20939009398732,55.40694383115395,2.4028495412445574,12.912654795083508,80.32419133047337,50.33856451643955,0,none
Line-D,2026-01-02 17:15:00,62.68885145062832,50.70582052243177,2.5706220979257908,14.68936194564053,87.79950954934756,54.29222496476424,0,none
Line-D,2026-01-02 17:20:00,61.29928785042386,54.644756616127886,2.448403926805643,15.16208878148129,89.8347230640388,52.51362413161058,0,none
Line-D,2026-01-02 17:25:00,60.66296238430802,47.94825401530903,2.393632337591097,12.476229775343526,83.25845710082854,54.06379405123683,0,none
Line-D,2026-01-02 17:30:00,60.68883398868973,51.45664356656031,2.259808706746303,14.226367185660338,88.44546543190025,52.879564378053445,0,none
Line-D,2026-01-02 17:35:00,59.554413925151934,54.66599475124529,2.0218667618671446,14.82223547450536,82.65604379926302,51.62892222955185,0,none
Line-D,2026-01-02 17:40:00,59.32243913871434,50.28688779526774,2.518433543479905,15.128360472701454,80.15863732831937,55.42238468790779,0,none
Line-D,2026-01-02 17:45:00,63.16740118094942,48.81334480159824,2.048101456615929,14.329333527566652,84.61933981662935,52.265775968969976,0,none
Line-D,2026-01-02 17:50:00,59.74233371908944,51.73425950969133,2.5171628411840543,14.983476083497925,82.67485017572754,52.53897891763408,0,none
Line-D,2026-01-02 17:55:00,62.74838305566812,50.59112994386788,2.552447657640242,13.52448337925753,85.95757568190004,57.09836157985258,0,none
Line-D,2026-01-02 18:00:00,62.9847786540835,54.77565866573247,2.9453558086255542,14.668822723499648,82.44526550842316,50.26673051997149,0,none
Line-D,2026-01-02 18:05:00,59.96332056074925,50.409433026965885,2.6668918745228227,13.973997976181003,90.948944352783,52.1016641001578,0,none
Line-D,2026-01-02 18:10:00,59.08698091721279,54.240500628219976,2.507961657432944,15.111579396116412,83.33388560628832,53.32796059232222,0,none
Line-D,2026-01-02 18:15:00,63.20422494243,46.637595666023415,2.2843422900411685,14.772285681642648,84.91405537359621,52.03445716492438,0,none
Line-D,2026-01-02 18:20:00,60.41890123925416,52.29523103311824,2.506378384230524,15.962520855847782,87.33080589967363,52.758460701301054,0,none
Line-D,2026-01-02 18:25:00,62.82517805784665,52.447366150626046,2.5385216003692253,13.047304596635623,85.17242952715593,51.48103542977808,0,none
Line-D,2026-01-02 18:30:00,62.623373167432135,55.82165769167396,2.209682104491872,14.393017690752163,83.23969044112756,50.752150096332926,0,none
Line-D,2026-01-02 18:35:00,59.96489623745824,54.196719357225454,2.117408093912881,13.209741801438552,87.41579316529638,55.567239181914175,0,none
Line-D,2026-01-02 18:40:00,59.58755384671042,54.86749975116275,2.4114318033971363,13.625653345050727,80.9268186953937,52.06652733247252,0,none
Line-D,2026-01-02 18:45:00,64.67465941837125,53.9792785611434,2.483284974386036,14.371041249990425,84.09796456757854,46.01453580686565,0,none
Line-D,2026-01-02 18:50:00,59.36243300174996,47.948302334684,2.760888033604906,12.6745657950386,84.45377657482405,47.86169154227136,0,none
Line-D,2026-01-02 18:55:00,63.404934535480656,48.07983277652785,2.458129556287297,13.712276335694533,86.39519995967153,51.21766199858149,0,none
Line-D,2026-01-02 19:00:00,65.40175375407233,54.89392066117405,2.779137791267356,14.542451583903585,82.32105575554417,45.675231541572565,0,none
Line-D,2026-01-02 19:05:00,62.979986643660034,50.19437213700803,2.972603914443113,14.1265484719936,79.3848084481412,54.75920518383192,0,none
Line-D,2026-01-02 19:10:00,62.15905130975138,48.91994668449264,2.574063018288059,14.760174866887056,92.1803331726515,55.71371957259207,0,none
Line-D,2026-01-02 19:15:00,65.21690257289032,47.17142390525599,2.2989020769222983,14.535087591890823,89.73411979173102,56.81028100856276,0,none
Line-D,2026-01-02 19:20:00,60.69047308190844,50.84303369314695,1.3978111201321597,13.552308059744782,87.17943112180554,49.30856628997496,0,none
Line-D,2026-01-02 19:25:00,64.00183613625566,52.80749756851766,1.997983055763897,13.57528827951859,80.04355917385128,47.896490874280246,0,none
Line-D,2026-01-02 19:30:00,63.52292391835517,53.138201684285086,2.292343422751793,13.178390609365444,77.81958779723054,52.09157132694064,0,none
Line-D,2026-01-02 19:35:00,61.3998740727754,52.331519007679205,2.819145949212297,13.85555271866012,83.45203390271146,50.73370412069982,0,none
Line-D,2026-01-02 19:40:00,59.46620787915318,49.58901320616122,2.014985775322279,14.045251185359614,82.41646539266779,53.67737034121221,0,none
Line-D,2026-01-02 19:45:00,61.23717234600351,51.80989823245324,2.485162826778659,14.790415709680593,84.23148972335123,51.177284879041565,0,none
Line-D,2026-01-02 19:50:00,63.20348812257173,51.259732389142926,2.397259110405068,14.188115155674415,79.72328578074882,52.00061492265341,0,none
Line-D,2026-01-02 19:55:00,63.66694876411066,50.73446195949447,2.702535146174484,13.936522298468914,89.04378490353581,50.90026697592219,0,none
Line-D,2026-01-02 20:00:00,58.9110992215289,56.89860542925007,2.422494287816853,13.258984220630827,85.21516640438375,54.39762505593757,0,none
Line-D,2026-01-02 20:05:00,60.77666449616628,50.90276673897211,2.234070292452285,15.908606563191226,90.71072646908964,54.624336075688326,0,none
Line-D,2026-01-02 20:10:00,60.36289650706498,50.96906083774349,1.883761913789506,13.993028404117938,85.42030968360908,53.19506326068294,0,none
Line-D,2026-01-02 20:15:00,63.23492585754027,51.80543031978856,2.008620263591192,15.55619441599066,83.36800893494487,56.3855183036942,0,none
Line-D,2026-01-02 20:20:00,60.55104596179289,53.3494395084462,2.2821895781122663,13.160661366843392,83.06289909887988,56.929784805625175,0,none
Line-D,2026-01-02 20:25:00,60.935674690539365,51.45310542305181,1.8761844875026092,15.049035251595406,86.2820179291888,51.758322162574046,0,none
Line-D,2026-01-02 20:30:00,62.231111775208085,52.19481689921306,2.162454389529103,14.416769069703417,78.3001805602199,50.72385489747831,0,none
Line-D,2026-01-02 20:35:00,63.27814770745016,47.234145304654845,2.7200359012004824,15.749841512819886,87.49348706196766,55.758558844403225,0,none
Line-D,2026-01-02 20:40:00,62.76184114722993,52.00981074940509,2.6427222063711184,14.239753915509862,93.82403525503749,54.82345892878104,0,none
Line-D,2026-01-02 20:45:00,63.427694064381015,54.18213968522633,1.9574019569229069,14.809449802993631,84.02955230179828,57.83515164952625,0,none
Line-D,2026-01-02 20:50:00,62.994781418186015,55.50980383563518,2.20369228773822,13.135854300557254,84.27820857241085,54.417307681378745,0,none
Line-D,2026-01-02 20:55:00,61.20185867513372,51.42561551992621,2.3448874863976448,13.711159293534308,88.62359451016867,55.78220105445055,0,none
Line-D,2026-01-02 21:00:00,60.396068867139775,54.77679926683925,2.2721487753619587,14.969142981895232,84.29970504462653,52.92100848897631,0,none
Line-D,2026-01-02 21:05:00,65.29239560433443,53.59233923149452,2.4440111923130496,14.968007379341511,88.92621842258472,59.6874467602009,0,none
Line-D,2026-01-02 21:10:00,63.378662791756014,52.65677800886062,2.053584192725583,14.171006782505698,85.89277788100023,52.41652836895209,0,none
Line-D,2026-01-02 21:15:00,65.47223102282594,56.03010835973615,1.4701400876547304,14.83755286642723,84.08040201906124,51.04854816554224,0,none
Line-D,2026-01-02 21:20:00,64.60120973514312,53.51136649825781,1.6249846226065936,14.186987508724494,90.9812710107378,52.282955093964645,0,none
Line-D,2026-01-02 21:25:00,63.89770202996947,55.86798255284477,2.4425165031669605,13.716373649205932,88.3560063178912,54.13240819030783,0,none
Line-D,2026-01-02 21:30:00,61.06569807056147,52.19556934350902,1.754534854716514,12.82591744091809,89.49855349641379,51.846859947982296,0,none
Line-D,2026-01-02 21:35:00,62.69321987857949,50.22699700168005,1.8484932243898669,14.512503692494317,83.26919992690155,59.36538437541,0,none
Line-D,2026-01-02 21:40:00,64.31910241362232,52.55702108354717,2.248407702415028,12.928270030222697,81.86878015211722,53.55606773014886,0,none
Line-D,2026-01-02 21:45:00,61.18089046486309,55.59036433870657,2.3333127959993862,13.88185101579788,88.01794474974642,55.17374363437198,0,none
Line-D,2026-01-02 21:50:00,61.22710501672819,53.54151037305858,1.896908951212104,13.942658140781669,83.91096856228341,55.99351750887581,0,none
Line-D,2026-01-02 21:55:00,60.65061858734854,54.871227425711446,1.964941909387253,13.966150689068176,83.84661043648137,51.67725902571246,0,none
Line-D,2026-01-02 22:00:00,63.4092349867131,57.36977304014936,2.120340599223194,14.143860210870178,87.65766488958813,54.07722152543919,0,none
Line-D,2026-01-02 22:05:00,64.15169211026483,52.6676650867846,2.6452277754043414,13.44655500021691,88.25909568733766,59.91600085521908,0,none
Line-D,2026-01-02 22:10:00,64.12758023736956,52.289392372065066,2.1224967886013792,13.538847601176895,87.09274539632382,55.39696287244886,0,none
Line-D,2026-01-02 22:15:00,65.13074781192367,53.11436298798394,2.6800448394386978,14.500737060409753,86.59548675903939,52.454685046093495,0,none
Line-D,2026-01-02 22:20:00,65.72766980655915,52.979541748586485,2.240885653909162,14.911068853057277,85.96914048507361,54.79582883804473,0,none
Line-D,2026-01-02 22:25:00,63.41615965731347,52.81656644497969,2.001807515311647,13.397450637486203,84.28183308726206,57.67753433333527,0,none
Line-D,2026-01-02 22:30:00,65.35449443406715,54.76738448642244,1.9780114574308365,14.381281844160451,84.09176119054126,56.439484106375765,0,none
Line-D,2026-01-02 22:35:00,65.9040328595091,51.41693680621731,2.2028792402375514,15.539253630689146,80.71644176865153,58.20147696656663,0,none
Line-D,2026-01-02 22:40:00,65.52522129783848,52.89715161290426,1.9628652878373012,14.43436815338968,82.32418808343532,54.655618571143634,0,none
Line-D,2026-01-02 22:45:00,65.50990569721263,53.44806954949905,2.4257147149379694,14.2339128091135,81.58485758091004,57.2755349041007,0,none
Line-D,2026-01-02 22:50:00,66.47245633281844,53.73930960338783,2.456230014099786,13.43671955950207,80.79106476357687,53.44036617369839,0,none
Line-D,2026-01-02 22:55:00,65.00646171480989,52.74668571386763,2.0312274060684383,14.356514434327703,87.01275231792177,54.67840332399354,0,none
Line-D,2026-01-02 23:00:00,65.18010645359026,48.02733226928535,1.7286010225240858,14.307446974079662,89.97791304655404,58.57804453380755,0,none
Line-D,2026-01-02 23:05:00,61.36854280637029,54.85562684214487,2.462024754114301,14.58885621710078,83.21258075246735,55.83921162888792,0,none
Line-D,2026-01-02 23:10:00,65.23409356700687,50.066143616456486,2.6463691121341606,15.418582957643403,92.90699263130534,56.83881631378205,0,none
Line-D,2026-01-02 23:15:00,64.70316477043318,49.7902068134844,2.639321029618604,14.21193187143114,81.53933467374455,60.00949358761087,0,none
Line-D,2026-01-02 23:20:00,67.11526574614561,53.63568155427083,2.32098092504296,14.917443194015007,89.21815414630025,59.99061554601982,0,none
Line-D,2026-01-02 23:25:00,66.5039365996465,51.89114772640816,2.80393564155856,13.73859520719498,81.0190853947484,55.91251758228473,0,none
Line-D,2026-01-02 23:30:00,68.50202938287849,49.43580607185561,2.395096457941125,13.193821834074711,80.82809153300269,54.27428971548402,0,none
Line-D,2026-01-02 23:35:00,66.28768870257719,50.63628431618993,2.085434750636522,14.437718009458214,89.4888671227633,63.154676512186256,0,none
Line-D,2026-01-02 23:40:00,66.20849966083678,51.36383161676162,2.5527750339228747,13.878896657190904,80.76617102027691,50.968014706467,0,none
Line-D,2026-01-02 23:45:00,64.93399182465527,48.70912345554213,1.7359725605452645,14.731696777239216,89.56547318178549,56.98533752348466,0,none
Line-D,2026-01-02 23:50:00,65.18545583495292,55.335963743145534,2.7271383348419977,12.451628086150214,84.77781163314849,54.04239641872629,0,none
Line-D,2026-01-02 23:55:00,68.6217107763376,48.07097008687739,1.9109061217890813,12.778912322454604,85.46783833367465,54.77832888573519,0,none
Line-D,2026-01-03 00:00:00,65.53282117067326,53.67199482557204,2.345692904905799,14.03041912194975,84.39662587548678,61.16587949375207,0,none
Line-D,2026-01-03 00:05:00,66.96913601902753,50.87752744447407,2.2603043846166133,13.699328147698296,88.48189047434867,59.67665028118298,0,none
Line-D,2026-01-03 00:10:00,66.5932576319374,54.8684539557682,1.5664150426686096,15.059209817022644,82.0849956111513,55.52487207787753,0,none
Line-D,2026-01-03 00:15:00,67.28057376266862,54.15278669575233,1.9184560747143864,13.525115843636751,92.58924058858985,56.51456639053044,0,none
Line-D,2026-01-03 00:20:00,66.85559121171354,49.81329735467964,2.104618560600908,13.034789262859666,88.39742639828674,58.37045676874603,0,none
Line-D,2026-01-03 00:25:00,66.8603482079653,49.965855491653,2.612125629194856,13.70904790945964,81.14666310154006,55.512239456432006,0,none
Line-D,2026-01-03 00:30:00,69.77887993012673,51.31560802379524,2.7544645923737283,13.53041205364527,86.56322236320786,61.982679294346006,0,none
Line-D,2026-01-03 00:35:00,67.53483562631396,54.56744290549016,2.9500622352751167,14.596330771305844,88.88043040333592,57.42264175160302,0,none
Line-D,2026-01-03 00:40:00,67.71694200560339,52.88599127513786,1.586154009379822,15.046292856154112,88.09263025239977,55.742650578576686,0,none
Line-D,2026-01-03 00:45:00,69.80140485436101,51.35510812011328,2.121889896214657,13.783805732078491,88.26782246365434,60.71377166958689,0,none
Line-D,2026-01-03 00:50:00,67.51790166662933,54.72990808727952,2.613821463979453,15.104030066010054,84.91298277990882,55.18977519556872,0,none
Line-D,2026-01-03 00:55:00,69.99108969653153,50.07657931661432,2.440696027047393,14.115996783972877,86.31935549750209,59.45970374310697,0,none
Line-D,2026-01-03 01:00:00,67.4604329080643,52.71117099069796,2.133599337356746,13.984919470192455,79.81618525688296,57.876455160498345,0,none
Line-D,2026-01-03 01:05:00,65.62333416495184,54.16657526067621,2.319434330994314,14.132913904115023,87.06783358841383,58.3042669096429,0,none
Line-D,2026-01-03 01:10:00,67.23019841280583,51.50366585630327,2.526289604202405,14.165545851713858,83.47085322892926,60.03669912150661,0,none
Line-D,2026-01-03 01:15:00,65.09776901853434,50.93442538801352,1.6607627137327623,12.21693390907738,83.62778307398167,57.446819473554,0,none
Line-D,2026-01-03 01:20:00,69.81150006402535,49.5115452768462,2.1947879845942397,15.107628700376662,83.183714410583,57.20899966580654,0,none
Line-D,2026-01-03 01:25:00,68.23018941265879,53.51165589976876,2.3765582266541,15.070945419033963,84.85856310571448,59.9396115578864,0,none
Line-D,2026-01-03 01:30:00,67.77822440194988,50.15585119186582,2.201566097922231,14.99892837683003,88.5665324299714,60.225909814821385,0,none
Line-D,2026-01-03 01:35:00,68.61674942158854,53.88868750878383,1.99699844344062,14.859474586603511,84.26721792426993,56.311081716364825,0,none
Line-D,2026-01-03 01:40:00,65.20195491431521,55.17098541286959,2.1069542238499754,14.228981438055444,84.84699969081561,63.55116177556193,0,none
Line-D,2026-01-03 01:45:00,69.98281108176803,48.64286265388424,2.0918189821170285,13.968388953986665,87.51445498806339,61.74060036371928,0,none
Line-D,2026-01-03 01:50:00,69.87512595732886,47.97780553827054,1.9626836056086667,14.323514105094606,87.28686727745412,59.53344830743577,0,none
Line-D,2026-01-03 01:55:00,69.52286128110075,57.349419959622445,2.574613441968276,13.621618527563118,82.52290206075197,53.61701549214789,0,none
Line-D,2026-01-03 02:00:00,70.95961193631014,51.55252589807444,2.5309592105493857,15.438834875318348,87.82753430664592,61.43850745563278,0,none
Line-D,2026-01-03 02:05:00,67.35840539748555,55.84959216861793,2.4435206418552147,14.170727495799554,89.33486839015018,56.870049839381295,0,none
Line-D,2026-01-03 02:10:00,72.9282961715072,53.15549526529649,2.666155351049625,15.23158447253509,83.56233103089276,60.20500264978197,0,none
Line-D,2026-01-03 02:15:00,69.40572347020706,54.45121386490761,2.704792010578939,13.381306008034429,83.84752092131635,58.619894820490266,0,none
Line-D,2026-01-03 02:20:00,71.22910959404496,52.6536401182503,2.207675492390881,14.246806101024337,86.55292889173002,56.27285513648795,0,none
Line-D,2026-01-03 02:25:00,65.82671535295917,50.335869780056434,1.9441240501746304,13.7146742233117,84.89683595587212,63.47460214521113,0,none
Line-D,2026-01-03 02:30:00,68.51512767159588,53.96249743223808,2.4683999440499607,13.284531453463016,85.82209451140966,61.14019271013028,0,none
Line-D,2026-01-03 02:35:00,69.3346444971076,50.11181309040305,2.763777375832336,15.087449113232672,85.25615622722897,56.53511187617182,0,none
Line-D,2026-01-03 02:40:00,67.86613999364302,50.620187141231526,1.6710817775341709,13.814692405706031,80.13502116333463,64.56192565467032,0,none
Line-D,2026-01-03 02:45:00,71.51757996387347,51.39465975987458,2.014472903611585,13.32084899655445,88.40815740350041,59.82499999666883,0,none
Line-D,2026-01-03 02:50:00,68.84731908780418,53.02378969738533,2.64969900937492,15.155366165476067,86.13839523223444,59.22287861954983,0,none
Line-D,2026-01-03 02:55:00,71.27046514251138,54.4217553135365,2.706109254576331,14.611093115182529,81.51509737379322,55.11911496064006,0,none
Line-D,2026-01-03 03:00:00,69.1594886837777,53.0993612979574,1.6176880496426145,14.552527154936287,81.21600234555213,64.26963783794285,0,none
Line-D,2026-01-03 03:05:00,68.8235624021275,55.69752723655645,2.2772253257688364,15.578792986600495,83.46903195302731,59.364453231310165,0,none
Line-D,2026-01-03 03:10:00,72.17307371717915,49.73563237397144,2.2996703477766496,13.916622428054795,86.58563706607205,60.257116038450185,0,none
Line-D,2026-01-03 03:15:00,69.18293793585327,53.13990497906443,2.235757098745531,14.975390491707188,82.4817964298267,57.52020184486205,0,none
Line-D,2026-01-03 03:20:00,71.89448819219457,51.86572689740918,2.5670500124052555,12.51169572891175,85.97967698221338,60.37919717768627,0,none
Line-D,2026-01-03 03:25:00,69.36663565531238,53.98802807093613,1.9677396496686987,13.56840562556252,81.11107406085392,61.82950891024286,0,none
Line-D,2026-01-03 03:30:00,66.7025289796509,50.14776348601365,2.3560613695206096,14.845973063071412,81.9956915950028,60.10621617960759,0,none
Line-D,2026-01-03 03:35:00,69.40923625607837,54.718729752345375,2.1842752267856813,14.355359605356789,85.38366730611139,63.1614792945304,0,none
Line-D,2026-01-03 03:40:00,70.5902663052617,54.117476023860725,2.360574978506296,14.869413066382846,86.36287160871592,59.51364883061588,0,none
Line-D,2026-01-03 03:45:00,71.53868390271826,55.06479444318811,2.1914972930913907,13.23472447066235,87.96205668818214,63.58193259430993,0,none
Line-D,2026-01-03 03:50:00,71.30307815182321,53.30359858086919,2.170277210749972,14.596273482192434,79.85833836414983,61.46585739688501,0,none
Line-D,2026-01-03 03:55:00,71.80972603001173,50.26692584260604,2.8797276169988555,14.242294468341298,89.27777240640032,59.43792022740523,0,none
Line-D,2026-01-03 04:00:00,71.67877007037325,50.82631636066956,1.932109586576205,14.605468179784976,88.73428754801779,58.75011701297406,0,none
Line-D,2026-01-03 04:05:00,71.70660680879014,57.58844874472565,2.333059811312979,14.205220849874909,83.12267904233504,58.18968476336753,0,none
Line-D,2026-01-03 04:10:00,73.18562354695288,52.378297392587015,1.6354161788487085,13.906558131676974,83.79889714895528,58.89883526495095,0,none
Line-D,2026-01-03 04:15:00,71.43338779202698,52.83969161088972,2.2691677606154874,13.614960805379017,79.94199826030257,60.85765304982973,0,none
Line-D,2026-01-03 04:20:00,72.62553384416685,53.51229327557777,2.3450744882556327,15.875897704262089,85.73798706792749,58.42067398755301,0,none
Line-D,2026-01-03 04:25:00,69.06986468969163,50.31931723711031,2.811287992785139,12.810886495378814,84.02028783558848,59.77058657950235,0,none
Line-D,2026-01-03 04:30:00,70.89812084544826,51.25786945970167,2.687137302494236,14.5970516154758,79.24948298133145,60.34747541682831,0,none
Line-D,2026-01-03 04:35:00,72.22013679442524,52.00711867537989,2.15166896942252,12.85497727439924,81.9520845737014,58.53828206459392,0,none
Line-D,2026-01-03 04:40:00,70.34471113873781,50.4060429577748,2.578652837415544,14.223149998001526,79.83205458062471,63.6003305552948,0,none
Line-D,2026-01-03 04:45:00,70.33314835990346,52.46804543325288,2.588072616077764,13.029170064531932,90.00531634327119,64.15629654151559,0,none
Line-D,2026-01-03 04:50:00,71.96012751665258,51.22225878609139,2.0758203112179183,14.228822342205223,85.0379536290693,60.09305288261644,0,none
Line-D,2026-01-03 04:55:00,71.86501396135824,53.21147192523396,2.567297259614187,12.604298559962665,86.96279560535011,62.14188522864141,0,none
Line-D,2026-01-03 05:00:00,71.87557940186396,53.86846916903483,2.289329694071999,13.797476869104427,80.38598694460232,61.7346326234853,0,none
Line-D,2026-01-03 05:05:00,70.93953795111038,51.28460869442548,2.1856998105012195,14.073888104139831,89.41201973725656,60.19047789944741,0,none
Line-D,2026-01-03 05:10:00,70.64566176797818,52.53492186390269,2.3940470057516903,14.127788446885123,81.31061837999528,67.2478673484707,0,none
Line-D,2026-01-03 05:15:00,71.90455316576063,57.23162034238151,2.3558420486257035,14.643871646201916,78.15090959759952,55.90318163779933,0,none
Line-D,2026-01-03 05:20:00,72.17040259665998,52.17015088848666,2.362458603811944,13.450675449973888,80.89565491021449,57.93359240049119,0,none
Line-D,2026-01-03 05:25:00,69.56584472752652,52.89248911603055,2.7579958458970224,15.514855703246155,82.92997643645927,64.72676125185839,0,none
Line-D,2026-01-03 05:30:00,70.65141597086661,49.84824750824626,1.7705306864844612,13.42169327350507,80.46077644063136,59.48934825150853,0,none
Line-D,2026-01-03 05:35:00,72.39080243884052,53.59456583896711,2.655677022125369,14.356183267912622,84.69908846299468,62.7676697792063,0,none
Line-D,2026-01-03 05:40:00,67.78460727627616,54.382832115833246,2.461385801221124,13.885542143612817,75.48919324008965,60.38079676154528,0,none
Line-D,2026-01-03 05:45:00,70.62238609422317,53.11871151927007,2.704673039247612,14.89613169796336,86.05355339538605,60.80617508595373,0,none
Line-D,2026-01-03 05:50:00,74.39309373007492,52.51915835829594,2.416621415412098,15.2109257816069,83.89336528526552,63.25045117902432,0,none
Line-D,2026-01-03 05:55:00,70.7040702394107,50.842006746058665,2.5736961105699474,14.28389551337528,88.65755943763432,58.794831322276806,0,none
Line-D,2026-01-03 06:00:00,72.5687275829415,51.94738863190938,2.073544080232038,14.842402092720173,86.47301201509647,58.916329185125925,0,none
Line-D,2026-01-03 06:05:00,71.56594988918644,54.22318541579538,2.3079640473478222,15.616073498480633,84.44617487886063,62.63480083288054,0,none
Line-D,2026-01-03 06:10:00,73.24171157134192,49.76530037972224,2.740168080587547,14.018283033946728,87.14280414632509,63.41556898774146,0,none
Line-D,2026-01-03 06:15:00,70.71660647458668,52.50149738285567,2.5524939358949186,14.043865808572264,79.49690325984189,60.78281320233164,0,none
Line-D,2026-01-03 06:20:00,73.66358060061648,52.75723766135484,2.3539947000677643,15.79478220086731,85.87297931344959,61.4381508301878,0,none
Line-D,2026-01-03 06:25:00,72.14451958027965,49.95095507415289,2.6403336931192625,13.369605041645055,97.70701729140572,65.94902825235701,0,none
Line-D,2026-01-03 06:30:00,72.96804583016502,51.72449082503936,2.638146743929377,14.92554747856421,85.46426647298982,66.58482033223981,0,none
Line-D,2026-01-03 06:35:00,73.31554272809106,49.90188549645449,1.9273208524783196,14.205711804727592,82.52951796574565,65.47404468110234,0,none
Line-D,2026-01-03 06:40:00,73.72676342523513,54.07002054271995,2.0257526632051746,14.675833552068978,84.4073769580394,65.62607553425929,0,none
Line-D,2026-01-03 06:45:00,70.92640089360219,50.79533915146678,2.7476166690306374,13.60731072423543,89.30969846712007,61.04660067824338,0,none
Line-D,2026-01-03 06:50:00,71.8923283040015,51.80541683563416,2.557366340018826,14.3399699010566,89.19846158511689,62.63336859248543,0,none
Line-D,2026-01-03 06:55:00,71.91502910275011,50.65956418741979,1.998639585388156,13.705143996988149,82.17817768294981,71.40860068918215,0,none
Line-D,2026-01-03 07:00:00,72.16238662874228,59.582337851732895,2.149790180783872,14.200928053784764,87.13759248208596,63.445523869867685,0,none
Line-D,2026-01-03 07:05:00,71.38698407098484,50.263921638754354,2.456233954045105,14.393416754138372,79.72585186620972,61.72804117947886,0,none
Line-D,2026-01-03 07:10:00,71.63965072952524,51.77072386207681,2.939468618184665,14.476223019483308,92.94928568479952,59.795499544383134,0,none
Line-D,2026-01-03 07:15:00,73.92334194901574,51.83827124704021,2.384231383478041,14.472362437358074,88.20303666936974,64.52050640489965,0,none
Line-D,2026-01-03 07:20:00,70.50690401318244,50.05319841115922,2.745665781161912,14.213841284073393,89.75133024668308,57.11876977649705,0,none
Line-D,2026-01-03 07:25:00,72.99045753008312,49.25701765073622,2.660079895778028,14.926866814736758,82.187472514495,63.50853318914223,0,none
Line-D,2026-01-03 07:30:00,71.75936162994743,51.67546879223409,2.32841945137976,15.33495862197741,82.55122998525613,59.85110799445593,0,none
Line-D,2026-01-03 07:35:00,71.6593241476774,55.87772114791869,2.8018509815140704,14.169648444462563,83.44030838902432,64.92035659031079,0,none
Line-D,2026-01-03 07:40:00,70.96281864947761,52.649616574515655,2.4602092470234145,14.91426231675493,80.10928287888147,62.11496801635891,0,none
Line-D,2026-01-03 07:45:00,70.84467527934301,53.97517449333292,2.5389644649583936,14.67058626138569,85.5621149460586,62.70211756890566,0,none
Line-D,2026-01-03 07:50:00,69.72441686938089,53.41636704407559,2.7706777564575438,13.240177068047092,88.05960926285256,63.68199159920608,0,none
Line-D,2026-01-03 07:55:00,70.88300798581996,49.346443062400006,2.4886162377329324,16.239343516948267,83.42467587156312,65.0491251273353,0,none
Line-D,2026-01-03 08:00:00,68.82064924257448,49.88094933176964,2.380320434467841,13.837155264667771,89.0683085667881,59.51383317729796,0,none
Line-D,2026-01-03 08:05:00,70.7066422458775,53.16703965372603,2.632308325933161,13.908771169729606,84.50779363164195,66.12808417303788,0,none
Line-D,2026-01-03 08:10:00,74.22970070432268,55.05919210181536,2.421314318793196,14.185967435480386,84.55168256409445,57.69927357458086,0,none
Line-D,2026-01-03 08:15:00,71.72002192033989,54.54824104911471,2.1339838755361,14.717255517883029,85.96251671248335,61.98226809531226,0,none
Line-D,2026-01-03 08:20:00,69.43976029893375,52.691452183448966,1.8431331796660309,13.859139803287338,83.73248727464707,65.57733533432948,0,none
Line-D,2026-01-03 08:25:00,70.28833559339608,55.18112877123061,2.2257609592086727,12.918912429316231,74.8315745557863,57.24403906084661,0,none
Line-D,2026-01-03 08:30:00,72.39600167405271,50.91915568990547,2.9205149105997994,15.519794690640854,84.02124430007237,55.9169138654996,0,none
Line-D,2026-01-03 08:35:00,71.83539514363439,50.45987901893788,2.403893872478517,13.51736376240911,87.36568019256617,63.617927981352445,0,none
Line-D,2026-01-03 08:40:00,69.07518608632839,52.14631126214859,2.757693881432453,13.980064923826705,83.95718366275655,62.48205862184243,0,none
Line-D,2026-01-03 08:45:00,72.74091835023285,48.62427509658135,2.5095415518344297,13.453161373762354,87.61140424366612,57.28417891618149,0,none
Line-D,2026-01-03 08:50:00,71.91923018968814,54.098234278863984,2.325954887767941,14.41382351570822,82.48688065769754,58.14380541290289,0,none
Line-D,2026-01-03 08:55:00,70.81000574910728,54.241304236567615,2.196775746297049,15.501545653374,82.75129953878576,57.82855498752041,0,none
Line-D,2026-01-03 09:00:00,71.1243279747996,52.410484378474095,2.23558788218386,14.984104860248028,88.15794901999985,62.94143889084647,0,none
Line-D,2026-01-03 09:05:00,70.87400793892468,51.0323070903676,2.4038859314764216,14.659134913599717,77.84311415263723,61.61555393985227,0,none
Line-D,2026-01-03 09:10:00,70.42781189005996,48.7284259417271,2.209726795303661,13.340280276608048,89.5007252177194,59.4725600466213,0,none
Line-D,2026-01-03 09:15:00,68.62546854233474,53.10316719824381,2.041996720372923,14.24007384189185,90.18490006882097,57.79793144978155,0,none
Line-D,2026-01-03 09:20:00,70.46724334278349,52.62892549899359,2.489873531049433,13.991320705015353,85.54357809311992,59.36735809832507,0,none
Line-D,2026-01-03 09:25:00,69.0947379278017,50.11743997296744,2.5165857324149346,13.313670551432546,84.85262995828941,60.644971986675145,0,none
Line-D,2026-01-03 09:30:00,70.86037961923509,49.23441246115884,2.347558849378703,13.058786974324413,91.2883706854522,56.815977008576496,0,none
Line-D,2026-01-03 09:35:00,68.6547408286724,51.480072986088224,2.405476349819215,14.96066747273921,82.34133871002278,60.915171499023465,0,none
Line-D,2026-01-03 09:40:00,70.9858612880551,51.9182062404719,2.841377169250145,13.959869563870724,81.66424078624414,58.71590255936904,0,none
Line-D,2026-01-03 09:45:00,69.53552540719545,52.91032335057619,2.4140919657554902,13.856405076713942,86.55415877848677,64.01098101256197,0,none
Line-D,2026-01-03 09:50:00,69.95449722889178,54.10383209200037,2.392627305903273,14.903267305679924,80.54515557790671,61.42680319556191,0,none
Line-D,2026-01-03 09:55:00,69.81824543458035,54.69716887257622,2.989324878295206,13.484434589015304,86.3891538853121,56.01646270343754,0,none
Line-D,2026-01-03 10:00:00,68.79871057692897,52.76009907236438,2.1213618187413075,14.591259307327997,86.44313452598398,62.86954200161327,0,none
Line-D,2026-01-03 10:05:00,69.59281540596318,51.06930004454941,2.0127942161609966,14.079248278681614,82.6113218245931,60.89101280466018,0,none
Line-D,2026-01-03 10:10:00,65.6660506979512,51.59986457542421,2.0690002659057978,14.444925557961112,75.10713041595949,59.52739016515008,0,none
Line-D,2026-01-03 10:15:00,68.77279504808092,50.70426744418329,2.881503998568016,13.272932431293835,87.0195107048311,55.97191101723107,0,none
Line-D,2026-01-03 10:20:00,70.15493497422844,50.37594000335983,2.034549518968068,13.101799775229455,82.08597476364503,58.74161834679808,0,none
Line-D,2026-01-03 10:25:00,69.86552740683037,58.00587877031822,1.9114961751439397,13.907252896969451,86.41144006590164,62.25343524390316,0,none
Line-D,2026-01-03 10:30:00,67.47360409550785,51.52883863293349,2.479961266880404,13.25304994622358,85.83918675798013,60.95225252968224,0,none
Line-D,2026-01-03 10:35:00,68.05735334286051,52.85578812773309,2.218963701484704,15.117852866005192,84.57823318794571,59.38727864719725,0,none
Line-D,2026-01-03 10:40:00,67.45751242408792,53.71877192076728,2.034232717007926,15.043524948603237,87.18821654105383,55.74609912464242,0,none
Line-D,2026-01-03 10:45:00,68.09732510580805,55.26060897104749,2.5372363589046656,12.70364346969803,85.06365279849425,58.6385098248642,0,none
Line-D,2026-01-03 10:50:00,66.27109809900344,50.96320438721241,2.235114068672058,15.473691849933296,86.8962224621789,63.496606430621554,0,none
Line-D,2026-01-03 10:55:00,68.04277493267003,51.40192126429955,2.1917691784384794,13.946656139896682,92.5313496689438,59.20832745279041,0,none
Line-D,2026-01-03 11:00:00,70.34604710887267,52.73410846151928,2.100334362106641,14.121345440859391,91.71584029854635,59.47276857748978,0,none
Line-D,2026-01-03 11:05:00,67.07398982123097,52.61221467268941,2.576801028000236,14.78487933472128,85.31086887706866,59.74500218839514,0,none
Line-D,2026-01-03 11:10:00,64.44410818471749,50.310769204513576,2.210343932788357,14.324121867373172,86.0210959911338,58.026411575170016,0,none
Line-D,2026-01-03 11:15:00,67.50261813897744,53.72765439089269,2.439841778977067,14.593625898592691,85.63375448223273,56.43001787777424,0,none
Line-D,2026-01-03 11:20:00,65.89121963617625,54.66285293779831,2.452438780256459,14.11728347683567,77.37319212762684,58.829640919274205,0,none
Line-D,2026-01-03 11:25:00,65.28441523716617,49.958274555987934,2.517431931295248,14.502298999764909,91.59942537466765,58.84833746037547,0,none
Line-D,2026-01-03 11:30:00,67.4936603612635,52.341933988564136,1.7868350662137762,14.485160392003184,87.00608205370128,59.00411745123952,0,none
Line-D,2026-01-03 11:35:00,68.90665433630117,49.0970889378329,2.459083064015073,13.32110287408482,90.94984283336572,55.05517999140788,0,none
Line-D,2026-01-03 11:40:00,65.76245835834874,54.8713266424987,2.482467125392162,14.336052675323025,88.43660170810197,58.5042433567345,0,none
Line-D,2026-01-03 11:45:00,67.29067409667555,52.21942458221395,2.549135666334766,14.344357774992949,83.2658404581594,54.22402398206841,0,none
Line-D,2026-01-03 11:50:00,68.1742648465016,54.53516161276988,2.267979862173787,13.058596469142753,79.78757964965506,61.02914738369876,0,none
Line-D,2026-01-03 11:55:00,65.34710851461408,52.18089018081376,2.263101592284268,14.395128640538957,87.66735778063676,59.34962794857061,0,none
Line-D,2026-01-03 12:00:00,67.09029758005396,49.88259271512572,2.457563946032581,14.66153669869777,81.40494436641143,60.32418853877684,0,none
Line-D,2026-01-03 12:05:00,67.08536511099841,54.24956990419808,2.3491176285590853,16.4069099051685,80.53055622298888,58.40166917380581,0,none
Line-D,2026-01-03 12:10:00,64.90048383182906,54.35245205019075,2.0875178831473264,14.299333103533868,82.77726845917441,54.38909378644947,0,none
Line-D,2026-01-03 12:15:00,64.59126099794642,52.26469370994424,1.6289896270330155,17.08839294913425,87.25296828683452,54.783606040493154,0,none
Line-D,2026-01-03 12:20:00,64.3044751049929,51.79421232836448,2.417658620437692,13.2443565428836,81.00694939247643,53.62430529064546,0,none
Line-D,2026-01-03 12:25:00,66.86702688252467,47.89380909898985,2.891358929965682,14.18170143003735,84.13250694589668,59.14051733300241,0,none
Line-D,2026-01-03 12:30:00,64.20759375327974,53.71279015405987,2.412921638118969,14.38317781431523,87.56628371020184,60.26239491677824,0,none
Line-D,2026-01-03 12:35:00,66.75019599829712,54.00556009409769,1.8507292156789985,13.809583739706085,85.23276579012345,57.83037838901793,0,none
Line-D,2026-01-03 12:40:00,63.1568187275611,49.51217742274645,2.490437956143259,14.626602953525635,82.94386916896869,52.6511909537903,0,none
Line-D,2026-01-03 12:45:00,62.66041672794894,51.41497243317082,2.561892010247063,15.741130630039947,85.63097859407064,59.65474477039346,0,none
Line-D,2026-01-03 12:50:00,64.9451691693306,55.16126401419776,2.938470051155241,14.878838949220144,80.54107793330776,55.05834532149456,0,none
Line-D,2026-01-03 12:55:00,65.33805315935986,54.45896556847493,1.6914435885762056,14.071802507055557,78.25792817316167,52.089479461223256,0,none
Line-D,2026-01-03 13:00:00,68.0965911995925,51.06715103461245,2.6012256644945486,14.416995487377893,84.45803888640513,54.34520267989316,0,none
Line-D,2026-01-03 13:05:00,64.27916244978738,51.80554663352995,2.225694229452883,13.807611518508534,85.59011109584486,56.07391485383292,0,none
Line-D,2026-01-03 13:10:00,63.23795650185212,51.57640730292309,2.389935820457762,14.693378352254584,82.39841593426465,55.87052449156362,0,none
Line-D,2026-01-03 13:15:00,64.4702624823558,47.900358866061886,2.734849967115906,13.321981156950155,84.81159268405197,62.60839291810724,1,drift
Line-D,2026-01-03 13:20:00,64.6689339136998,50.26846778680871,2.081167374012051,13.842792524927638,86.881557999747,52.497279786426446,1,drift
Line-D,2026-01-03 13:25:00,64.48562935160827,51.03410415055419,2.9049785896656006,13.259722462448671,81.3641461819227,55.6114238492713,1,drift
Line-D,2026-01-03 13:30:00,63.428161498568855,51.3739931954247,2.7293555208451927,14.29255469819916,89.62990271201369,56.761898322735256,1,drift
Line-D,2026-01-03 13:35:00,66.82425845393833,51.30518714823382,2.642027425455409,14.09333503377531,85.09979525125607,55.1431796860558,1,drift
Line-D,2026-01-03 13:40:00,64.788723302217,50.0692906859687,2.756344138572421,14.359727964287408,87.22574063049373,58.8009745254288,1,drift
Line-D,2026-01-03 13:45:00,68.17733404643033,50.89907521977167,2.698920197162591,14.69038261988425,80.16904948147588,54.37234669191445,1,drift
Line-D,2026-01-03 13:50:00,64.08433601685743,50.46419074553749,2.8837312427663475,13.78144033246346,81.11335834256559,57.4082489706284,1,drift
Line-D,2026-01-03 13:55:00,65.41501816620274,49.42160936682846,2.8423812854750947,14.202288907622792,75.3261330757254,53.400110636677006,1,drift
Line-D,2026-01-03 14:00:00,64.33373931480679,49.0980408243091,2.9178230665099365,14.306192754982602,82.21026597622705,57.5491490128908,1,drift
Line-D,2026-01-03 14:05:00,63.80800761674081,48.64717310206155,3.317890676122547,15.23617109777462,79.98358088083263,54.65826481552909,1,drift
Line-D,2026-01-03 14:10:00,63.842806028935584,54.69209626326965,2.714541590167895,15.63088191111038,82.03293374290146,61.964328109892485,1,drift
Line-D,2026-01-03 14:15:00,60.98520934653421,53.8278033319483,2.887121321221851,15.324075950884266,86.65754209451916,55.75989843128627,1,drift
Line-D,2026-01-03 14:20:00,63.311423804524296,51.68658224802591,3.1792489521611653,14.006041942482852,78.86175166547277,53.99395150110068,1,drift
Line-D,2026-01-03 14:25:00,63.84997222761153,51.44641829142645,2.813458494169779,14.961168364645252,88.9495289031635,50.737147781189485,1,drift
Line-D,2026-01-03 14:30:00,62.8630818963785,56.22586643357001,2.8442653924182597,13.476501432787828,81.99285303172911,52.36669679138393,1,drift
Line-D,2026-01-03 14:35:00,60.34834258540198,51.49934693463168,3.232652176560695,14.525495230283012,84.04777671346926,54.92837959529551,1,drift
Line-D,2026-01-03 14:40:00,61.82974583565922,49.86903511380902,3.503921455902877,14.586073786730465,80.61183367044414,52.51602436543942,1,drift
Line-D,2026-01-03 14:45:00,63.11488317287643,49.34507092767056,3.055071196235856,14.972164887129807,83.15263557320307,56.39193987680999,1,drift
Line-D,2026-01-03 14:50:00,61.75346924275181,49.85588162904391,3.6974188066365103,14.488419180925098,87.61308254299658,59.08693781665924,1,drift
Line-D,2026-01-03 14:55:00,61.378808119040734,52.66298945217486,3.080475352206096,15.513240348998872,90.29504519712788,51.47844553635228,1,drift
Line-D,2026-01-03 15:00:00,60.48894437851301,52.075042602062105,3.2159050638014066,14.429855266559183,82.21089106541525,51.45243945458896,1,drift
Line-D,2026-01-03 15:05:00,63.87356735397739,52.3686234938488,3.76493631201804,13.105062037916955,88.99264070651535,49.451200335151306,1,drift
Line-D,2026-01-03 15:10:00,62.45567886149445,53.93581208850918,3.3656005164059186,14.241205634090694,75.23164664294258,53.84981679251693,1,drift
Line-D,2026-01-03 15:15:00,65.57029340651106,53.89350289247274,3.60978684351081,14.036729198156555,83.09469988265924,50.36444211862206,1,drift
Line-D,2026-01-03 15:20:00,60.37569529946291,50.75775912333332,3.80459682941921,15.2011119472018,85.53434587319019,51.53596010397008,1,drift
Line-D,2026-01-03 15:25:00,63.84477046430876,49.52953025553346,3.7059221428180393,14.202868066079986,79.46674463305213,58.8638872857154,1,drift
Line-D,2026-01-03 15:30:00,59.44735350732629,57.40026911592592,4.011176208215148,15.394772865205326,77.23293169241053,52.40426199807741,1,drift
Line-D,2026-01-03 15:35:00,59.87071774602667,55.27503636862845,4.597766677637885,14.37359825049696,86.81505288850956,52.898992958556455,1,drift
Line-D,2026-01-03 15:40:00,64.44280680592367,47.18266691623272,3.911875885544532,13.805722860353123,85.82540472427549,52.50429010038394,1,drift
Line-D,2026-01-03 15:45:00,61.37595587606287,53.220020221046354,3.795367847180253,14.392026335742884,88.11148635510209,56.15307770706898,1,drift
Line-D,2026-01-03 15:50:00,62.21140893696324,52.54338112358643,4.207130659216416,14.866981913759671,85.8198799560843,55.06244857849678,1,drift
Line-D,2026-01-03 15:55:00,62.520119094455296,52.20124700529962,4.32762127908938,15.743613515557316,85.8199596948971,51.48772883420397,1,drift
Line-D,2026-01-03 16:00:00,61.01355573297226,50.587409006299694,3.8128998359721376,13.490225502549707,92.35759235492796,52.07649905751949,1,drift
Line-D,2026-01-03 16:05:00,61.75712035269237,48.739094872757086,4.206902154280417,13.628064621155996,88.25555954064892,50.94321382068303,1,drift
Line-D,2026-01-03 16:10:00,60.74199939775188,54.5196702865545,3.5425998281783877,14.245454335971129,80.94208974388023,49.72004412207743,1,drift
Line-D,2026-01-03 16:15:00,59.10474895902573,54.49849154307173,4.019294555927017,12.782729039912107,89.45260090400706,50.71295158808276,1,drift
Line-D,2026-01-03 16:20:00,62.479164755347824,52.77686053885719,4.085823588714268,13.379155383622482,89.39019773263234,54.45452597394397,1,drift
Line-D,2026-01-03 16:25:00,64.1439912824675,52.556820426804414,3.864205114141231,14.08913106075521,85.00215436667024,49.4287330361081,1,drift
Line-D,2026-01-03 16:30:00,60.88699479363248,51.45877520537715,4.6064262784066194,14.30831973630353,78.92502664892453,53.6689851124259,1,drift
Line-D,2026-01-03 16:35:00,61.00634251645905,50.89826560789133,4.539030968832917,13.5517830771088,78.693992130907,47.806102758116495,1,drift
Line-D,2026-01-03 16:40:00,61.90760438467595,52.890919475999326,4.444907125679637,13.698836668374366,87.98965617934948,50.76600730851956,1,drift
Line-D,2026-01-03 16:45:00,60.72490570801413,52.28975435350655,4.317592040248436,13.563310371211838,84.89529975919893,54.50183120638078,1,drift
Line-D,2026-01-03 16:50:00,61.13461902062404,51.48653529985781,4.163575085311471,13.62242510600326,79.46116936486811,50.14911004492152,1,drift
Line-D,2026-01-03 16:55:00,60.598532684983766,52.75820299455708,4.518119715702198,15.274499797419578,86.0124786635297,53.5120065111568,1,drift
Line-D,2026-01-03 17:00:00,61.84619006543129,53.71773492258983,4.21949730134305,13.20281369329951,86.54135688866015,52.86270734304559,1,drift
Line-D,2026-01-03 17:05:00,61.51956990979515,52.65032613613476,2.7479137604471138,14.402300949068326,84.17851695226936,55.07883459349744,0,none
Line-D,2026-01-03 17:10:00,62.81473425091615,49.02571860055723,2.760516135486532,13.650671777762208,89.47534600150604,54.090948517011874,0,none
Line-D,2026-01-03 17:15:00,59.44363249362868,53.97367652182464,2.485729200420681,14.751843034681784,85.65978789390235,48.89054515855295,0,none
Line-D,2026-01-03 17:20:00,59.05332966076786,51.19179331537224,2.168219886330701,15.062457226506336,88.81013366824776,54.69432576287053,0,none
Line-D,2026-01-03 17:25:00,61.14907593645621,51.51891487779622,2.3837489475901856,13.275659071751775,94.77383089161992,56.30398895809717,0,none
Line-D,2026-01-03 17:30:00,59.63136586108298,48.74506333677925,2.556460389890592,14.110896881478052,87.79140314690473,56.8353751109014,0,none
Line-D,2026-01-03 17:35:00,61.17196285524341,52.82992739126244,2.116867961365092,14.089061397725311,88.09626346332287,52.9475375065682,0,none
Line-D,2026-01-03 17:40:00,61.95794130852296,47.512539479639045,2.1101922098859096,15.25540983717287,86.06888878414652,56.2677958910868,0,none
Line-D,2026-01-03 17:45:00,60.49632612054505,48.89489137016607,2.597888979874965,14.784729737045016,84.76188384946305,50.397798736522965,0,none
Line-D,2026-01-03 17:50:00,61.72817268138745,52.663896834025216,2.5627375725982486,14.554189922050815,88.10233761211096,53.23339657136593,0,none
Line-D,2026-01-03 17:55:00,59.29020924492143,50.58159352981583,2.486033910617518,13.855972507220866,83.10852288774548,53.65964034862271,0,none
Line-D,2026-01-03 18:00:00,61.05181956283649,52.89030522515557,2.8952977231978823,14.038726476652032,81.00819642398815,53.56346381923373,0,none
Line-D,2026-01-03 18:05:00,59.40953324882511,50.2061238913835,2.0852269640991032,14.35003573041018,86.83624389485684,58.39497199304154,0,none
Line-D,2026-01-03 18:10:00,61.00065996143773,50.5451483558084,2.9237191151829345,13.951566992516744,83.59357906353631,53.184396637616885,0,none
Line-D,2026-01-03 18:15:00,62.76098889864228,52.90883420204732,2.7578583400649284,13.5940735630903,87.24114566713045,52.632022588287086,0,none
Line-D,2026-01-03 18:20:00,63.60266013348381,53.19747656215029,2.1196008868836524,13.688410691986045,87.75966279196511,51.02632039937899,0,none
Line-D,2026-01-03 18:25:00,61.87028218095643,49.22682204678959,2.906919532611774,13.836756698460622,83.4657130833262,52.250158006278944,0,none
Line-D,2026-01-03 18:30:00,59.82752828651771,50.86200678289674,2.442626362208454,13.981622729127269,84.25945817414353,53.701417903552525,0,none
Line-D,2026-01-03 18:35:00,62.79403246237217,49.18264147152496,2.294006395424771,15.078716697357644,86.92308186410112,50.99147621480709,0,none
Line-E,2026-01-01 00:00:00,62.47363250333486,47.4052852003609,2.049783412197996,14.407684820429935,107.53416369124108,51.04467418074551,0,none
Line-E,2026-01-01 00:05:00,64.0946388099426,47.50081637832814,2.557007213907088,16.151270624863237,103.7713385250426,51.662823334781415,0,none
Line-E,2026-01-01 00:10:00,63.184142240264606,47.88739435949851,3.020423754798597,14.8332125337575,99.02121856992142,47.17675714726087,0,none
Line-E,2026-01-01 00:15:00,64.35191305786523,44.43355138198043,2.787502404917105,13.349181675184813,104.3357422971319,52.07110123848203,0,none
Line-E,2026-01-01 00:20:00,61.93497537385748,43.76668872989644,2.5635174078018363,14.221986121641295,98.59102235946816,54.69777380129547,0,none
Line-E,2026-01-01 00:25:00,66.16513837698498,47.679915385246666,2.856555023720643,13.257747037264732,104.03271688808466,52.67472066512745,0,none
Line-E,2026-01-01 00:30:00,64.11870091196826,48.13964015440736,2.2734304350950514,15.1172008702474,108.85612251280858,52.32957426894925,0,none
Line-E,2026-01-01 00:35:00,63.486578018947206,46.04732147334692,2.1275530599764743,15.078254411771873,102.1270398488314,49.48556329524084,0,none
Line-E,2026-01-01 00:40:00,63.9509976243146,48.10673934745972,1.9474320711685773,15.550855062977451,105.43707314885626,52.94333359890503,0,none
Line-E,2026-01-01 00:45:00,65.33830931581866,43.71890819871078,2.476549374649555,14.040039130887733,103.93383678603708,48.16736589245501,0,none
Line-E,2026-01-01 00:50:00,64.5510875290664,48.97077255672984,2.5205297069257937,14.388281023401513,106.42415451180526,50.40887352718821,0,none
Line-E,2026-01-01 00:55:00,63.96087084144617,46.95092215270016,2.3049293043773047,14.329808425857593,100.09306291909137,53.769807458496416,0,none
Line-E,2026-01-01 01:00:00,64.13303135364767,48.12346239378004,2.587748269766449,13.482928727846506,100.4601140144624,50.361232734373885,0,none
Line-E,2026-01-01 01:05:00,63.2978477722156,46.89074424020577,2.5552366602608907,14.52163801513409,106.63828888514558,51.77848016233883,0,none
Line-E,2026-01-01 01:10:00,66.55935375914831,48.62921643570967,2.315721782447905,14.382350206279336,103.01890758058936,53.38322672208885,0,none
Line-E,2026-01-01 01:15:00,67.96323208977208,47.84671495346273,2.7428270080462056,14.129576657183762,107.63088033648609,49.82094156440012,0,none
Line-E,2026-01-01 01:20:00,66.21772807209625,44.84020322915567,2.607248183331732,16.200509090529938,110.00809224319838,45.29285491271984,0,none
Line-E,2026-01-01 01:25:00,66.28283758214386,47.24079867921433,1.9664530070785795,15.595546684896751,106.8846317533993,51.8286480524757,0,none
Line-E,2026-01-01 01:30:00,65.65418609002647,46.42587853368618,2.4368391808216887,14.786814120478567,103.31641103030924,49.33719304721276,0,none
Line-E,2026-01-01 01:35:00,67.81811163699138,46.9369224507571,2.161766891907089,14.679797545754464,105.04413304385402,51.65773382461426,0,none
Line-E,2026-01-01 01:40:00,64.65758916681919,48.620777220317855,2.844409717248464,15.481114340317866,101.5092263215015,52.07734156449775,0,none
Line-E,2026-01-01 01:45:00,65.51062034112147,47.64325606184244,2.451978409739971,16.39776438955318,101.39078047327476,49.71350478588016,0,none
Line-E,2026-01-01 01:50:00,65.17605924623382,47.43213085404235,2.1791015278324704,14.02956074963882,109.00025285035736,50.06820443488908,0,none
Line-E,2026-01-01 01:55:00,69.32725346147699,47.560013375873936,2.9005444421766056,13.798605471795806,105.57077302867668,55.18278487069675,0,none
Line-E,2026-01-01 02:00:00,65.37222032556062,42.506995629706886,2.8656173545516275,14.236264005090934,107.19567233354124,52.79796723029755,0,none
Line-E,2026-01-01 02:05:00,66.02187831920958,48.01041983730602,3.0889005134885807,13.714440481976462,99.03216161658644,51.599478233217454,0,none
Line-E,2026-01-01 02:10:00,65.3629876040879,46.590766243778624,2.990010997439442,14.414774341848622,104.77163107795924,46.58979782309623,0,none
Line-E,2026-01-01 02:15:00,65.28339992062519,45.68628335395756,2.3657635996931123,14.864002137523926,107.20109056416317,58.77878710030902,0,none
Line-E,2026-01-01 02:20:00,67.9444729256482,47.82380152181149,2.7939842038430096,15.90535691734316,97.42439262548857,53.46801233544875,0,none
Line-E,2026-01-01 02:25:00,69.6991673611188,47.06410394051831,2.41785044512037,14.807437516534462,102.23002657627735,51.66042106310576,0,none
Line-E,2026-01-01 02:30:00,64.96908735646313,46.36659794624521,2.9682811393647746,14.869871082779705,105.49097247258436,44.99335043816261,0,none
Line-E,2026-01-01 02:35:00,65.4991649035241,47.10872882417534,2.375466705400368,13.275739045099469,107.95009371806093,53.42806058958025,0,none
Line-E,2026-01-01 02:40:00,66.65093676061606,46.859135959301945,2.134315205442636,14.36916573911309,99.74686203259272,51.77974813248252,0,none
Line-E,2026-01-01 02:45:00,66.24665065496201,43.74408506348976,2.7320995703613637,14.208823736099555,111.79198051542512,57.273792659442975,0,none
Line-E,2026-01-01 02:50:00,65.43268012122215,48.35987218342893,2.295000820099386,14.987461278826869,99.5089540958299,49.20885244524111,0,none
Line-E,2026-01-01 02:55:00,67.21676897346596,49.44644475928583,1.742328740382182,14.661086935705995,107.42614831630962,54.11205693414181,0,none
Line-E,2026-01-01 03:00:00,67.31537902647953,43.17973103930125,2.384453654374891,12.878167778743116,107.05594836792578,53.05496103217495,0,none
Line-E,2026-01-01 03:05:00,65.56046050786959,46.47311011160626,2.72935676058496,13.433401698883133,105.8177580597754,52.00624122279403,0,none
Line-E,2026-01-01 03:10:00,67.63477666032243,50.784799337357,1.89960325093906,14.506184034207903,99.47342361227533,54.79226453624135,0,none
Line-E,2026-01-01 03:15:00,67.3220192387359,47.84468505933019,2.5502756815753704,14.840723768931474,103.33659187494534,55.57886552307036,0,none
Line-E,2026-01-01 03:20:00,62.65195553898968,45.84554479812412,2.273111551982033,14.10741766689326,103.46474553876396,51.7511971730924,0,none
Line-E,2026-01-01 03:25:00,65.28693953422183,45.52292058482724,3.010653537662276,14.230571650374864,104.9818676379798,51.27607902430923,0,none
Line-E,2026-01-01 03:30:00,71.12692914849598,48.672523346819645,2.4710521992009205,14.457047369433935,97.30787822047844,52.87740013524844,0,none
Line-E,2026-01-01 03:35:00,68.56601306521009,47.03151876451157,2.6247912867782484,14.67543803466691,116.2725173620965,53.7822988258969,0,none
Line-E,2026-01-01 03:40:00,69.70272148400731,49.24633408532876,2.030154390529345,14.076948345238373,99.39608132634288,55.24562048474808,0,none
Line-E,2026-01-01 03:45:00,68.75775676650959,44.30787968876804,2.2940656825131835,14.099112779956798,101.15117660581696,50.92646806204492,0,none
Line-E,2026-01-01 03:50:00,65.92601553297175,45.81009906416675,2.0892868298682075,14.978021075885428,105.45231897291912,55.69790578574631,0,none
Line-E,2026-01-01 03:55:00,70.2922804570903,50.25109959363109,2.104500563654549,13.937106577451964,111.76835766323892,57.03974602639186,0,none
Line-E,2026-01-01 04:00:00,68.11267812013477,49.00507523193218,2.534396774291548,15.452352128238491,111.50209919823357,50.33193476111608,0,none
Line-E,2026-01-01 04:05:00,67.99441574674336,46.60043001884029,2.495196305753048,14.601219490842563,107.6584537060385,55.522083840756586,0,none
Line-E,2026-01-01 04:10:00,67.94822198717988,48.07718592630451,2.5835173332617387,13.244811884607769,103.24437804291544,51.67005724978495,0,none
Line-E,2026-01-01 04:15:00,68.66237336300189,43.29674872184369,2.3762783375701635,15.0398239761394,104.7663075490198,55.32292551575109,0,none
Line-E,2026-01-01 04:20:00,66.91257331554804,48.565295427069685,2.5940110878734584,13.886773847294158,103.76186434376967,54.22170413223552,0,none
Line-E,2026-01-01 04:25:00,69.45509333689466,45.00392526691711,2.8500400724954886,13.74743698475646,103.93232538794877,54.30994469080659,0,none
Line-E,2026-01-01 04:30:00,67.26814090724476,46.49288591453631,2.082285844099162,13.94022106054397,106.35959616557544,55.13478405504544,0,none
Line-E,2026-01-01 04:35:00,68.59090309017213,49.19521057447377,2.6583461304956573,12.556971401956057,108.04393507198662,49.52467292231141,0,none
Line-E,2026-01-01 04:40:00,67.48877045898487,46.99424144115466,2.4007829380293826,15.322775622152433,100.994452874109,54.89474045514326,0,none
Line-E,2026-01-01 04:45:00,67.66780585447037,48.39827474518376,1.5314791612788343,13.636893531593508,108.2570781442497,49.53571102654597,0,none
Line-E,2026-01-01 04:50:00,66.73125644936373,44.07924487760136,2.808645857535569,13.731259206047492,99.66440963286412,56.08230943233223,0,none
Line-E,2026-01-01 04:55:00,67.69994126424098,47.57231005172166,2.4947329904421114,14.400247700715482,99.87328960340294,58.58556624737134,0,none
Line-E,2026-01-01 05:00:00,67.40608968042862,45.5261713093958,2.329886800004448,11.886650301561389,102.78724339254158,49.25961657506856,0,none
Line-E,2026-01-01 05:05:00,69.47016682486306,47.43436602879122,2.751013623387266,14.86344687989734,98.22127126871436,56.933885790470455,0,none
Line-E,2026-01-01 05:10:00,67.1959201982616,43.80294471258842,2.8805694664828123,15.56000421491509,108.6763944838838,56.53378009730984,0,none
Line-E,2026-01-01 05:15:00,69.92646873311756,45.40089495570391,2.519426893698378,14.257154467034036,105.08718794304932,52.42418180338272,0,none
Line-E,2026-01-01 05:20:00,71.60132371094873,49.04630835089439,1.619271891204359,15.222909669147509,110.28269356170765,48.92372123304129,0,none
Line-E,2026-01-01 05:25:00,67.27687438761077,49.04670621005548,2.411074744328112,13.012497653219766,108.7663961413955,53.65946343510207,0,none
Line-E,2026-01-01 05:30:00,66.20657814968912,43.17158924866272,2.2307827214188785,13.462764572645227,105.1260285301499,53.2480214999175,0,none
Line-E,2026-01-01 05:35:00,70.83693714697256,47.49405292677661,2.281628722876052,13.839480335883543,100.8981322305819,54.58481245786558,0,none
Line-E,2026-01-01 05:40:00,65.13155923902836,48.233104077396696,2.002294295927292,13.806764631251813,103.06925445805123,52.97553703004271,0,none
Line-E,2026-01-01 05:45:00,67.04820342272347,44.86295067757102,2.569155073845368,13.895067229248903,103.5612756893436,54.51386149785156,0,none
Line-E,2026-01-01 05:50:00,67.2832574191121,44.74615121298875,2.469518162889897,14.592523640222424,106.66386513023892,55.54579381115234,0,none
Line-E,2026-01-01 05:55:00,64.94604167595794,49.786355107253776,2.2456933374281856,14.48611581268718,104.0511113694722,50.90944575387256,0,none
Line-E,2026-01-01 06:00:00,69.85559179190243,47.13042732216688,2.586823885918723,13.911267283498091,103.1397080159257,50.95173182444968,0,none
Line-E,2026-01-01 06:05:00,66.48004071082825,45.72802720091678,2.167949149795151,12.945464998974291,106.33474512488137,49.75878827372517,0,none
Line-E,2026-01-01 06:10:00,67.62485563326061,48.07270555580441,2.299712508126607,13.623923433605656,109.59858396004978,51.57466566238002,0,none
Line-E,2026-01-01 06:15:00,69.19530309349841,50.74855363215305,2.406265324262685,14.039809400056509,107.52985740045736,58.27472281136657,0,none
Line-E,2026-01-01 06:20:00,69.92761050698637,46.21729499932395,2.4219739258747826,14.535633653181412,107.06237387307638,48.07731677237415,0,none
Line-E,2026-01-01 06:25:00,70.21362016369757,46.952846901125575,2.1530135774588204,14.488973881929972,106.76804097755604,52.75546092477425,0,none
Line-E,2026-01-01 06:30:00,67.04533679285842,45.31569252201309,2.478203560762352,14.220504120294072,103.68400614162935,51.84265772475964,0,none
Line-E,2026-01-01 06:35:00,69.4129541078349,44.81995801084992,2.266937423586,15.355589794334366,102.32200456885305,47.76424840374504,0,none
Line-E,2026-01-01 06:40:00,67.104178451104,46.15336898784714,2.310290941515343,14.556548978441215,107.55729263353976,55.2101754249792,0,none
Line-E,2026-01-01 06:45:00,71.55975767949928,44.94578647308165,2.6024936325676298,14.858852340847838,104.0861435497054,56.62543331965374,0,none
Line-E,2026-01-01 06:50:00,69.7189600037277,50.53622662405675,2.18187529524275,15.206844250164904,105.96824063222228,51.64983656866342,0,none
Line-E,2026-01-01 06:55:00,68.97649072411262,47.38548890942042,2.5545038555530835,14.147748021827567,106.58980668827994,52.85434998826634,0,none
Line-E,2026-01-01 07:00:00,68.68009571692085,47.97722606021796,2.3919262089900157,14.121600376333866,105.36792377154975,53.83841147808255,0,none
Line-E,2026-01-01 07:05:00,68.9453843208488,44.65576338192161,2.401688571980028,14.081459850135502,103.91825816642096,50.09248404147277,0,none
Line-E,2026-01-01 07:10:00,69.57397882382473,45.17446334574634,2.0143298082329344,15.634497484314473,105.80270480580978,55.09643399193571,0,none
Line-E,2026-01-01 07:15:00,68.24437748828342,46.89457971744216,2.4104406347351244,14.862280386965072,108.93153646377874,51.573780313156405,0,none
Line-E,2026-01-01 07:20:00,68.6117912589768,44.19355364106738,1.9737799784029275,12.963940031907086,104.30389721565666,52.77479959530528,0,none
Line-E,2026-01-01 07:25:00,69.07053643308444,49.42116781726117,2.185525493344436,14.49181058630966,105.9422438663764,53.34155592903405,0,none
Line-E,2026-01-01 07:30:00,67.52666695461619,49.5525508890828,1.97666856606218,14.325685466553102,106.9787984031326,50.33727454669153,0,none
Line-E,2026-01-01 07:35:00,68.76619820935703,46.85238024839644,2.171786737893112,14.980559098509604,106.28849531913194,60.112144038251145,0,none
Line-E,2026-01-01 07:40:00,67.5708538799218,43.54425050093927,2.0201531975870366,13.971440528661242,104.94622555516833,48.48130226934956,0,none
Line-E,2026-01-01 07:45:00,68.61285314231434,46.62732659460424,2.3548090774558816,15.674105541813509,109.93302411389216,51.68703132507061,0,none
Line-E,2026-01-01 07:50:00,66.63723408117252,42.25472159420669,2.287215594651617,14.384164865306076,97.73849891795604,54.50239211728741,0,none
Line-E,2026-01-01 07:55:00,68.05112420085439,45.08628896678818,1.6293081856247746,14.332098200646996,96.44130799841976,52.30806630733809,0,none
Line-E,2026-01-01 08:00:00,67.79557486105624,48.93068132024038,2.3307656182199565,15.069731103324896,99.03059586943472,52.99089759554751,0,none
Line-E,2026-01-01 08:05:00,66.79969871033362,44.59616310360995,2.0203332487857493,14.66431426877743,103.44211192847736,52.254683151306445,0,none
Line-E,2026-01-01 08:10:00,67.30361084117156,46.68574370267271,2.03707003045092,14.951301674990203,106.21057028351602,53.316973948337065,0,none
Line-E,2026-01-01 08:15:00,68.15773831578262,45.43646595441224,1.9433001911143892,14.910135203277129,106.75842389840636,50.82377177182685,0,none
Line-E,2026-01-01 08:20:00,69.54112463916044,46.4364847075334,2.374168424857878,15.038773878251272,104.06518081308852,53.31682067634387,0,none
Line-E,2026-01-01 08:25:00,67.3487643082871,48.94483662976623,2.2856843492948866,14.874680823448749,106.86853964469616,52.505550825757446,0,none
Line-E,2026-01-01 08:30:00,65.59911436663276,49.74095011586165,2.5787958159437103,13.459361538305776,104.9858400694488,49.29691606716987,0,none
Line-E,2026-01-01 08:35:00,64.84813350309004,47.085585645175954,2.220941069111545,14.403939053410587,100.05043193123912,52.754787852913466,0,none
Line-E,2026-01-01 08:40:00,66.45086226211023,44.68213733599326,3.085582352595866,13.941943142086464,98.97032250755036,56.17402289519684,0,none
Line-E,2026-01-01 08:45:00,67.50799524248069,46.412060760847936,2.4604415609258146,13.96706360663908,99.11444301212838,54.10155961199684,0,none
Line-E,2026-01-01 08:50:00,66.38780134134383,46.80448286023489,2.2318271006776214,13.868110888624456,102.92972381159022,59.88614335213853,0,none
Line-E,2026-01-01 08:55:00,68.32327052364266,47.12411626826973,2.5372354173557623,14.518652931131928,96.6139688303752,57.468881834178966,0,none
Line-E,2026-01-01 09:00:00,68.23718326014814,45.142468084388014,2.2229061826033347,14.59200276713582,104.90936661221951,53.69063773003385,0,none
Line-E,2026-01-01 09:05:00,65.4053565607837,45.15701096498,2.051413815530111,15.514227998044952,103.85023751708631,47.629365198851744,0,none
Line-E,2026-01-01 09:10:00,65.54236693799281,46.7275127905036,1.995971401762509,13.423194416265098,108.580680768628,57.309485204692365,0,none
Line-E,2026-01-01 09:15:00,67.76709708574644,46.73118034937481,1.8504119849178715,15.00991198245964,108.17224103857568,47.82260084097008,0,none
Line-E,2026-01-01 09:20:00,64.82866300857181,43.24098263488601,2.2452802128472644,16.779468126358378,110.076789478635,51.544363626558,0,none
Line-E,2026-01-01 09:25:00,66.01189484672229,47.288455939334064,2.51559483948084,14.575330533252824,95.58574975654788,52.89651671203029,0,none
Line-E,2026-01-01 09:30:00,66.98922706816371,46.17140274593104,2.7003287961756803,14.90118747691248,105.29467734946806,50.14853288549147,0,none
Line-E,2026-01-01 09:35:00,68.52581686651622,45.5495611929334,2.6373166547651614,13.818811319356952,105.9903351246104,49.92406576050181,0,none
Line-E,2026-01-01 09:40:00,65.62259619860085,45.92062924539125,2.2988659608573427,14.406989724061896,100.89229079664015,51.91925118796858,0,none
Line-E,2026-01-01 09:45:00,67.50332411743457,48.679898450113846,2.586644265680389,14.985874958514136,102.2506957158446,52.40591213547397,0,none
Line-E,2026-01-01 09:50:00,62.9436562137622,48.56659787109562,2.452087784166177,12.495598975122656,102.00315864380472,49.7354674423804,0,none
Line-E,2026-01-01 09:55:00,66.19811226797917,45.8277720985453,2.0652473027941163,13.438487167216945,101.95256765736988,46.94465887890497,0,none
Line-E,2026-01-01 10:00:00,66.5365791272029,47.0634745212403,2.540674537262638,14.5255175747517,111.0233159684568,55.63141850291274,0,none
Line-E,2026-01-01 10:05:00,64.71044749740494,44.1691169837961,2.449639556206112,15.03031571428829,108.88862418322331,56.85268458205229,0,none
Line-E,2026-01-01 10:10:00,64.91949047385529,49.1381807134931,2.4158117537864725,13.370102169161358,105.1429464567421,50.386872316871305,0,none
Line-E,2026-01-01 10:15:00,66.54179799096987,44.37906438383297,2.910982023359316,14.097397374690075,105.32406418012536,46.25798197601311,0,none
Line-E,2026-01-01 10:20:00,63.89763264459777,47.18705392644345,2.6908249956043244,13.22110000638435,102.20305397053497,44.26014201620116,0,none
Line-E,2026-01-01 10:25:00,67.03310446147407,44.281503804648494,2.5145731209532536,13.151057492729434,102.97548748719927,54.26367269803411,0,none
Line-E,2026-01-01 10:30:00,63.61740986584359,49.0240689516757,2.6140543438126853,13.58260143117259,102.34992593705977,51.90686960855177,0,none
Line-E,2026-01-01 10:35:00,61.85389490776726,47.67915692461433,2.262704607618826,14.371375638554962,102.25529206408062,50.35605110582268,0,none
Line-E,2026-01-01 10:40:00,67.47128749084071,49.37928926743618,3.037237820692416,12.823466223644676,104.38876886350153,48.70725919539935,0,none
Line-E,2026-01-01 10:45:00,67.00610389306738,46.25275539514997,2.3963508179859936,14.019121374839198,108.4452358524133,50.89324260376592,0,none
Line-E,2026-01-01 10:50:00,68.22228392981988,48.096905887452685,2.8211633907328704,16.023603817685384,110.56348185996502,54.49654510722949,0,none
Line-E,2026-01-01 10:55:00,66.71773954387626,51.26935260711652,2.829928203318767,14.52187982172141,107.93633695798518,52.12427919610358,0,none
Line-E,2026-01-01 11:00:00,65.87976973961678,48.48262524652473,2.788419220945431,14.680344138137665,107.9470365668234,49.56712767600189,0,none
Line-E,2026-01-01 11:05:00,65.72318580380922,44.95616003672736,2.480308559221452,13.104052612140112,100.84907449328828,60.94062466087144,0,none
Line-E,2026-01-01 11:10:00,61.90924340677587,46.49441102676399,2.5085116605693654,14.751155974393004,111.07442404611544,47.54450978365992,0,none
Line-E,2026-01-01 11:15:00,64.04363958904044,44.75048437861199,2.629071580235253,14.651684349844556,103.72665660623576,47.82837194987891,0,none
Line-E,2026-01-01 11:20:00,64.17713463919773,43.71349002110862,1.925239702834306,15.427621348424497,103.32379228276643,52.26300057347362,0,none
Line-E,2026-01-01 11:25:00,65.36841510501027,43.44848790389513,2.1897825303666254,13.92745450776532,101.92375341931675,47.499759569042574,0,none
Line-E,2026-01-01 11:30:00,65.84581904123314,42.67586369629472,2.4262240409084117,14.18787949652804,96.49263592974268,53.85558004290094,0,none
Line-E,2026-01-01 11:35:00,63.128208809496535,46.941834345708266,2.646772797054571,13.928142515932302,105.81525272394047,48.56107497544855,0,none
Line-E,2026-01-01 11:40:00,65.31179068486946,47.64752804783171,2.717208009922877,15.037066577031233,107.72543885700745,48.13920418170757,0,none
Line-E,2026-01-01 11:45:00,64.95228621623774,50.0063642599681,2.4101602124999357,14.1045202977435,106.60302841111644,53.14098040287552,0,none
Line-E,2026-01-01 11:50:00,64.69102744141358,46.16657687692987,2.873555855868485,14.322875994547644,110.0301678297862,48.1201085861552,0,none
Line-E,2026-01-01 11:55:00,63.855632630059006,47.09079618517888,2.0368624955853747,14.038796744143678,103.06243282013286,47.94025987091071,0,none
Line-E,2026-01-01 12:00:00,64.19736058774602,47.28063904551667,2.617341709660296,15.086680944643565,108.11381374998312,47.83790714990653,0,none
Line-E,2026-01-01 12:05:00,64.55701039801214,46.89075103078396,2.816176318797495,13.670977391486666,99.34295465940215,55.48224274965421,0,none
Line-E,2026-01-01 12:10:00,64.97483704993411,46.73049560620671,2.54607803233174,15.236437164965505,110.92710646863088,51.68967441155799,0,none
Line-E,2026-01-01 12:15:00,61.10875465044221,46.91871744438745,2.3965482925376564,15.033612172712086,97.26648353107034,51.26796172912592,0,none
Line-E,2026-01-01 12:20:00,65.23351137917048,50.184480003821925,3.104940619986391,15.29406608209693,109.9029985706975,47.21443620248535,0,none
Line-E,2026-01-01 12:25:00,62.48027210773116,49.455681321834746,2.6754606904692926,14.132060719238996,110.532533024078,46.51110727359989,0,none
Line-E,2026-01-01 12:30:00,64.04711824657653,45.97300758219182,2.8745915395296806,15.561085461133974,100.00963706913116,49.5482503067674,0,none
Line-E,2026-01-01 12:35:00,62.18576996096014,45.637051841511415,2.486185830409449,14.984328575572508,100.84937528776967,47.06115602244648,0,none
Line-E,2026-01-01 12:40:00,65.75667029614354,48.00800487642838,3.00290441469349,15.1429189424085,101.0243653899645,49.67358926163728,0,none
Line-E,2026-01-01 12:45:00,59.56311947442074,46.993986320170215,2.813011554731516,16.023872443093612,111.67911952594469,51.94959695322173,0,none
Line-E,2026-01-01 12:50:00,62.736280325167314,44.1501121934852,2.626312538346631,14.896840963244276,107.02484884362146,49.05587970394952,0,none
Line-E,2026-01-01 12:55:00,61.74048514813257,47.16414308688649,3.003469453741518,14.785932801067208,104.93803634575536,51.64015154156072,0,none
Line-E,2026-01-01 13:00:00,62.518844335768925,45.65748740266733,3.1716817054588504,14.417935687338172,102.0421505111351,49.1995294292249,0,none
Line-E,2026-01-01 13:05:00,62.94854555890744,52.02366461743185,2.315343831269793,15.121977744417332,99.76152251901948,50.48719035854094,0,none
Line-E,2026-01-01 13:10:00,64.6019809091251,45.55277167522655,2.673486099962892,15.02952554996812,95.78005638134913,48.78480048822892,0,none
Line-E,2026-01-01 13:15:00,63.45685536034591,50.64075100384162,2.740011376211017,15.577530973775788,96.3099039526271,45.7177031783831,0,none
Line-E,2026-01-01 13:20:00,62.89820159890648,45.75933389020823,2.7730730785315405,14.616037656416363,102.82664064613932,51.57805656995412,0,none
Line-E,2026-01-01 13:25:00,63.7803266076299,45.76820055791045,2.179269016193203,15.253420615146926,100.7871519411818,45.94265873557728,0,none
Line-E,2026-01-01 13:30:00,61.50119263697484,45.61190467007221,2.708057041667029,14.131932229775853,103.92634619540205,47.71422363077606,0,none
Line-E,2026-01-01 13:35:00,60.38270625143952,46.20394829340883,2.818172528184185,14.563037602180902,102.623155791736,51.47753245564618,0,none
Line-E,2026-01-01 13:40:00,61.90660083445427,46.39673548199092,2.9243077699329585,13.885133818784698,101.34162674232545,47.62450481233893,0,none
Line-E,2026-01-01 13:45:00,65.3611693200858,47.26294763538902,2.394140448626202,14.635542399587496,103.2443661653272,47.17039620956274,0,none
Line-E,2026-01-01 13:50:00,62.338877438737086,45.48754819342866,2.7766157951791,14.775110010948422,101.11459582179504,48.351325304003176,0,none
Line-E,2026-01-01 13:55:00,61.956350590491,49.994054482294985,2.679055203547828,12.333676804021469,100.2189894192778,47.47653337041989,0,none
Line-E,2026-01-01 14:00:00,63.42216287793432,46.57442051563553,2.685051572300808,14.372008669929608,104.51380497465628,49.530291128090994,0,none
Line-E,2026-01-01 14:05:00,60.160499320914575,44.62731838488904,2.897078041458144,14.648810399775387,105.88078837637087,45.91365502679306,0,none
Line-E,2026-01-01 14:10:00,61.23631408324951,43.44253609056197,1.990590463705337,14.437347386204973,101.33965603449418,47.16528835169124,0,none
Line-E,2026-01-01 14:15:00,60.21958410174305,44.23873068429858,2.9011261355889344,14.04459672070594,104.8901083716083,46.61789055069368,0,none
Line-E,2026-01-01 14:20:00,62.212456832515976,46.76971446079489,2.588405530437035,14.31275448242558,103.24921518136284,45.22889493535048,0,none
Line-E,2026-01-01 14:25:00,62.23540238282333,48.72881023343773,2.401471411313982,14.81475299721444,108.0261580637837,48.30286072854964,0,none
Line-E,2026-01-01 14:30:00,60.66860591296518,47.04763575309488,2.960988026514272,16.359455052479962,106.59966721083993,50.76860522628662,0,none
Line-E,2026-01-01 14:35:00,61.35720624697535,49.60045945083024,3.1278246401098406,15.22059444218808,101.81664114903116,52.06990059207288,0,none
Line-E,2026-01-01 14:40:00,61.77568632529945,44.38459949216015,2.6764325521669434,14.36549748253078,104.52085597092686,48.989405456361744,0,none
Line-E,2026-01-01 14:45:00,60.41284743506795,50.01060200946221,2.740627943364021,13.593737344406136,100.72618849371354,44.64104804719327,0,none
Line-E,2026-01-01 14:50:00,61.79512150183423,45.14834467032843,2.41195155272928,14.632501585682302,101.12406182878686,46.23843714640739,0,none
Line-E,2026-01-01 14:55:00,60.81077542636665,45.803641614141554,2.778469098641186,14.728251266890126,108.98713905189337,47.88661186303063,0,none
Line-E,2026-01-01 15:00:00,57.88500655686892,48.65442199821271,2.1339984810217265,13.68369619855772,104.19526209624549,43.88471626820179,0,none
Line-E,2026-01-01 15:05:00,60.34058174160648,44.68858393583018,2.719715132827488,14.913353557149607,100.9968351978571,44.718976990636016,0,none
Line-E,2026-01-01 15:10:00,62.3335095449556,46.09597783816869,3.135572843322812,15.185712239748424,108.03418389545494,47.06993204085854,0,none
Line-E,2026-01-01 15:15:00,58.8975838422283,45.78719341087899,2.729814722390703,14.989250927760972,102.51524628429117,43.89748097135824,0,none
Line-E,2026-01-01 15:20:00,60.9879732755868,49.360710852232806,2.5244662319261923,16.483786287147474,103.21725036285414,47.52957486929158,0,none
Line-E,2026-01-01 15:25:00,58.4129250837079,47.6000305423496,2.0466032904590143,15.622945166149249,105.21537165062044,45.98846269208147,0,none
Line-E,2026-01-01 15:30:00,58.07963012977894,44.2158557528265,3.242262691041722,15.828914274736883,98.81677767863356,44.85209968677495,0,none
Line-E,2026-01-01 15:35:00,61.02482333746878,42.77685762367117,2.530777632105444,14.673500809114334,101.43128188366254,49.44635272781696,0,none
Line-E,2026-01-01 15:40:00,58.09907932336297,47.631494712231,2.4655067345370583,14.588811046856716,103.56501469086368,45.86502444469726,0,none
Line-E,2026-01-01 15:45:00,58.776949462504255,51.13881921245429,2.521775927874254,15.932320300623962,105.90521582603164,49.27604269025041,0,none
Line-E,2026-01-01 15:50:00,59.28375570296251,45.561917895617206,2.739455435640209,13.861222701359525,102.57344302920671,45.57624197691518,0,none
Line-E,2026-01-01 15:55:00,61.08830221677362,43.98994406994297,2.468816123652805,12.71926643830591,106.63906086629568,47.02103702059271,0,none
Line-E,2026-01-01 16:00:00,59.17529665177498,50.45757768415808,3.0235993517926256,13.806732172474575,103.47847987437976,51.84672839834842,0,none
Line-E,2026-01-01 16:05:00,60.05938526994109,49.74330718181584,1.7811561179541178,13.544473142218598,99.18632255027374,49.743413609332165,0,none
Line-E,2026-01-01 16:10:00,58.78043755848011,49.65522543482448,2.5041359691294214,14.773638710647008,98.75515786913594,44.424160777994814,0,none
Line-E,2026-01-01 16:15:00,61.244391888544506,44.41132787109329,2.240752023115517,13.767133875563824,102.90110997364862,48.87809812024739,0,none
Line-E,2026-01-01 16:20:00,59.53203654905006,42.55775206641964,1.9023305489387397,14.918292242372056,99.02351707631377,43.74381457329411,0,none
Line-E,2026-01-01 16:25:00,60.10371215720909,45.495088346326646,2.1357629359937698,14.203111490556312,98.34781746770705,45.8309017736176,0,none
Line-E,2026-01-01 16:30:00,59.718800295015136,46.4788186428353,1.7704794510277753,13.185230465969486,106.44824723091438,51.65079310685213,0,none
Line-E,2026-01-01 16:35:00,56.75460343064535,48.186687817072894,2.3121044944143843,15.18304074082658,110.05904762035324,50.09155030720651,0,none
Line-E,2026-01-01 16:40:00,59.05335679659884,44.42271163987176,2.0320443176388965,16.36853953028351,102.58342225353248,43.70290841439723,0,none
Line-E,2026-01-01 16:45:00,56.43755119089759,44.36908957727052,2.6027933937115737,15.02703076366594,101.47978047883558,47.25800618306741,0,none
Line-E,2026-01-01 16:50:00,57.47451272585223,47.92068438244674,2.8668408317685152,13.40944110072708,98.42812976442733,43.597153486480536,0,none
Line-E,2026-01-01 16:55:00,58.17201664783611,47.8314021278891,2.563881763183029,13.619890988557916,101.08035963546146,44.76795741180919,0,none
Line-E,2026-01-01 17:00:00,58.15113260410863,47.328989779556125,1.7852420722574394,14.903280417700152,100.42945709740869,40.69167855495473,0,none
Line-E,2026-01-01 17:05:00,58.210662359475,43.97160024193864,1.765480981107919,14.085835473220202,108.13823817055676,37.84345783403743,0,none
Line-E,2026-01-01 17:10:00,59.69154588140098,49.05132741880197,2.5696605740679974,14.35045297698132,106.22462310180197,49.32102949461658,0,none
Line-E,2026-01-01 17:15:00,59.70856915044947,45.795712177020256,2.370797144058103,14.47837619941156,109.76530680240435,45.896859028066935,0,none
Line-E,2026-01-01 17:20:00,58.80497026248281,48.66829993910871,2.308387613312526,14.847517829309757,110.09188891652282,45.60511406489061,0,none
Line-E,2026-01-01 17:25:00,57.55355213104794,47.0633217633094,2.6950509098802256,15.217062418390231,110.17482303789576,51.70412633148679,0,none
Line-E,2026-01-01 17:30:00,60.06243527648422,47.25207231291563,2.032388157538019,13.468472077986492,103.88490869550424,47.17742061502434,0,none
Line-E,2026-01-01 17:35:00,58.308889529198495,47.814184539368725,2.6000431426318538,13.689290338231247,108.03228339915178,45.45134369482407,0,none
Line-E,2026-01-01 17:40:00,57.99779100128016,47.29321961360612,2.677737368059365,14.839721524932228,107.48662213827326,47.05605368647122,0,none
Line-E,2026-01-01 17:45:00,59.68838296389742,46.42586885542992,2.611613392435691,13.079988772867106,101.83190739031257,43.87161922157486,0,none
Line-E,2026-01-01 17:50:00,59.12504192864815,47.50485418010737,1.936393136670743,14.346272757234454,101.33335986662313,45.16702677584636,0,none
Line-E,2026-01-01 17:55:00,55.4703081956201,46.413068203371424,2.117623630566069,14.149244693339256,101.64279456884806,42.79136681411466,0,none
Line-E,2026-01-01 18:00:00,59.119070772701086,46.203407477272535,2.8062044045876204,14.008397383743723,104.7966492024422,45.52666512568889,0,none
Line-E,2026-01-01 18:05:00,56.50677999124242,41.75968446905206,2.418816250954543,14.188219588147229,102.02370398278336,47.2818883874446,0,none
Line-E,2026-01-01 18:10:00,57.89724538162089,45.8219171502686,1.9549241192693447,14.734026676255551,101.9150465118362,47.574247672841935,0,none
Line-E,2026-01-01 18:15:00,57.37357198811414,45.03693409235453,1.88971312200008,14.246066528735136,103.561445946093,47.6176828771886,0,none
Line-E,2026-01-01 18:20:00,58.30069962723331,45.80591952202708,2.765311260495647,14.408844666331056,103.91626668458242,43.66607776496445,0,none
Line-E,2026-01-01 18:25:00,58.94623657161847,47.40491755372419,2.353598727178742,14.731895089456028,104.4057487703826,49.51731965057526,0,none
Line-E,2026-01-01 18:30:00,59.42220248413008,48.92625463471795,3.0528702402070773,13.582897310952198,105.09169452582027,45.34117828921497,0,none
Line-E,2026-01-01 18:35:00,56.89713158760632,48.38321808564376,2.6029595632421074,13.213571559763912,106.50064394207584,46.00235811762923,0,none
Line-E,2026-01-01 18:40:00,59.38060940302398,48.480887692152336,2.404915591732634,13.102207955080832,107.90528498843594,46.10642869570249,0,none
Line-E,2026-01-01 18:45:00,57.05513195693471,45.96266429789416,2.848269297567018,15.107116497817705,105.43496260670815,42.30879097740959,0,none
Line-E,2026-01-01 18:50:00,61.08434459011461,46.424277646714295,2.2990250671907098,13.81219076897591,103.08351911063664,48.66526452006443,0,none
Line-E,2026-01-01 18:55:00,58.31731494190095,44.94746032005095,2.420746342579408,15.479289337079404,95.59912797879964,47.20257261966727,0,none
Line-E,2026-01-01 19:00:00,58.25837635932592,48.415577403964754,3.003833909735043,14.639879925948486,110.8623523543277,44.8817863678464,0,none
Line-E,2026-01-01 19:05:00,58.649418378252825,46.42120038010013,2.225102316311661,14.509096318988576,102.70484687070793,40.765449749595234,0,none
Line-E,2026-01-01 19:10:00,59.46154762306915,47.19283154652851,2.674297159962765,12.846884066004929,95.9435894804835,43.81662886393527,0,none
Line-E,2026-01-01 19:15:00,59.90591219871845,45.15449195890684,2.208275899186435,14.983649525497448,107.27690806465814,44.69553090899739,0,none
Line-E,2026-01-01 19:20:00,60.8145356251227,47.1987028654082,2.289372215130543,13.848332229720013,103.00306450083724,48.97945337248773,0,none
Line-E,2026-01-01 19:25:00,57.74011958365725,48.43789672942585,2.343621291251762,15.669760888138494,111.690110520289,42.59354635798186,0,none
Line-E,2026-01-01 19:30:00,58.78814524437233,47.848605221661465,2.461528828206541,14.299101584421903,98.64103259430064,47.50510768799177,0,none
Line-E,2026-01-01 19:35:00,55.86883501886908,48.1146244568872,3.2318202583907416,14.41017707231482,104.29274305151952,42.382291912870855,0,none
Line-E,2026-01-01 19:40:00,61.751369380448864,45.38189437047344,2.4633071230548507,15.23913907643634,98.89702884535026,47.60731279851287,0,none
Line-E,2026-01-01 19:45:00,59.99774849505836,46.26127130006914,2.5027432284476654,14.187745262151738,108.84211720014888,47.56818577039429,0,none
Line-E,2026-01-01 19:50:00,61.11406000285237,44.95135883282551,2.3276311861134187,14.987379007789269,110.82463245563343,45.79027316926427,0,none
Line-E,2026-01-01 19:55:00,60.27855218201211,45.606129741023246,2.387077200254166,13.32143515830559,108.95172765091284,45.7124906253845,0,none
Line-E,2026-01-01 20:00:00,60.60903549891,46.435677014085634,2.4270448047239768,14.308944755931584,102.52986109062792,48.51024633537115,0,none
Line-E,2026-01-01 20:05:00,56.40405729865508,48.68835432181961,2.9572699798600235,15.218598294963876,104.25232416821954,44.54747289532844,0,none
Line-E,2026-01-01 20:10:00,59.000954988914906,45.58400872909729,2.054026989959966,14.23036561092918,104.28172886086992,50.26341958854534,0,none
Line-E,2026-01-01 20:15:00,60.378752933521845,45.98837325986951,2.835692364499988,14.937478638869631,103.358707978041,48.954740473339584,0,none
Line-E,2026-01-01 20:20:00,58.56622117867235,42.36413401317056,2.810331794754011,14.564159679448066,99.57193094537776,45.02668841710427,0,none
Line-E,2026-01-01 20:25:00,58.83545052846992,45.67060476943803,3.096967536610266,14.866366704072329,105.9518387226078,50.20431212722924,0,none
Line-E,2026-01-01 20:30:00,60.63883899086824,46.43090290754892,2.000902974531572,14.87025763884778,101.25780588205936,46.01526294680113,0,none
Line-E,2026-01-01 20:35:00,58.84156355858084,44.59385912867097,2.522689248935228,15.518309754876896,107.469667493088,45.75840912814561,0,none
Line-E,2026-01-01 20:40:00,61.12283410609561,50.0977094791433,3.0339887374763386,15.399591835512505,97.22092274784212,50.08173497969101,0,none
Line-E,2026-01-01 20:45:00,60.76652467966749,45.4168584657523,2.432024520397328,15.478599294274478,101.91901781276198,44.12984457316945,0,none
Line-E,2026-01-01 20:50:00,60.529109391043,48.3786621597436,2.970579536743285,15.06353689959109,106.99544777222172,47.08102018466292,0,none
Line-E,2026-01-01 20:55:00,59.49444863260348,45.94369584881856,2.436003406820201,15.694247570131584,115.0753498316512,41.73358711130334,0,none
Line-E,2026-01-01 21:00:00,61.97075132441858,48.68172356611937,2.665087338726672,14.732190857824078,108.18386991710528,43.05527181378922,0,none
Line-E,2026-01-01 21:05:00,60.93850472092888,47.32083843057488,2.68722374262069,14.383234503952083,103.6471815525362,48.56391935743115,0,none
Line-E,2026-01-01 21:10:00,58.85034618291989,48.013312151440736,2.32202244991886,15.331653141556934,101.58158001206463,53.2193761856415,0,none
Line-E,2026-01-01 21:15:00,59.53558296299299,45.24540937147773,2.121962512644448,15.470814934655769,104.61179182169782,45.83801189007997,0,none
Line-E,2026-01-01 21:20:00,59.76114139882266,46.81798545803392,2.856700708000116,15.314174231704644,100.63747502612772,46.337463675560365,0,none
Line-E,2026-01-01 21:25:00,60.8881399787761,45.99968266904033,2.942188627801099,14.365328580953753,108.98287839309867,46.44508576766408,0,none
Line-E,2026-01-01 21:30:00,60.00727117588075,44.23312633546106,2.3889707196362755,14.46616590322685,100.0789920590801,49.52102196689574,0,none
Line-E,2026-01-01 21:35:00,60.769672805523406,46.671614760548096,2.906975175029678,15.691966383931783,101.4738520268246,47.1715043001177,0,none
Line-E,2026-01-01 21:40:00,59.87302502834758,46.3221625551578,2.749434619786553,15.031353592134272,101.83550781552483,45.68901665442714,0,none
Line-E,2026-01-01 21:45:00,61.339977697687694,47.55835193907667,2.4336650085665443,14.653267153414577,99.32571183314955,44.83568093120434,0,none
Line-E,2026-01-01 21:50:00,60.36098516199645,46.32369567857885,2.240844476610209,14.67407136144313,105.74790645000812,46.76521911191074,0,none
Line-E,2026-01-01 21:55:00,60.846328378083165,48.06543690814178,2.4430197463102203,14.07049594107774,107.50303621002313,49.43542993626425,0,none
Line-E,2026-01-01 22:00:00,61.59546858145673,48.16785527941999,2.4716682380754054,14.131739093243828,117.20482166255876,49.02957245595461,0,none
Line-E,2026-01-01 22:05:00,62.70018067835732,49.81162062486699,3.069301441404304,14.419844440476249,104.96336076738098,46.08522467840735,0,none
Line-E,2026-01-01 22:10:00,59.52164257570076,46.2202103939893,2.6803553094557566,13.386164297186976,105.47465317055295,47.37197688511745,0,none
Line-E,2026-01-01 22:15:00,62.34888610499021,46.17057319068393,2.163140209354391,14.744383499141287,92.23235891764357,47.5935586363556,0,none
Line-E,2026-01-01 22:20:00,64.37604017875032,46.52234848020076,2.751730289333814,14.36727337472374,105.7551414870036,44.45821347244142,0,none
Line-E,2026-01-01 22:25:00,62.873333281537946,45.45567715754044,2.5535951876492238,14.234298121068107,106.1389297268658,41.87775245184776,0,none
Line-E,2026-01-01 22:30:00,62.98253735316398,48.33865862359222,2.901304796067232,13.56607015967325,99.26731429030929,49.13728279082803,0,none
Line-E,2026-01-01 22:35:00,59.44309609121042,48.947304305275146,2.5441574740016573,14.115213060520198,105.0222677841279,46.738765843279474,0,none
Line-E,2026-01-01 22:40:00,61.47108096190493,44.46197727640361,2.64017970342286,15.27859377261811,100.40981576549034,47.74059838350348,0,none
Line-E,2026-01-01 22:45:00,60.00540715684049,48.06856630889449,2.464396808563438,13.584779544835683,104.577515756578,50.354681016981175,0,none
Line-E,2026-01-01 22:50:00,63.02696192328335,47.38069509102088,2.4458629234932032,14.20071447986633,103.14168833742625,44.00189631439237,0,none
Line-E,2026-01-01 22:55:00,62.49716832953656,45.55999202456811,2.5268858425439404,14.431128457431784,105.89804490254768,48.98494576060163,0,none
Line-E,2026-01-01 23:00:00,63.26246970345399,46.19478475891579,2.673153525372749,12.87862212298896,101.90080147798696,52.44599389703106,0,none
Line-E,2026-01-01 23:05:00,62.62586985845993,48.89885258341176,2.6167804621405293,14.242327172031631,102.47180752545869,50.72785872250836,0,none
Line-E,2026-01-01 23:10:00,60.972934431458384,45.49024097689055,2.6725039136718123,14.953879020048053,104.87637812026526,45.99725293574373,0,none
Line-E,2026-01-01 23:15:00,61.99628745244706,46.43367561503104,1.9145691162118537,13.04011843133513,109.1718555525297,50.52943442926158,0,none
Line-E,2026-01-01 23:20:00,61.24061188442368,48.08599103340996,2.438888562768816,14.615870621041012,98.97638736895286,50.50780753650736,0,none
Line-E,2026-01-01 23:25:00,66.10356646268058,44.328184238580825,2.330914420514349,14.491055581325588,100.81003529168568,47.95113226802889,0,none
Line-E,2026-01-01 23:30:00,64.68751684235664,44.37381398566114,2.0705433691232584,14.072424245643672,100.86521806046083,49.86898510680529,0,none
Line-E,2026-01-01 23:35:00,63.27200784387144,45.38917106170933,2.5126054404891165,13.953193443390564,102.14771803635018,48.14047084633216,0,none
Line-E,2026-01-01 23:40:00,61.46741542307208,47.03696107056991,2.651989808459039,14.611475068649192,103.536733348643,39.62408942282315,0,none
Line-E,2026-01-01 23:45:00,63.41890013389894,47.830052555004826,2.5038418148903503,15.268098298822132,96.48667463717696,43.855971680934594,0,none
Line-E,2026-01-01 23:50:00,65.1187854452174,48.17434821098802,2.586008300494296,15.635763477557994,101.55499307011476,49.20021035453878,0,none
Line-E,2026-01-01 23:55:00,66.74653453382336,45.89919144635632,2.4936198449533213,14.189403222959973,107.31787713592968,55.95784042230536,0,none
Line-E,2026-01-02 00:00:00,63.712627531787625,45.8631160389104,2.388653312694904,15.391373193558854,107.32224779584864,46.62083555021974,0,none
Line-E,2026-01-02 00:05:00,62.380010064576,45.82451522982207,2.9402674211548336,14.638519078083055,109.46732419747596,52.70237687141056,0,none
Line-E,2026-01-02 00:10:00,65.27469599076855,49.92576428173489,2.004283970492476,13.733370488244825,108.7236022809286,51.96961259751808,0,none
Line-E,2026-01-02 00:15:00,66.42508960012773,46.82574917002242,3.0065392630614216,14.868237377305162,103.970553992503,48.94745170420189,0,none
Line-E,2026-01-02 00:20:00,65.1132237801913,44.15703323457894,2.346812986182373,15.15987173738982,106.7166684988781,52.41793081618344,0,none
Line-E,2026-01-02 00:25:00,63.02721469953332,47.113546895004525,2.3728467541143,14.887220381921136,99.1089469128486,52.876005558613976,0,none
Line-E,2026-01-02 00:30:00,65.67041061277409,48.37985161021297,2.541141284329921,13.459994855198872,100.2238594621922,54.47039069991943,0,none
Line-E,2026-01-02 00:35:00,64.02444964510423,45.01088153031286,2.4616377489756216,16.44799352604898,103.93569899729484,58.35707062692053,0,none
Line-E,2026-01-02 00:40:00,62.23665171868446,46.2588551461166,2.186198997068444,14.289697067352234,94.11270728070257,45.733383443972485,0,none
Line-E,2026-01-02 00:45:00,66.74342124400766,48.17045331508538,2.4160040581702744,13.815839225416632,100.120217473822,51.93871733272856,0,none
Line-E,2026-01-02 00:50:00,63.64482964596419,47.87323851036623,2.7006275668502884,13.77844240885904,101.09155631259917,48.22599461788018,0,none
Line-E,2026-01-02 00:55:00,65.60094646101254,48.01691077474721,2.600560189692369,13.19555803250212,102.19227201532344,50.999445217754,0,none
Line-E,2026-01-02 01:00:00,63.5013081660973,47.48593741119095,2.7836923369827167,14.308114346623231,94.97402238190814,49.42177082561681,0,none
Line-E,2026-01-02 01:05:00,63.988151086545926,45.408828608782926,2.2807894878204977,13.69109050607018,106.2265980323333,46.91775479005096,0,none
Line-E,2026-01-02 01:10:00,65.35298512798306,45.542773125199226,2.6616630445624763,14.792692770340182,103.89255928831832,51.75423859687314,0,none
Line-E,2026-01-02 01:15:00,66.93726116325865,44.6912624945076,2.555831783514303,14.651704650118088,103.75231878948614,47.155524407013104,0,none
Line-E,2026-01-02 01:20:00,65.896362216705,45.986662663426586,1.6295015896561238,14.946069947225975,112.7652865448888,49.59013677611054,0,none
Line-E,2026-01-02 01:25:00,65.81237960981025,47.81813582807793,2.6798150971529786,14.051016829528036,102.86849308474297,49.203237330076334,0,none
Line-E,2026-01-02 01:30:00,66.7555285013383,45.21990172507003,2.888988257589076,14.669335906962203,98.0679219566478,50.633514659123136,0,none
Line-E,2026-01-02 01:35:00,63.985027920328506,46.60489848013091,2.818555598730592,15.480211160107448,106.33828348925026,54.27954181194664,0,none
Line-E,2026-01-02 01:40:00,66.37235922808021,45.10747733907503,2.911417946569244,14.431051846543124,108.01058163493228,48.87167536868896,0,none
Line-E,2026-01-02 01:45:00,65.37959531942495,50.852068627526215,2.7294431849246954,15.868180846504975,102.83352112647114,52.01730595600233,0,none
Line-E,2026-01-02 01:50:00,68.17934673546121,46.283423263864,2.7370798629023474,13.877850558477936,95.79529144455756,55.21715020481268,0,none
Line-E,2026-01-02 01:55:00,64.10821491791563,47.75247915151296,2.9525295644984983,15.770520259455049,107.23689921539606,43.50963167973867,0,none
Line-E,2026-01-02 02:00:00,63.70346924060885,43.288416150940094,2.172460562356102,16.409023171560086,98.7567099989328,52.03336139814248,0,none
Line-E,2026-01-02 02:05:00,67.98509406125771,47.33110219502151,2.626513344394854,13.942631075940447,100.31599057354956,45.25249471661715,0,none
Line-E,2026-01-02 02:10:00,65.54049067532716,45.74738413822232,3.131219251637208,14.38723071479699,106.13049979235832,47.98819343047958,0,none
Line-E,2026-01-02 02:15:00,66.85353377655898,45.91544546863044,2.712277116007891,14.938879988161332,104.0534012326063,52.73944916875416,0,none
Line-E,2026-01-02 02:20:00,65.62414384184996,46.6692138063748,2.5920410174726065,14.653612026828815,98.69224955032224,47.59381374790396,0,none
Line-E,2026-01-02 02:25:00,65.63843009530596,46.77503679539975,2.60793562844028,14.42404373927964,99.64962672153924,46.82297563863594,0,none
Line-E,2026-01-02 02:30:00,66.81254178245133,47.78085102566648,3.0282294636941622,14.74027196512198,108.81791757283509,54.42092402412977,0,none
Line-E,2026-01-02 02:35:00,69.07435379005419,47.69857668011364,2.561951782638788,14.921755561776752,104.37131499298472,45.98862841404674,0,none
Line-E,2026-01-02 02:40:00,70.1709893651832,44.94993858534101,2.920094075345523,13.969658959791856,103.25829608070498,54.02760589255504,0,none
Line-E,2026-01-02 02:45:00,65.39812306862434,47.83839757340413,2.333390101737248,14.149075896395727,107.6452567689468,44.56539600865613,0,none
Line-E,2026-01-02 02:50:00,67.78094019275636,48.17453243919318,2.9056112217296866,15.199663560726364,105.86913079692005,51.77509238024376,0,none
Line-E,2026-01-02 02:55:00,68.77057051513844,47.53128306055208,2.2430890852671426,14.935236144244758,104.6584379472807,53.70136454452656,0,none
Line-E,2026-01-02 03:00:00,67.34513901922726,46.605313894323146,2.272835091980927,14.312804706759758,98.30028519629208,51.74590956098753,0,none
Line-E,2026-01-02 03:05:00,68.94384820879105,48.4980334416566,2.702795494943281,14.12185016048786,108.47879948302068,49.97595468736018,0,none
Line-E,2026-01-02 03:10:00,66.59933896522324,48.683502320273206,2.490056870554884,14.258997421222418,100.5054783216371,52.75004622611704,0,none
Line-E,2026-01-02 03:15:00,67.02886463914372,48.50694227686965,2.6261508132558,14.181004502091604,100.92345295169524,56.276468873004,0,none
Line-E,2026-01-02 03:20:00,67.71480545952925,46.52926966613143,2.739818305910415,14.554989892447296,109.06955402341292,54.14734144705778,0,none
Line-E,2026-01-02 03:25:00,68.0989826430047,44.77557640318441,2.5060312837955068,14.872378791117365,99.14114720806548,55.86392629040039,0,none
Line-E,2026-01-02 03:30:00,66.75082316874193,50.17099375428981,2.4992088655552105,14.664065910846553,106.13449155178311,60.441716940128686,0,none
Line-E,2026-01-02 03:35:00,66.53993727811581,46.24298095898144,2.296373066373091,15.183648588824935,103.19494904187194,48.13954862289304,0,none
Line-E,2026-01-02 03:40:00,68.04920415142841,48.09500381593948,2.0507922458560364,14.25126702433824,106.89540842677988,55.94080288484074,0,none
Line-E,2026-01-02 03:45:00,69.28624004804092,48.76131010071058,2.209034869158337,15.591471121772704,104.80582276350698,51.387461949495446,0,none
Line-E,2026-01-02 03:50:00,70.39664665147352,48.99177116403269,2.079971669138642,14.448644468450969,108.71696189201974,49.18178290770464,0,none
Line-E,2026-01-02 03:55:00,71.09265511770771,51.629993104881336,2.190649311807142,14.897007273805352,100.36253989604889,54.21695794102651,0,none
Line-E,2026-01-02 04:00:00,67.73504459730485,48.26678823503255,2.588427777014843,14.868201045738523,109.76442100263264,50.64770346256667,0,none
Line-E,2026-01-02 04:05:00,65.83378042246338,48.49310849097126,2.3803851612510623,14.417842335579888,108.41813161876064,54.46995405092591,0,none
Line-E,2026-01-02 04:10:00,70.80504701029169,51.22110028364756,2.199908331990234,13.009689723694096,99.82140855400549,50.911809450686526,0,none
Line-E,2026-01-02 04:15:00,71.2352498992965,49.590875578006525,2.932748203094863,13.009689723694096,109.92126626866713,49.59984268614293,1,flatline
Line-E,2026-01-02 04:20:00,67.5572632321224,46.1298939729585,2.5064626035039046,13.009689723694096,102.69429968626812,57.89652975441221,1,flatline
Line-E,2026-01-02 04:25:00,67.78176849485237,47.88190786552324,2.632410745915728,13.009689723694096,105.2832254724421,50.35270008720835,1,flatline
Line-E,2026-01-02 04:30:00,69.67982959063144,45.2825858969713,2.9846748964561027,13.009689723694096,107.2662877827314,50.80413092677534,1,flatline
Line-E,2026-01-02 04:35:00,68.85419860245482,48.78125616390359,2.930985131015522,13.009689723694096,105.23462889807556,55.58553278846107,1,flatline
Line-E,2026-01-02 04:40:00,68.64134344177869,45.12261132024842,2.4286850369165927,13.009689723694096,99.00367341062876,51.974847968374895,1,flatline
Line-E,2026-01-02 04:45:00,67.29135093779166,47.15165732824882,2.908018805837917,13.009689723694096,103.49828149932148,52.982689887560994,1,flatline
Line-E,2026-01-02 04:50:00,69.65849540003695,45.77829545114616,2.452692877441128,13.009689723694096,99.46910577896088,51.83204149968281,1,flatline
Line-E,2026-01-02 04:55:00,67.23764984006475,46.55946689349868,2.3992492414319195,13.009689723694096,101.21793879590716,53.52011114037352,1,flatline
Line-E,2026-01-02 05:00:00,67.15153184099826,49.0673347200045,2.408860079397124,13.009689723694096,104.95917279690318,44.69429085991666,1,flatline
Line-E,2026-01-02 05:05:00,67.6333087772961,49.4484578638981,2.787891095979081,13.009689723694096,99.97407567495216,53.55851238885968,1,flatline
Line-E,2026-01-02 05:10:00,66.9285723733584,47.460642706587365,1.7700698604737377,13.009689723694096,107.22260931268802,52.114115672518,1,flatline
Line-E,2026-01-02 05:15:00,65.97895943219605,43.436462839898056,2.649266460627068,13.009689723694096,99.88242241486752,55.23102273395266,1,flatline
Line-E,2026-01-02 05:20:00,65.63045943352525,48.07034580720201,2.484088943387078,13.009689723694096,103.20676408805004,49.27506550346909,1,flatline
Line-E,2026-01-02 05:25:00,69.10784952729583,43.34727973535119,2.141535424580404,13.009689723694096,102.61188526364298,57.56142931373942,1,flatline
Line-E,2026-01-02 05:30:00,65.17015715762538,48.66656442961455,2.4016399994853987,13.009689723694096,104.65425434331124,55.49064570701423,1,flatline
Line-E,2026-01-02 05:35:00,68.01351169136557,47.26371682798153,2.387706060946029,13.009689723694096,108.80000945821308,53.8961723865963,1,flatline
Line-E,2026-01-02 05:40:00,68.42026523406481,47.23246035605655,2.079422802116024,13.009689723694096,102.58623241684134,52.4158316446492,1,flatline
Line-E,2026-01-02 05:45:00,69.28587482452713,44.27487524156242,2.3780229351169684,13.009689723694096,97.43183637085868,53.32613508760674,1,flatline
Line-E,2026-01-02 05:50:00,68.57590384742751,45.82509841375476,2.096755997954242,13.009689723694096,108.0917073549012,52.50672788778154,1,flatline
Line-E,2026-01-02 05:55:00,68.5055127010138,47.85324694691816,2.616773554610872,13.009689723694096,103.4932121119341,49.89052978894299,1,flatline
Line-E,2026-01-02 06:00:00,70.38845606803571,50.059298612240845,3.02728345608443,13.009689723694096,105.6647563232075,52.96525911919627,1,flatline
Line-E,2026-01-02 06:05:00,69.03842556155506,47.05803112510361,2.637897681631186,13.009689723694096,107.07003066170392,55.28949858688488,1,flatline
Line-E,2026-01-02 06:10:00,68.25759781767573,45.993808651624654,2.874550659656869,13.009689723694096,93.3715260377157,56.05905343771124,1,flatline
Line-E,2026-01-02 06:15:00,68.88873076145602,46.46470732662,2.3618627072180858,13.009689723694096,108.7106151212642,55.3809037195192,1,flatline
Line-E,2026-01-02 06:20:00,66.25213063766752,49.73736767185838,2.1245352656679115,13.009689723694096,104.71500793703196,56.49268983952181,1,flatline
Line-E,2026-01-02 06:25:00,70.37735147488682,45.1901549560883,3.026048691488337,13.009689723694096,99.99252607211145,51.94479556205084,1,flatline
Line-E,2026-01-02 06:30:00,68.29461621720336,51.00867571176735,2.542076483229473,13.009689723694096,104.853903935778,55.82331021915952,1,flatline
Line-E,2026-01-02 06:35:00,70.69365354177488,51.57880121988473,2.687288060702517,13.009689723694096,104.7015451746188,57.97331292145613,1,flatline
Line-E,2026-01-02 06:40:00,67.56287155513603,46.97686900118621,2.7867152418197065,14.78420824668886,105.71629624114176,59.71482017979028,0,none
Line-E,2026-01-02 06:45:00,69.29566087933414,47.04563686535867,2.4453900157032065,14.551664568999676,95.66043545148544,48.747658493406256,0,none
Line-E,2026-01-02 06:50:00,68.8730893999478,48.124957245839965,3.009725907025829,14.255029829507816,95.66401565650902,48.25934467581836,0,none
Line-E,2026-01-02 06:55:00,68.87043403289657,47.19178476672541,2.661419963513628,13.731010706263366,106.1445554546031,54.1328916864883,0,none
Line-E,2026-01-02 07:00:00,69.60869598372204,47.67451586281679,2.4176082707654745,14.907975134855254,102.78428508670164,57.47890872805025,0,none
Line-E,2026-01-02 07:05:00,69.63428607083932,44.69003838917642,2.338076002215566,15.068981883349776,107.57331811848589,52.16964605311104,0,none
Line-E,2026-01-02 07:10:00,69.01358563907907,47.92834326877879,2.6810524809768617,13.669982842393663,105.67774906894978,47.6715259962664,0,none
Line-E,2026-01-02 07:15:00,70.28124269566037,48.32652846847641,2.850848883342875,15.432808494106604,101.91305468726868,53.09529610798085,0,none
Line-E,2026-01-02 07:20:00,71.6064792645179,47.54673923028607,2.096437439887953,14.80291223228985,107.94169352910066,54.44433167602734,0,none
Line-E,2026-01-02 07:25:00,66.12750436003327,47.86483380685825,2.513048179865637,13.585531017709792,105.9464856177258,56.07216544387271,0,none
Line-E,2026-01-02 07:30:00,69.59239267542489,47.39242142089231,2.158203106704414,14.903842418714335,101.38951925827487,54.02917204851608,0,none
Line-E,2026-01-02 07:35:00,66.25125071662225,47.783517763970856,2.620097095763268,16.171833470684835,101.7930497482914,53.201275265932345,0,none
Line-E,2026-01-02 07:40:00,69.36073833229577,46.1217423720925,2.528876548925645,15.9254533950985,102.71405361091558,51.48394461167352,0,none
Line-E,2026-01-02 07:45:00,69.92568041167938,43.42538578709228,2.3761583673518825,14.520762611713051,100.27769921517496,47.96380877751718,0,none
Line-E,2026-01-02 07:50:00,71.84996981396688,46.51946457129036,2.510505714308526,14.887729327059516,108.38911031629736,51.76002556168354,0,none
Line-E,2026-01-02 07:55:00,70.89608240076147,46.89290051600021,1.869852024735616,13.071587977390346,107.22087152470584,50.66348078708686,0,none
Line-E,2026-01-02 08:00:00,65.56128725157846,47.049590907647136,2.56755829273688,15.178694900438638,102.21951385737208,52.19074869237576,0,none
Line-E,2026-01-02 08:05:00,65.9470385878534,45.22071709108438,2.8737822299369493,13.937437610363403,96.09932071120096,49.677416392400005,0,none
Line-E,2026-01-02 08:10:00,68.33877659095,43.83159813138676,2.9181432594899555,13.713771040254011,98.87053824306268,56.22175796968627,0,none
Line-E,2026-01-02 08:15:00,70.94591470825424,48.27484196567248,2.4652110974999606,14.25860075044064,108.23174722318048,52.72558628157312,0,none
Line-E,2026-01-02 08:20:00,67.9236078959001,48.23584391484485,2.510515162482159,13.874949080090763,108.3899553125786,55.950171510496006,0,none
Line-E,2026-01-02 08:25:00,67.34547509255462,45.06947037355249,2.6835193746974726,14.935095645937832,99.94130202600904,54.061343679217615,0,none
Line-E,2026-01-02 08:30:00,66.36126467720355,52.04148805285481,2.7081544908342243,13.937609366322658,104.41966859693866,58.19060398267409,0,none
Line-E,2026-01-02 08:35:00,66.34214867459728,50.077338715046935,2.563744139182964,14.203847327694474,103.12052797742652,51.59848187488996,0,none
Line-E,2026-01-02 08:40:00,66.81000589500415,47.524232061090245,2.228917882000736,14.577876264321551,97.17593640085724,54.84559036283897,0,none
Line-E,2026-01-02 08:45:00,66.29193001413525,45.54050593275391,1.8719546332737071,15.403360883515898,100.6592846148696,50.5117107886058,0,none
Line-E,2026-01-02 08:50:00,69.58883208225399,50.994586135216096,2.544022506983962,14.3918601955428,99.53461183408656,56.02888387910748,0,none
Line-E,2026-01-02 08:55:00,66.68582954903903,51.302058357347406,2.714374277514537,14.40974098192103,104.34302984249469,54.26784314885885,0,none
Line-E,2026-01-02 09:00:00,67.53965032368104,49.04821340467413,2.6466400586497496,14.843147891143056,105.6191763485822,51.72385856958169,0,none
Line-E,2026-01-02 09:05:00,64.04343411010436,46.91279503315032,1.766892338274806,13.54610918382361,101.60779091544502,48.20301745492149,0,none
Line-E,2026-01-02 09:10:00,65.68616907583561,48.290076673326766,2.704409319258279,13.437346488461944,111.42143494391924,53.99384639760438,0,none
Line-E,2026-01-02 09:15:00,67.1324239020207,46.881587544690255,2.002507875158329,15.699303588479042,93.54465107467432,51.65076592155139,0,none
Line-E,2026-01-02 09:20:00,63.7461789923892,47.6137467317824,2.0998207063910206,13.776000535613797,105.79303532575165,55.38490168612219,0,none
Line-E,2026-01-02 09:25:00,66.93027214825597,42.197224172795366,2.7864916880183217,15.555244543237713,101.78310130588426,48.36888213861311,0,none
Line-E,2026-01-02 09:30:00,65.45327733592225,44.169056138993895,2.732029343016851,14.881399904688324,102.21099547764818,58.26733705867999,0,none
Line-E,2026-01-02 09:35:00,68.38638194301447,46.86538702178595,2.6991710728307594,15.178678039261824,103.63929916958968,53.916387453509614,0,none
Line-E,2026-01-02 09:40:00,65.7803496519049,44.70869654040815,2.311192813842899,15.057886451008484,102.5304341870993,51.86593224538377,0,none
Line-E,2026-01-02 09:45:00,65.0238863858684,48.23063388229787,2.507797257038894,15.367794960802122,102.14660433501427,52.30424673902865,0,none
Line-E,2026-01-02 09:50:00,65.26335487739107,45.62103009340406,2.2089161067776995,13.753497502013063,105.95749470202504,52.79665304440068,0,none
Line-E,2026-01-02 09:55:00,66.69730457715725,48.75336582292236,2.313987278375888,15.718329762573056,107.2612283226056,49.6448524857848,0,none
Line-E,2026-01-02 10:00:00,66.75054450865628,43.18849456472879,2.5339850695212225,15.064497115846883,107.17544414073954,48.21933918315327,0,none
Line-E,2026-01-02 10:05:00,64.78135884517336,49.675739601714106,3.059270994691195,14.293710374139058,107.5712549904084,49.16445722971138,0,none
Line-E,2026-01-02 10:10:00,66.74982548579248,50.69219389385121,2.706824720021004,14.294964269150103,105.08929050158424,53.50580343339996,0,none
Line-E,2026-01-02 10:15:00,64.66726896666088,49.1314474792995,1.6930816616646176,13.30255880068349,103.6769250276109,53.430272067651885,0,none
Line-E,2026-01-02 10:20:00,65.94986711083841,45.865755485080975,2.946577309270889,14.41744709632282,101.67572324793046,46.4658717283877,0,none
Line-E,2026-01-02 10:25:00,65.84009611809573,47.289712209743065,2.054574425820519,13.0107163422602,102.20867583495082,53.0829423866297,0,none
Line-E,2026-01-02 10:30:00,64.00543914836875,42.66865316218768,1.940781969628908,12.76864519436118,101.69386682472847,46.63534123693176,0,none
Line-E,2026-01-02 10:35:00,65.0540788818439,47.57258966504863,2.460302224296497,14.368036457559445,102.7024712433092,52.71763909423191,0,none
Line-E,2026-01-02 10:40:00,67.41714549895909,47.2888175704788,2.18505299180897,13.743557229028788,105.61745935418058,46.10716484850819,0,none
Line-E,2026-01-02 10:45:00,65.00606687924507,47.97741975196808,2.5328340633566846,11.675108784439232,102.7144948898747,50.37086429956555,0,none
Line-E,2026-01-02 10:50:00,66.14996318065415,45.71127224390663,2.2962605177704365,14.915286243258638,107.4830352797116,51.24412089608087,0,none
Line-E,2026-01-02 10:55:00,64.24939787108922,48.60069515502211,2.965974619804034,13.83783098750767,104.88139458878906,52.15597311600792,0,none
Line-E,2026-01-02 11:00:00,63.4379287094194,47.764109336500745,2.3578804187745512,14.334504507941444,112.76850108302791,47.87489779314254,0,none
Line-E,2026-01-02 11:05:00,65.35211491201657,46.84801145035398,2.426067536014661,14.867289427660234,105.55325265388812,43.48063771210633,0,none
Line-E,2026-01-02 11:10:00,64.69436028879915,47.8641160493092,2.1971240341582914,13.67679581610246,105.92369189434088,50.38965429291764,0,none
Line-E,2026-01-02 11:15:00,63.349391449455766,48.79052051823042,2.6597027818324137,14.407710044810171,106.76736917103104,50.13624068966731,0,none
Line-E,2026-01-02 11:20:00,66.58376928646206,48.09438296690331,2.4491086306524,14.895258071108811,102.16346111948172,51.660089134862936,0,none
Line-E,2026-01-02 11:25:00,63.82628341072316,43.35511407146458,2.957849946575964,15.715802985668054,98.88723469085306,51.072508068702085,0,none
Line-E,2026-01-02 11:30:00,65.76227170028626,43.72768868693345,2.4808743951242302,13.181566263183663,100.3344568413666,51.4609203013535,0,none
Line-E,2026-01-02 11:35:00,64.96753843157607,49.40452656522967,2.603273100583546,14.333478440371277,100.49578368467948,50.27067523657636,0,none
Line-E,2026-01-02 11:40:00,65.57990551580534,48.12064305649029,2.127447783958213,14.353338163507194,108.99826475397464,50.50993879736537,0,none
Line-E,2026-01-02 11:45:00,65.15716231946291,46.25869174336022,2.233228444943478,14.692011733573333,101.51355336320412,53.741809908656585,0,none
Line-E,2026-01-02 11:50:00,67.27280119805718,45.30782690797411,2.178108168932745,13.85788200630562,105.31922492653084,46.00181038741234,0,none
Line-E,2026-01-02 11:55:00,61.60972307991269,49.19835566436444,2.2319231268885606,15.216089477643909,106.02597821307396,48.964900999300845,0,none
Line-E,2026-01-02 12:00:00,62.32763208662592,42.520492048645394,2.0447750264484705,14.67476762074524,104.04798687892202,50.545599728291776,0,none
Line-E,2026-01-02 12:05:00,61.68484031083206,48.54493522339689,2.6261819378223903,13.610920827366868,104.44277266834727,52.47211979726444,0,none
Line-E,2026-01-02 12:10:00,63.70498731065639,45.17293238078517,2.5914030301740176,14.100889316002874,106.82892474552956,51.18608845410794,0,none
Line-E,2026-01-02 12:15:00,65.97186189395927,48.52663876675406,2.3666513991913054,14.17515298325038,111.07591329596018,46.66346949303289,0,none
Line-E,2026-01-02 12:20:00,62.585176967494064,47.7843015251766,2.465519636402919,15.564353450709728,107.10365092698092,48.79508231014341,0,none
Line-E,2026-01-02 12:25:00,64.24910068343888,50.30421091896973,2.2993644926408465,13.316975336567204,103.3364378957408,47.03071198808876,0,none
Line-E,2026-01-02 12:30:00,63.8541833554622,46.05996157157334,2.41858375137965,14.905449703044608,105.18484917867116,47.28529317113208,0,none
Line-E,2026-01-02 12:35:00,62.07388616931993,44.62698117333339,2.708600903820626,14.714396537394885,105.8845869230161,51.92176302154889,0,none
Line-E,2026-01-02 12:40:00,63.62058285272069,44.47462522206483,3.2091549073764805,15.418656140007808,102.98222132235624,51.686005698708485,0,none
Line-E,2026-01-02 12:45:00,61.853992849781584,48.27362011296252,2.8653781568445,15.002434870302183,102.14418336188284,50.2446535060743,0,none
Line-E,2026-01-02 12:50:00,64.20089795053723,47.94609429348299,2.4759158527801035,15.272828118642474,109.79668538183088,52.87305524440709,0,none
Line-E,2026-01-02 12:55:00,62.9473604481087,50.39452901780769,2.8934873109959947,16.273931892343004,103.8370019889896,52.89606550594018,0,none
Line-E,2026-01-02 13:00:00,63.18538452450105,45.56008889347205,1.9818067793209653,12.989510219203424,106.95539847152416,44.57775001065608,0,none
Line-E,2026-01-02 13:05:00,61.35153757369688,46.09673355275195,2.248421084584036,13.813634213381276,102.73313709563402,43.530789701667445,0,none
Line-E,2026-01-02 13:10:00,60.72898403497282,49.5339746267715,2.8289126986574264,15.102800098961328,102.55881977641116,51.501538652791055,0,none
Line-E,2026-01-02 13:15:00,60.947899718234616,46.934838573309776,2.350294063732277,13.554411611156642,100.40493780302285,45.92272378459376,0,none
Line-E,2026-01-02 13:20:00,60.08799041450288,52.42756969533956,2.4513848898371005,13.72379769327779,100.9329360578125,43.30082871238994,0,none
Line-E,2026-01-02 13:25:00,63.12128792802532,47.04261062231743,2.9900478127918086,14.084224070153116,100.96860147154082,38.45981272031632,0,none
Line-E,2026-01-02 13:30:00,62.01315783327508,45.853505109348944,2.6491920338790647,13.819785799274364,107.50201521467046,45.62564254995565,0,none
Line-E,2026-01-02 13:35:00,63.27124587085094,47.35400467033239,2.213858902133523,14.778922874087138,103.53755969040908,49.60643062226842,0,none
Line-E,2026-01-02 13:40:00,60.84305522093072,50.43022086822232,2.3159974769810026,14.879184544024668,106.78749184893964,42.86117565857245,1,drift
Line-E,2026-01-02 13:45:00,63.722135446184765,45.84838018679376,2.76512583534596,13.264958958131066,97.26309032719308,44.7717175186374,1,drift
Line-E,2026-01-02 13:50:00,61.469953058438506,43.386619749893065,2.4289674620355286,14.64054938141775,106.2032311490826,51.825050164145054,1,drift
Line-E,2026-01-02 13:55:00,61.01377046159552,49.97723584398099,2.163954976659324,14.152642512662435,107.37565749254756,44.14201815049178,1,drift
Line-E,2026-01-02 14:00:00,61.84650428785473,47.94260085762111,2.2188745882546668,15.65136797451005,95.57627425415777,49.68996989521787,1,drift
Line-E,2026-01-02 14:05:00,60.625713756231335,49.65866173885789,2.756638811987965,15.198310625658005,100.67979008466428,47.36711098967539,1,drift
Line-E,2026-01-02 14:10:00,59.98049399271626,45.890596962334605,2.0812576086051027,14.648461466665616,109.5913429632755,43.7026463842363,1,drift
Line-E,2026-01-02 14:15:00,60.99063696934145,48.46583509516847,2.749897555120984,16.585771843849443,96.14635411964755,48.443593804354734,1,drift
Line-E,2026-01-02 14:20:00,58.21466979372189,44.54989350343596,2.781296037099869,15.559582338771715,103.60577884268103,42.59742625887904,1,drift
Line-E,2026-01-02 14:25:00,59.68028091653272,46.64505429890797,2.2849686499693336,16.906294787848914,102.29282425232,47.93317872714468,1,drift
Line-E,2026-01-02 14:30:00,60.84387657948101,50.30928980345767,2.270031823599981,16.757303551935095,110.3540470846321,44.79659785489256,1,drift
Line-E,2026-01-02 14:35:00,61.78370898143611,45.926972099453096,2.6204685888319768,16.952429168727605,98.2252117618648,52.89743122239675,1,drift
Line-E,2026-01-02 14:40:00,64.15234059039543,43.34564735014352,2.193747133040066,15.50280500421624,111.2594194300042,43.36885632298729,1,drift
Line-E,2026-01-02 14:45:00,58.92413693668977,49.33014783700453,2.819882703551297,16.053122701312443,96.66757360917444,45.639506528216174,1,drift
Line-E,2026-01-02 14:50:00,60.63783556915697,48.63270147291365,2.5259363060918183,17.07079531962409,107.8151806339503,47.22858765970542,1,drift
Line-E,2026-01-02 14:55:00,59.08804190457032,47.17627316859495,2.7973310181138875,19.208572658441625,106.62501322651951,45.57517726181541,1,drift
Line-E,2026-01-02 15:00:00,58.88256241013247,47.20127467146574,2.6375435299623,17.155539419918988,102.783521359585,47.629101984316826,1,drift
Line-E,2026-01-02 15:05:00,61.48297692004722,48.04907176824845,2.7318796349745336,17.992492776753938,106.25563980395648,48.32879080234078,1,drift
Line-E,2026-01-02 15:10:00,59.03206617330183,45.79108083704688,2.4929904536564598,17.875968787321636,105.6905758100731,44.93880547978221,1,drift
Line-E,2026-01-02 15:15:00,59.954157579212726,44.35773225150392,2.0454423828752257,18.448279400295657,108.2805906644276,46.35863724888516,1,drift
Line-E,2026-01-02 15:20:00,59.218959890001535,46.00200767552237,2.5516638215655467,18.56047730431896,106.79260910254736,49.155659774785406,1,drift
Line-E,2026-01-02 15:25:00,59.84893585265273,50.229147210882886,2.547338499194124,17.50084018878512,105.5578792381314,50.43453791378068,1,drift
Line-E,2026-01-02 15:30:00,64.08453325549006,46.15107549353849,2.521651191392208,18.56649194210808,110.21160021140442,38.0570986812816,1,drift
Line-E,2026-01-02 15:35:00,60.71425144037636,46.62042541875175,2.771436028623221,17.808183746975036,110.84328536253447,50.55672533433928,1,drift
Line-E,2026-01-02 15:40:00,58.61645375631776,49.39886160729113,2.6340859291862,19.737668328667684,103.88049886524124,46.52656643787073,1,drift
Line-E,2026-01-02 15:45:00,60.08252941481502,46.63095116855064,2.216940163168784,15.330924375200205,105.4596255898244,45.1782606069914,0,none
Line-E,2026-01-02 15:50:00,59.52870555635893,45.68950710281427,2.8191403939026927,15.817605548241556,103.28855441451245,42.863175079964144,0,none
Line-E,2026-01-02 15:55:00,57.366230495816055,49.57758063198018,2.4678020903569435,14.30702824226517,108.50991533304637,43.7501779509218,0,none
Line-E,2026-01-02 16:00:00,59.50390342415044,42.79266286797132,2.626216779908754,16.19787668786784,99.16048209723868,43.91044042946994,0,none
Line-E,2026-01-02 16:05:00,60.21021380782032,45.938244610351326,2.3457624067011027,15.01182374684981,106.81853351720017,45.718197824293455,0,none
Line-E,2026-01-02 16:10:00,61.15891630949698,44.85515515369731,2.8008041918433437,13.827804139106462,101.1151126990656,42.43204748665767,0,none
Line-E,2026-01-02 16:15:00,61.39390108840452,48.69717115824371,2.8869627823171444,15.503068336048036,103.3905974740724,45.70592742605569,0,none
Line-E,2026-01-02 16:20:00,60.103685377262806,48.77218678096888,1.9415255523162207,14.504975103409176,106.20132002481408,48.68267567465072,0,none
Line-E,2026-01-02 16:25:00,57.931682564574366,48.836487997136594,2.5887387382120584,15.083582593744632,99.23690473379273,46.95593372547823,0,none
Line-E,2026-01-02 16:30:00,59.37778043468108,50.52141289589835,2.849029076035912,15.13855362999349,104.38462815652694,44.06062258546259,0,none
Line-E,2026-01-02 16:35:00,59.22427974013812,47.58115724560167,2.349873574165513,14.452371338886003,103.41422609096588,43.87735499945957,0,none
Line-E,2026-01-02 16:40:00,60.01645091856345,44.66699345053988,1.8312623927384464,15.484611183935138,106.18398199871328,46.72274617037184,0,none
Line-E,2026-01-02 16:45:00,58.12953037361866,46.46825112923914,2.378954530452032,14.987588262798957,103.54713498540912,46.52936482753114,0,none
Line-E,2026-01-02 16:50:00,60.02239930107334,50.437259348628885,2.6109504433384427,14.573419674094453,100.5397515493968,45.383256703378414,0,none
Line-E,2026-01-02 16:55:00,57.44404342554601,47.06841010705538,2.0558279218079365,13.516666643809977,108.25901699434756,43.33217752843626,0,none
Line-E,2026-01-02 17:00:00,58.77719243646476,45.11248970681488,2.269163998623275,15.511912564148629,100.57276833031597,43.04514975737548,0,none
Line-E,2026-01-02 17:05:00,60.18302212770763,46.45784843701084,3.212414238698224,15.49341524007193,107.21041926815684,45.20200929125757,0,none
Line-E,2026-01-02 17:10:00,60.67838533015251,42.76423531072059,2.9742411053476587,15.621061358382958,117.38357277612717,48.491400902611474,0,none
Line-E,2026-01-02 17:15:00,60.110887140821255,48.034128546048784,2.492337100455528,14.77333602735034,107.41895617310236,46.07736566319056,0,none
Line-E,2026-01-02 17:20:00,57.70045370048447,46.988989323542285,2.5699383059988508,14.372953838094515,108.83336975110524,44.75492795632826,0,none
Line-E,2026-01-02 17:25:00,59.14771211935698,42.62418115302464,2.373223413403584,14.600854279063164,104.68691538027583,46.89754875744263,0,none
Line-E,2026-01-02 17:30:00,58.086440849981386,44.70208613319661,2.153425633761284,14.118798343418868,105.91953281669984,41.8310887313193,0,none
Line-E,2026-01-02 17:35:00,59.5978056517395,49.04640643558872,2.307313044121734,13.586369790765342,104.86876790782644,43.72431663368906,0,none
Line-E,2026-01-02 17:40:00,56.85953562688877,43.52307229510414,2.173293640948978,16.055570535610563,107.20109040030876,48.57136921733332,0,none
Line-E,2026-01-02 17:45:00,61.140712535064026,45.56688805867462,2.452271228360425,14.109657578002178,102.28692981837771,42.34950562353686,0,none
Line-E,2026-01-02 17:50:00,58.98803428683334,49.696843843162846,2.329429204042066,13.84454933147147,103.54090692173416,47.71899048591876,0,none
Line-E,2026-01-02 17:55:00,58.91993457848673,47.27420414968179,2.37881651828352,15.673675023949537,105.03992180071252,41.983421212832695,0,none
Line-E,2026-01-02 18:00:00,60.48043097577741,46.39874527775429,2.5089118760111586,12.38044748214368,108.43800200754151,45.39961674014253,0,none
Line-E,2026-01-02 18:05:00,59.54968011462817,43.4055515677636,2.0850515217847363,13.811804731744385,104.9384866848451,38.74768256419482,0,none
Line-E,2026-01-02 18:10:00,56.975734263269885,48.355825939778505,2.5810358972553056,14.71035741648419,105.63546223163426,44.06512747226979,0,none
Line-E,2026-01-02 18:15:00,57.6340515674686,46.58074368894079,1.793177435328792,14.333963184652635,107.02177780917768,49.26876641031861,0,none
Line-E,2026-01-02 18:20:00,61.40866979917294,47.23614244572562,2.0439099387134734,14.217607315934988,108.76617556438757,45.96491265427297,0,none
Line-E,2026-01-02 18:25:00,60.43002202107256,44.13575665406584,2.7046914453992965,14.78695801598336,106.09599944334202,45.70758662101412,0,none
Line-E,2026-01-02 18:30:00,57.96362551032807,46.71637026923501,2.123222310144756,14.973608871832257,104.02777690609412,40.08075713830752,0,none
Line-E,2026-01-02 18:35:00,60.75560417292699,47.19088469746499,2.742598374905825,15.087378183370175,103.3163162050184,42.56774966130735,0,none
Line-E,2026-01-02 18:40:00,57.78107335491522,42.971881919923504,2.39358480939851,15.231478036940134,110.37623116713256,52.326854896711374,0,none
Line-E,2026-01-02 18:45:00,59.41120556448456,47.68461062232803,3.214647458714893,14.82220845264507,108.66013026008814,45.67214882723021,0,none
Line-E,2026-01-02 18:50:00,58.77371184687831,47.50530221108965,2.3654817767398013,16.39879391012192,97.1979575705234,49.61614686015015,0,none
Line-E,2026-01-02 18:55:00,60.05195562877959,48.26009461244104,2.753023167239359,15.0882663970883,97.3355371510866,45.60713703370995,0,none
Line-E,2026-01-02 19:00:00,58.52486198220509,47.076430381527175,2.220430329531696,14.606638999688824,101.55768151603152,39.5119193943062,0,none
Line-E,2026-01-02 19:05:00,59.17408483900079,46.42518553152067,1.7371129860409082,14.773476119768008,106.79771838683364,47.42910871086058,0,none
Line-E,2026-01-02 19:10:00,58.77463258466939,44.71570444363407,1.7915989530369112,15.416128987050964,101.4685780224194,42.602284128414695,0,none
Line-E,2026-01-02 19:15:00,60.09956926022691,49.3121872262309,2.826669284669963,15.866805608453175,103.84100476116144,50.24876718385412,0,none
Line-E,2026-01-02 19:20:00,58.87017364069963,49.42520918806663,2.5039133442356305,15.151005975378794,100.56895183255054,45.0588662570961,0,none
Line-E,2026-01-02 19:25:00,60.71374460229104,50.73702459767691,2.605146781610237,13.777283344270762,111.3917382734547,50.984237729774485,0,none
Line-E,2026-01-02 19:30:00,57.77891323734377,48.22859269532759,2.8982597694707475,14.62702913433702,96.631537472394,43.03570698690553,0,none
Line-E,2026-01-02 19:35:00,59.9198147916979,45.548831889826566,2.6942654656639533,15.430683162774049,111.11598828387488,43.826996357450994,0,none
Line-E,2026-01-02 19:40:00,59.394660014367965,46.673625833445946,2.4020916216093484,14.66267349859688,103.7877214092302,48.58669568605298,0,none
Line-E,2026-01-02 19:45:00,58.60073591172786,47.09202310065439,2.073994989621772,15.43471209419036,106.22737647354342,43.73384309914806,0,none
Line-E,2026-01-02 19:50:00,59.23014624423785,45.27522890791104,2.025170610627236,13.79154962860039,103.39439570687134,47.76134105882255,0,none
Line-E,2026-01-02 19:55:00,58.024147281821705,47.9674768093174,2.6913632526623843,14.199879966189568,106.57821959238947,48.35713185050893,0,none
Line-E,2026-01-02 20:00:00,58.75850715538984,51.86693689866248,2.796483396524858,15.747752509998325,105.63739627667034,42.59783424394926,0,none
Line-E,2026-01-02 20:05:00,57.22412810641571,44.91604495844967,2.424227673301357,13.800297477781704,103.97297335041613,43.734683546509785,0,none
Line-E,2026-01-02 20:10:00,61.29546216883872,45.33956803094362,2.4345013704160308,16.222847900264455,103.94555578004068,45.59002574489206,0,none
Line-E,2026-01-02 20:15:00,59.430145947276,48.00212047395231,2.687350091023616,14.336638916805883,105.33918584806128,46.49118797764467,0,none
Line-E,2026-01-02 20:20:00,61.85826538177387,49.421224927650485,2.2885751511857757,15.23815997913244,105.067176624036,43.38145548871542,0,none
Line-E,2026-01-02 20:25:00,58.51334443609512,48.3897878883656,2.4074709343313194,13.948950167589034,108.17147789395074,47.52757075814116,0,none
Line-E,2026-01-02 20:30:00,61.07226496290296,43.014068211663,2.2520014680855853,13.633307011012148,105.05158556577456,45.6852239808324,0,none
Line-E,2026-01-02 20:35:00,61.0393834974442,48.17773803382604,2.566712930884528,16.087140781083715,106.65827360399086,43.11795074598465,0,none
Line-E,2026-01-02 20:40:00,61.587227612990496,45.951080705859546,2.095646033974974,12.911147638397823,103.7863459075141,46.20958283098253,0,none
Line-E,2026-01-02 20:45:00,61.25339898512829,48.89028815360557,2.283465500993925,15.359497858598507,108.55637824663717,45.26262986563746,0,none
Line-E,2026-01-02 20:50:00,61.02317018760074,46.440787812448185,2.7377359570000515,14.801174760179038,98.07351477815575,45.32352460316262,0,none
Line-E,2026-01-02 20:55:00,61.13351743847995,44.1423103011131,2.444175592886157,14.875431058434986,103.96123269410457,46.41720479701524,0,none
Line-E,2026-01-02 21:00:00,61.27684027052166,50.136335888973626,2.7584723382850407,13.83395802492023,102.16764927013512,48.0001617336772,0,none
Line-E,2026-01-02 21:05:00,59.65341907620476,49.33637792047652,2.831822061728446,15.916759238884657,108.82313161171734,49.929634618143766,0,none
Line-E,2026-01-02 21:10:00,59.556858499383445,47.3314623465182,3.141361903268131,13.26350694325676,104.8276062420391,46.23923673937448,0,none
Line-E,2026-01-02 21:15:00,59.72596956641775,46.52027672738864,2.657906131365829,15.533202275708414,110.99089918739408,48.85841764247086,0,none
Line-E,2026-01-02 21:20:00,61.72662107137488,47.607534328880206,2.986967313898621,14.575275840549704,98.509889085897,50.643090034613664,0,none
Line-E,2026-01-02 21:25:00,58.9693027310716,44.85790843246416,2.5206006005822013,13.76844621037862,107.07289370365278,49.38133922802099,0,none
Line-E,2026-01-02 21:30:00,59.521615341649145,44.902738915241805,2.433978348388325,14.31239180222612,101.31285972997748,45.28676742934468,0,none
Line-E,2026-01-02 21:35:00,61.69393127168652,47.44884102286895,2.8344626222155807,15.439864762412892,101.16587287272247,45.332497317256966,0,none
Line-E,2026-01-02 21:40:00,62.21475434123834,46.260939858291465,2.745439876604969,15.268183637241629,115.70206396434868,51.57343001503054,0,none
Line-E,2026-01-02 21:45:00,62.28544549732611,49.406637485774766,2.488179780319362,15.649409452602988,95.51686562462714,46.1824732628828,0,none
Line-E,2026-01-02 21:50:00,59.27238541830512,46.52517897527212,2.037346697706112,14.60250943772578,110.84099800110393,47.68405949530417,0,none
Line-E,2026-01-02 21:55:00,59.39318730570177,45.71115295111697,2.3962079358487154,14.779351994930064,103.56907158295554,42.412398894453474,0,none
Line-E,2026-01-02 22:00:00,59.17311496639925,45.97406541745683,2.6014088094286847,16.13181593619773,105.16102629946256,44.98941275386159,0,none
Line-E,2026-01-02 22:05:00,59.330850056049485,47.575086776334,2.440475048841126,14.416752571457303,108.50300024577828,51.12590509735138,0,none
Line-E,2026-01-02 22:10:00,58.63422581024915,44.481879722686415,2.2167370037331087,14.529901461968784,113.26380618824813,46.22241952495886,0,none
Line-E,2026-01-02 22:15:00,58.79873052828152,45.59959243821974,2.375626944210509,14.522483823682403,103.26278165937023,48.76857178390587,0,none
Line-E,2026-01-02 22:20:00,61.29410803858786,49.34471273800924,2.5812045815640268,15.050568628841337,104.26118999836632,52.43919349042099,0,none
Line-E,2026-01-02 22:25:00,60.57150902874884,44.05526297066177,2.4366063364816486,15.666047743662322,111.4590339980567,47.497647050328574,0,none
Line-E,2026-01-02 22:30:00,61.56737793307018,46.363006058526565,3.042128804652971,14.40473963012849,97.49408603989644,45.0474995732134,0,none
Line-E,2026-01-02 22:35:00,61.50173539064672,46.5874434407168,2.737083268309373,15.307794569370342,106.93192817255468,46.6611078144706,0,none
Line-E,2026-01-02 22:40:00,59.781318742743785,48.77739358276882,2.6627000274369093,15.036648038881037,109.25302068084343,47.57706574825653,0,none
Line-E,2026-01-02 22:45:00,63.3310342291862,47.70660354770625,2.4739972014064584,15.010992849536215,104.0756697585188,48.64574951372244,0,none
Line-E,2026-01-02 22:50:00,62.844350012719126,46.95439088021568,1.742123808530082,14.3641816483464,103.54430382845136,50.36824991318877,0,none
Line-E,2026-01-02 22:55:00,63.61825087477833,43.28727764958114,2.980637208803506,13.34082542150712,105.97104567175238,52.25468242580623,0,none
Line-E,2026-01-02 23:00:00,62.42403820210024,47.22732482081152,2.542777517777373,13.857719527679713,102.34023866605536,50.7557010217154,0,none
Line-E,2026-01-02 23:05:00,62.62844178052568,47.30365381970086,2.670957859375802,14.931179608647165,104.72274826274544,48.47590391473566,0,none
Line-E,2026-01-02 23:10:00,61.55291280685093,47.41366085704077,2.261670335493392,14.278096425739994,105.17107277172792,48.205416773413226,0,none
Line-E,2026-01-02 23:15:00,63.95443741754556,50.7437811018732,2.469671245379765,14.985408306675334,97.7085428442158,52.44425153182351,0,none
Line-E,2026-01-02 23:20:00,62.818609116968666,49.03071848455877,2.384065357903684,14.574225585185436,93.79256180040557,50.42342048299849,0,none
Line-E,2026-01-02 23:25:00,63.52159953445971,49.50419055571131,2.3189364367232086,12.75413241733026,102.93097406789828,48.50444100269056,0,none
Line-E,2026-01-02 23:30:00,63.28607004492107,48.385808722133625,2.7589604232635927,14.604452943181748,103.54179851687034,44.87466171952786,0,none
Line-E,2026-01-02 23:35:00,62.06939566276024,46.05471253816882,2.4275978623385166,16.26779225261542,106.23338330252392,47.01523714355097,0,none
Line-E,2026-01-02 23:40:00,63.661835366478535,44.15068119745018,2.565067564243208,15.323140631304849,110.04794964143598,55.28443318857587,0,none
Line-E,2026-01-02 23:45:00,62.59901063659254,44.2481928219121,2.0348589296107265,13.242202432803175,104.7783006763734,53.643930223466405,0,none
Line-E,2026-01-02 23:50:00,62.99475363788325,46.89098464555955,2.592389199047369,14.204365481288912,99.83349347599942,48.44157263236925,0,none
Line-E,2026-01-02 23:55:00,62.859622298357614,45.46948809481005,2.3822514767675878,15.693892876525672,101.98510348167594,54.0766579973739,0,none
Line-E,2026-01-03 00:00:00,64.72709409512306,47.89514849383766,2.8180786011789443,14.863423069833347,100.15425137432082,52.6915868886866,0,none
Line-E,2026-01-03 00:05:00,63.83294883147933,43.7157656790486,2.486301851179949,14.246047047911707,97.90259903774526,54.53987231276652,0,none
Line-E,2026-01-03 00:10:00,62.73296936990909,49.62671311666029,2.26643591725351,15.415276904840022,101.84773312391977,46.753454213590416,0,none
Line-E,2026-01-03 00:15:00,65.06169353019708,49.13962697812642,3.158126551896767,15.065116861582185,106.67834910154866,46.10011651816322,0,none
Line-E,2026-01-03 00:20:00,60.81866631363021,49.73940506609024,2.982028280517925,14.870740033876388,102.95025372339028,50.04297019084114,0,none
Line-E,2026-01-03 00:25:00,66.47649399689001,46.78906565106243,2.806520660835382,14.363395209935902,102.86910768266056,48.40303175745722,0,none
Line-E,2026-01-03 00:30:00,62.370505527319374,45.53016602247658,2.9403914829562154,14.545933462529115,97.31276104447278,53.672590874337416,0,none
Line-E,2026-01-03 00:35:00,64.80523459335363,44.7992794168896,3.1316832205823406,16.159668734996238,109.62578334708978,47.11735396845779,0,none
Line-E,2026-01-03 00:40:00,63.855800488597765,48.025091647677726,2.7508792535936006,14.600897220489536,100.17567863599376,50.38099573091001,0,none
Line-E,2026-01-03 00:45:00,65.44275096320038,46.690398824207215,2.205303684601362,14.353943384825264,100.4894671226546,52.8472461936743,0,none
Line-E,2026-01-03 00:50:00,65.09663824070978,50.55921212661856,2.371645789686569,14.001534571613622,100.86703935639709,46.95771111870078,0,none
Line-E,2026-01-03 00:55:00,64.35810267490172,50.90155202335406,2.7199248793774133,12.930126827976332,106.86710730377436,48.99324769456737,0,none
Line-E,2026-01-03 01:00:00,64.57645312695061,48.12743367267035,2.5218320274051718,13.643258521647716,104.35907328540544,50.790427151708144,0,none
Line-E,2026-01-03 01:05:00,66.87280926824887,45.58192599933929,2.60847559894561,14.27046263409136,107.6747255725524,55.16622418132852,0,none
Line-E,2026-01-03 01:10:00,64.20321780249976,45.83857548890949,2.8372802378124757,13.322202548065365,106.05623649134208,49.27761184045625,0,none
Line-E,2026-01-03 01:15:00,66.13581859494099,44.679270370977335,2.3362258969545016,14.351884122107233,99.74533538450828,53.09037521993428,0,none
Line-E,2026-01-03 01:20:00,66.22217052021274,47.029550295172086,2.279948024827772,13.852183230541124,97.68578632183171,55.29859024386965,0,none
Line-E,2026-01-03 01:25:00,66.06285769878637,45.25966907208498,2.5840281435688737,14.737565279346253,100.41840716174984,54.7477164041743,0,none
Line-E,2026-01-03 01:30:00,66.84722672735595,47.06953938226722,2.8739690288483257,14.116491477147376,96.51274381423268,48.5569397569942,0,none
Line-E,2026-01-03 01:35:00,66.87558639446516,48.397803108551145,2.563338062696462,14.52213734996976,99.27012530275536,53.47573735383206,0,none
Line-E,2026-01-03 01:40:00,65.50607871305907,45.21761128169471,2.300883755757993,14.376711370692972,103.2315499063066,53.30145436507291,0,none
Line-E,2026-01-03 01:45:00,65.52850603968335,40.8228290860283,2.4273262211414544,14.18697545923341,104.90710915151972,52.088774257277805,0,none
Line-E,2026-01-03 01:50:00,67.01953277466062,47.6157828989195,2.6695016105571967,14.816411718971844,96.59421316728044,51.92022727816685,0,none
Line-E,2026-01-03 01:55:00,67.68555327027674,45.14166100402762,2.494151952675487,15.325403242371026,97.29229110845732,55.013177579448765,0,none
Line-E,2026-01-03 02:00:00,66.84294639385438,45.57579105421322,2.181773635998593,14.097617793112589,100.5121503471678,54.01292032103997,0,none
Line-E,2026-01-03 02:05:00,63.31602032155104,43.6241667742667,2.444984533287873,14.652375020935168,95.8446760104374,48.16479815371386,0,none
Line-E,2026-01-03 02:10:00,65.97670367407711,48.38872475083796,2.007113051117997,14.616179717850686,100.0128350729512,51.947612491333786,0,none
Line-E,2026-01-03 02:15:00,65.36867556442658,50.431653649750416,2.23514129380926,14.642069006059568,101.62296688619728,51.536601187156975,0,none
Line-E,2026-01-03 02:20:00,69.15915003198684,44.6851945272779,2.237858899117571,12.984186274379097,107.83539579570572,46.423003430423,0,none
Line-E,2026-01-03 02:25:00,67.00934760080952,46.65160613404408,2.237723076993756,14.517196795655012,101.08759941354512,53.53989422709883,0,none
Line-E,2026-01-03 02:30:00,66.08552831153683,48.02374664904223,2.614574524591596,14.78957419548176,102.40197376867292,51.49114423613794,0,none
Line-E,2026-01-03 02:35:00,64.7906761378007,50.26928565792302,2.448663113048036,16.11777628724616,97.10734549073906,53.45593141528063,0,none
Line-E,2026-01-03 02:40:00,69.30435426748979,47.05937905695878,2.6853296634383206,14.995237431956818,101.08930844717074,50.43628520460308,0,none
Line-E,2026-01-03 02:45:00,67.90176766567551,45.08675150534,2.349623537780062,14.63062406193122,100.0380326872395,51.17906278992193,0,none
Line-E,2026-01-03 02:50:00,67.82887245072932,48.23980237088765,1.9981941846078604,14.753906284954398,106.50429626886287,56.39737797435708,0,none
Line-E,2026-01-03 02:55:00,67.184292205277,46.97821605392933,2.806888539278038,14.337210914502675,98.53361148761655,49.16751556115059,0,none
Line-E,2026-01-03 03:00:00,66.441717728857,47.05208292470343,2.358247987020828,15.237862551304902,105.41498155093534,49.5748115350932,0,none
Line-E,2026-01-03 03:05:00,66.91440704139606,49.35109852327262,2.830318533404189,14.719736644563977,104.6095739839706,48.33226165847759,0,none
Line-E,2026-01-03 03:10:00,67.081468195042,49.65884342240836,2.941335628331435,14.943513179805096,105.94721529449494,56.82164964516739,0,none
Line-E,2026-01-03 03:15:00,70.16610358782698,47.16735511746341,2.4953854309470125,14.216547729070616,108.66663606454009,55.37379032660389,0,none
Line-E,2026-01-03 03:20:00,66.20476769299103,48.01940134278211,2.3037554279537877,15.525862338400572,109.49303752287834,50.83660053022253,0,none
Line-E,2026-01-03 03:25:00,70.13176821148937,51.908752561950095,2.58964728841934,14.806584456958852,101.94549837757992,54.329540848594434,0,none
Line-E,2026-01-03 03:30:00,65.90282022331402,49.92856625122935,2.77003919229595,14.818214799924208,98.20315729475205,56.998192564713264,0,none
Line-E,2026-01-03 03:35:00,67.11110429973228,48.02166765511848,2.2443640526878363,15.604014151919406,106.46667504758602,50.905481579890846,0,none
Line-E,2026-01-03 03:40:00,67.98155275772318,48.73080077602822,2.555266014176852,14.914149368819697,107.47211544783976,53.223248714745374,0,none
Line-E,2026-01-03 03:45:00,68.01043001044543,43.77433247447013,2.737790548034264,15.14931920489013,104.82129405641687,56.99180152258888,0,none
Line-E,2026-01-03 03:50:00,69.25190751267378,49.128083329389256,3.038812203626569,14.800777198275666,104.46671580823572,53.28479934343585,0,none
Line-E,2026-01-03 03:55:00,70.72989575459694,48.56578718634849,2.5663459305523864,14.9445205214066,104.62370546223907,51.80744483903519,0,none
Line-E,2026-01-03 04:00:00,69.5280389931455,46.2971057054294,3.439437765532645,14.870695839667873,103.73596361232036,50.08386287330735,0,none
Line-E,2026-01-03 04:05:00,69.36424770317365,48.5847967351395,2.422336108796014,14.681297892869122,104.57116861511405,55.89494258361013,0,none
Line-E,2026-01-03 04:10:00,69.7526410551055,47.50257980772448,2.5188198194785363,14.89557979806977,102.91882907898275,53.014963531444245,0,none
Line-E,2026-01-03 04:15:00,68.80836989550738,47.92247871735628,2.362458207915176,14.91418268976794,101.15391372104187,53.1700532827581,0,none
Line-E,2026-01-03 04:20:00,68.68611799350998,49.61921746503432,2.0267974666972965,16.216921572413305,104.0247251737914,56.48690612500892,0,none
Line-E,2026-01-03 04:25:00,68.49995362979072,45.85282141622226,2.5115709471633063,14.41312780033866,102.92747157915124,52.60194023173271,0,none
Line-E,2026-01-03 04:30:00,67.79856597638624,43.11086434008748,2.5765807701508616,14.006650210082697,104.87669646805728,50.83100090188484,0,none
Line-E,2026-01-03 04:35:00,69.05155552576899,45.58635704031778,2.611569837302803,15.135348961486526,107.4362243284271,51.85523433747479,0,none
Line-E,2026-01-03 04:40:00,67.59880155325368,44.73022881672389,2.213648344085046,15.63025626284691,106.18567571393294,48.639517205034274,0,none
Line-E,2026-01-03 04:45:00,68.20282975901267,47.986902019955934,2.690325756414184,15.574065872723075,102.24640446402611,47.114501122022304,0,none
Line-E,2026-01-03 04:50:00,70.02247090810496,48.38789040059592,2.64113894186298,15.484516897033744,98.29443924375114,55.54331952428459,0,none
Line-E,2026-01-03 04:55:00,69.67425942491748,46.974497781514565,2.5305368546492737,14.790279852291272,105.67715460032484,53.58238515117701,0,none
Line-E,2026-01-03 05:00:00,68.67973124795331,48.3150627991916,2.43997690201752,12.168800290368786,98.5972549693508,53.27731608337994,0,none
Line-E,2026-01-03 05:05:00,70.44309671461156,49.05966979806389,2.879399720935961,13.59900157441292,93.47392626006774,53.947723621237344,0,none
Line-E,2026-01-03 05:10:00,69.61283834534674,46.02784254877817,2.284035393059071,15.192407306172178,101.17094346781,54.09060463638761,0,none
Line-E,2026-01-03 05:15:00,70.38360408521565,46.25050210652344,3.064368091247543,15.06506083707374,107.14824958140647,53.118528019125456,0,none
Line-E,2026-01-03 05:20:00,68.9837370233093,46.87710133243658,2.938665954887476,15.478964808699295,103.28585478419404,53.299412808351335,0,none
Line-E,2026-01-03 05:25:00,68.02785964069463,46.327528184322645,2.737240036213884,13.945051614441914,100.88323262780771,53.4323874879798,0,none
Line-E,2026-01-03 05:30:00,71.2415778644334,48.10659658475264,3.1756813943966287,13.6258573386028,103.23420472302236,51.0366161636445,0,none
Line-E,2026-01-03 05:35:00,70.15803137184099,45.88906243364379,2.539566801760535,15.112824796521226,104.80715768850848,52.480747569457925,0,none
Line-E,2026-01-03 05:40:00,69.46324617520798,45.02878771381888,2.782202076959594,15.15269135455193,104.14484973431888,55.32691638182502,0,none
Line-E,2026-01-03 05:45:00,70.1924385312861,46.38633634909406,2.3527285431600333,14.620291815513324,109.0366893887398,53.30653448052232,0,none
Line-E,2026-01-03 05:50:00,69.17880542193168,43.96400590914204,2.367073352778521,14.722025766312202,101.41197370062147,46.38109680708378,0,none
Line-E,2026-01-03 05:55:00,65.43091455380815,48.56112693503847,2.365311024145748,14.368742271813352,106.89889690765531,51.04665031409221,0,none
Line-E,2026-01-03 06:00:00,66.12586907025613,46.97349761829843,2.350862803926685,15.214784542382334,109.0659298299754,51.9482431843533,0,none
Line-E,2026-01-03 06:05:00,69.68907883129738,47.26530903810028,2.0535755853400506,14.876406788199104,99.52905099570664,54.2183097321934,0,none
Line-E,2026-01-03 06:10:00,68.5277284355111,47.66731133428725,2.544503373978105,15.252353185871543,104.21018479853916,53.54672453641346,0,none
Line-E,2026-01-03 06:15:00,69.71593004209039,45.19471075267718,2.554129320166576,14.713768388303851,111.80858156416942,52.76875393793179,0,none
Line-E,2026-01-03 06:20:00,68.93443561699972,50.02456269959068,2.6367621341724425,13.115391866500202,100.94107402764826,54.28268682778919,0,none
Line-E,2026-01-03 06:25:00,68.80966551664778,47.30950394655753,1.8115049952476427,14.109577616037027,102.33980077105612,51.42777150482944,0,none
Line-E,2026-01-03 06:30:00,67.32662593117576,45.40765169252644,2.9738232058935834,14.932737315863289,106.47123840095767,48.03578690000838,0,none
Line-E,2026-01-03 06:35:00,68.68090809622082,46.61174282157234,2.520648682702036,15.708396680812218,106.75943189486028,54.15195236647903,0,none
Line-E,2026-01-03 06:40:00,68.37119105394397,48.47274412792589,2.323816594733156,14.7645692044743,111.21208067851676,48.88477225883758,0,none
Line-E,2026-01-03 06:45:00,67.45159670694888,45.65942880876612,2.227062257653714,13.4329937358066,106.21167839572314,51.36895702503796,0,none
Line-E,2026-01-03 06:50:00,67.71577241766035,48.6902301164837,2.6023729916624814,12.357204609761288,97.09698797921348,53.769026538129616,0,none
Line-E,2026-01-03 06:55:00,69.92948356070993,49.44453432265911,3.086878111915155,14.693784504653754,109.15252366554589,53.58072882405747,0,none
Line-E,2026-01-03 07:00:00,69.24460763446389,46.08032044821124,2.5537525850942555,15.053148102625638,107.69426426930988,57.3365453154216,0,none
Line-E,2026-01-03 07:05:00,68.99739340604592,43.64671223482292,2.955272174250181,15.073619949972054,106.3402195111971,54.872961105691886,0,none
Line-E,2026-01-03 07:10:00,69.2668310097945,45.34237190894462,2.790966634128569,15.001443865876931,98.32903195305444,57.80777070816548,0,none
Line-E,2026-01-03 07:15:00,67.16355873849557,42.94040876874544,2.483483324765451,15.379916596289137,110.90397671814576,61.060999754856205,0,none
Line-E,2026-01-03 07:20:00,67.88197532134117,46.64905038495496,1.9600069915181144,14.786973975320198,103.7794245608684,49.88385276470176,0,none
Line-E,2026-01-03 07:25:00,71.12739956557411,45.64715571769493,2.493322017836188,15.442652471275943,100.13739717002773,53.65533729354468,0,none
Line-E,2026-01-03 07:30:00,68.18215523266477,45.19789694668312,2.627898181906795,14.72117569854295,103.376069713288,49.242796439468925,0,none
Line-E,2026-01-03 07:35:00,67.67790131380634,44.45625216792097,3.280936316626541,13.844449993653722,104.73188911653276,52.77464017497273,0,none
Line-E,2026-01-03 07:40:00,68.92257511992538,46.24278658419798,2.550004597680856,14.939054465214094,107.66188247258154,50.53405242997512,0,none
Line-E,2026-01-03 07:45:00,68.83754195537789,43.39806367830175,2.985278547018484,15.890765697079646,102.63848221874268,52.97737953890885,0,none
Line-E,2026-01-03 07:50:00,65.71339081651212,46.78580349064266,2.352414638839238,14.62529330368477,107.4825662508034,52.057634122873246,0,none
Line-E,2026-01-03 07:55:00,67.71108042265618,49.05439782925228,2.796135436580017,15.37504429653863,108.4922728090359,54.58445492680264,0,none
Line-E,2026-01-03 08:00:00,69.34879479667325,48.3004006312954,2.3543979046969903,14.544346458741664,98.64480312229269,53.08950816631585,0,none
Line-E,2026-01-03 08:05:00,65.71208687529248,45.63631290856527,2.417285480381715,14.01295358518681,102.48070943710349,51.88397793375404,0,none
Line-E,2026-01-03 08:10:00,68.77451221792191,44.41632526722443,2.4552369623405395,14.402834930273183,105.64168768341584,52.73270933489715,0,none
Line-E,2026-01-03 08:15:00,67.48557265871416,48.607077460131954,2.75636837266005,15.39013380106124,105.599915887349,52.01472588624053,0,none
Line-E,2026-01-03 08:20:00,67.32379923903011,46.637861172477656,2.812035175251194,15.862746944535584,108.74245439052414,50.42622728279872,0,none
Line-E,2026-01-03 08:25:00,66.17200295070057,46.865224629855305,2.4943382884407184,14.694518553078492,102.19263358120412,53.50778563061404,0,none
Line-E,2026-01-03 08:30:00,69.39788469702357,47.40203489675721,2.7133931265820443,15.020013737078228,104.7800684450918,52.64511049334232,0,none
Line-E,2026-01-03 08:35:00,69.72426888584388,50.23414859899269,2.8400630399184985,15.62217762572059,100.5773180701129,51.79024758567361,0,none
Line-E,2026-01-03 08:40:00,66.69676841648386,49.79642446482397,2.801311469130632,14.238472406663996,105.03150346544274,54.357292814112576,0,none
Line-E,2026-01-03 08:45:00,64.93314316154182,46.1452071531673,2.4535578041005985,14.702023103813062,102.1193377592876,51.43845990864618,0,none
Line-E,2026-01-03 08:50:00,67.22939278578954,46.15598332489016,2.7297866240759583,15.35678202337346,105.84633999136392,52.2358649344256,0,none
Line-E,2026-01-03 08:55:00,67.01350763019038,46.09682038801807,2.430633990576278,14.905264814010213,108.45388761281282,55.04447767592095,0,none
Line-E,2026-01-03 09:00:00,65.13343794240375,49.76752948602782,2.568044072263099,16.38934225638683,106.46514098733958,50.68342964042579,0,none
Line-E,2026-01-03 09:05:00,70.13300068792836,50.15409773606611,2.3478487433644104,14.855955820032426,102.33846031646846,53.38257963241335,0,none
Line-E,2026-01-03 09:10:00,66.31323620739397,46.24208613741534,2.6440494773177896,15.75571404628743,101.71269771104002,57.54400044769989,0,none
Line-E,2026-01-03 09:15:00,66.71914932350506,49.114019507567896,2.352951010217468,15.03349012692996,99.8528107518438,53.563818086749976,0,none
Line-E,2026-01-03 09:20:00,67.95116534826155,44.15245173278586,3.054609494464722,16.225661936695534,105.84386779268992,53.34813520648992,0,none
Line-E,2026-01-03 09:25:00,66.48064948232383,47.91503953634017,2.8292460394618537,14.219883579028828,91.0541189052102,53.14344175555768,0,none
Line-E,2026-01-03 09:30:00,66.27377547302282,45.62669826319708,2.8920087293497883,14.436919561931616,102.29984660944864,52.10462756261949,0,none
Line-E,2026-01-03 09:35:00,65.36290117990548,45.86522087293834,2.81191796030083,15.82593545374303,110.48609521119528,51.24114567401987,0,none
Line-E,2026-01-03 09:40:00,69.08341347895576,47.72714016912026,2.2544140032752606,13.175292563888473,106.79098102701302,53.6260331200795,0,none
Line-E,2026-01-03 09:45:00,65.63377792094732,44.09121010644039,2.95874296895076,15.606380039008776,110.01914083833633,51.48376190952551,0,none
Line-E,2026-01-03 09:50:00,67.23744508298704,44.6321090956396,2.3056776896694315,13.148387629712818,108.57322482016946,53.57192280016992,0,none
Line-E,2026-01-03 09:55:00,65.732824479004,50.92946836183103,2.651244998303105,15.619494647507446,105.44181980391244,46.94147921045253,0,none
Line-E,2026-01-03 10:00:00,66.78769254921042,46.59701726698089,2.509186132563922,14.542369308773935,99.70257204724513,51.40626429576055,0,none
Line-E,2026-01-03 10:05:00,65.1367780642998,44.196933172259385,2.851505820665025,13.639732946706465,105.01005526716932,50.8458184548363,0,none
Line-E,2026-01-03 10:10:00,67.3695001689383,45.92226598696275,2.655038891594517,15.227112696673888,110.9011986877505,42.30413123341644,0,none
Line-E,2026-01-03 10:15:00,67.21845062403017,47.5512868421043,2.701947380494159,14.868768942529064,106.14010808658858,50.92847169805414,0,none
Line-E,2026-01-03 10:20:00,64.51010342598138,47.47206503817839,2.39972493722318,14.886473099543773,103.55919909111094,52.08334059449511,0,none
Line-E,2026-01-03 10:25:00,62.672502371726445,51.19019189508075,2.731873130309945,15.029901804073582,101.89593494280838,51.49133758930927,0,none
Line-E,2026-01-03 10:30:00,66.16602759164181,44.96103264571053,2.5450550287268108,15.630581203225026,110.8616687922711,53.81913374487493,0,none
Line-E,2026-01-03 10:35:00,62.56879533455732,45.512523701678354,2.6433795054740745,14.155144495826292,102.41993504676552,54.46161855765427,0,none
Line-E,2026-01-03 10:40:00,66.3100752947392,47.475609379563984,2.47009712253254,15.083157798556512,106.13323761733535,52.24229872726196,0,none
Line-E,2026-01-03 10:45:00,64.23710515977707,48.15690808171204,2.3187708746028672,15.19973275178777,107.48397311387563,54.77386689949152,0,none
Line-E,2026-01-03 10:50:00,66.48165648813601,51.3790258091498,2.4617363188537573,14.873547508864322,99.34123494193854,49.40598167642023,0,none
Line-E,2026-01-03 10:55:00,65.21190953957611,47.64105662656071,2.025768019902233,13.268826571826274,106.27350832567257,50.57621290134393,0,none
Line-E,2026-01-03 11:00:00,66.1940730702223,49.99324851630461,2.6966797328037777,15.194479815278372,110.2119185042232,51.235665737400446,0,none
Line-E,2026-01-03 11:05:00,63.64704604049745,47.49760316045408,2.7048148175727325,13.537621691309557,103.10057086703917,56.66172540131624,0,none
Line-E,2026-01-03 11:10:00,66.80575358733289,46.52546298190964,2.8114815730505525,14.981495245053814,102.64296673586614,46.61897598527703,0,none
Line-E,2026-01-03 11:15:00,64.97158859123904,45.48437106121271,2.324869535649806,14.321825216929971,105.73085537995505,52.82653579224109,0,none
Line-E,2026-01-03 11:20:00,63.64384369029632,48.19269083419096,2.8518871796890424,14.960131865043635,100.58540300800723,53.73522976931516,0,none
Line-E,2026-01-03 11:25:00,65.2128273555902,48.85671967169537,2.456619889274362,15.100247756001952,104.77809735669912,50.94326009802942,0,none
Line-E,2026-01-03 11:30:00,63.27377834866543,49.67385201445695,2.2687704141499565,13.415892606012449,110.51667914272582,51.94692998189522,0,none
Line-E,2026-01-03 11:35:00,67.70341798358106,45.11649376703828,1.9295239521151188,13.446717090226958,105.8025582700304,50.91174302726961,0,none
Line-E,2026-01-03 11:40:00,63.9560621662132,42.63946481455447,2.918636107866408,14.31242052812374,105.83837109058923,48.86463856022262,0,none
Line-E,2026-01-03 11:45:00,63.82514654308152,46.41384756152686,3.0842931704923395,13.01888723249572,102.5262583550134,47.123178304924565,0,none
Line-E,2026-01-03 11:50:00,64.0708933257446,49.08181586779024,3.0607426872913983,15.390529193984571,106.8586196423909,44.358539807088526,0,none
Line-E,2026-01-03 11:55:00,65.84001454363353,49.98888358462331,2.910702479108092,15.508173111804206,101.30413395901424,47.804684387179584,0,none
Line-E,2026-01-03 12:00:00,62.73420935221573,48.61510209064989,2.3795669051278594,13.488538790636737,99.27865661434228,48.17267084051559,0,none
Line-E,2026-01-03 12:05:00,63.68826679569849,48.61967670251371,2.632412873837038,15.870988094539127,95.7400235806334,46.12115884055356,0,none
Line-E,2026-01-03 12:10:00,62.32460670566768,48.09878297718664,2.654430232135659,13.967471316706458,106.51829850123934,49.54312270962859,0,none
Line-E,2026-01-03 12:15:00,64.001755555441,47.25379060585447,2.238715918009154,14.950536176996652,102.8552294907582,50.01856716038188,0,none
Line-E,2026-01-03 12:20:00,60.94391148963463,45.524139613679495,2.9106675064162064,14.188077128702965,97.88114346388406,51.6864548317548,0,none
Line-E,2026-01-03 12:25:00,63.13691951895343,48.32877656623629,2.7185581606059834,15.623894093050607,105.29219377066728,50.82995750011507,0,none
Line-E,2026-01-03 12:30:00,62.30664823036247,45.90870905730336,2.600600640054144,13.28045493741967,107.38483539692074,48.77815686693643,0,none
Line-E,2026-01-03 12:35:00,63.96890267692197,47.190213995705896,2.920870281056905,15.840006517194675,105.81779803635644,45.9344455844614,0,none
Line-E,2026-01-03 12:40:00,64.06541925676203,46.36444440647948,2.2905760897391727,13.977924281065606,93.33392883236831,49.569217405941046,0,none
Line-E,2026-01-03 12:45:00,63.93774265121104,49.96541219209196,1.8848038175300568,16.23587432868362,109.55426438355258,48.31193519547707,0,none
Line-E,2026-01-03 12:50:00,62.35586369275354,49.04033937794046,2.640461762107788,14.040779482194202,106.38288124420686,45.67749988478828,0,none
Line-E,2026-01-03 12:55:00,65.0160284020029,49.17404336924679,2.759899353252898,14.666481230460874,101.16342418250608,48.22242523464451,0,none
Line-E,2026-01-03 13:00:00,61.37521057672602,48.51329163807646,2.480074699512618,15.097644458585098,105.71243379516362,47.57949762005775,0,none
Line-E,2026-01-03 13:05:00,61.69502668064405,45.9564373192393,2.307953597321432,13.88619034793465,100.94373608203864,47.09229653814285,0,none
Line-E,2026-01-03 13:10:00,61.3758770188625,49.145531626520686,2.092912615370318,13.67333096734029,105.35394504086788,43.790862634276905,0,none
Line-E,2026-01-03 13:15:00,62.41004474778786,48.69888847740862,3.518019111773921,13.858590948976936,109.20009094381552,48.38475961703833,0,none
Line-E,2026-01-03 13:20:00,60.71536821003205,44.92333997083602,2.27286282186998,13.325067881605571,98.19581763452956,46.2331292178901,0,none
Line-E,2026-01-03 13:25:00,61.26182995430472,47.63473750102838,2.479058917947144,15.21499624828112,97.10464689208666,42.46736278478567,0,none
Line-E,2026-01-03 13:30:00,62.43151952800172,49.234109875517966,2.0439654098184348,14.843980923322365,104.5036101702873,44.92741845948052,0,none
Line-E,2026-01-03 13:35:00,61.81049276322909,44.91187496903122,2.6629676215340288,13.09546092471981,97.76743821982312,49.3581488238239,0,none
Line-E,2026-01-03 13:40:00,58.74565564965761,43.262610673790284,2.578666717987934,14.21811008640814,98.2276107655244,47.91352546941808,0,none
Line-E,2026-01-03 13:45:00,61.15572903744327,46.88386151960546,2.733485773043775,14.5091185709921,106.95244378672643,48.94045116927612,0,none
Line-E,2026-01-03 13:50:00,63.30737534592595,46.21179290948601,2.658097295145794,14.601326716781603,101.35909638389388,50.63952528728342,0,none
Line-E,2026-01-03 13:55:00,61.44091197549847,48.24725399190968,2.5189405119930086,15.742994009649252,108.20759998257957,42.98664295980591,0,none
Line-E,2026-01-03 14:00:00,59.35670068069755,46.9556795258098,2.301289360025996,14.168880939372665,104.03267472820104,47.76785655344968,0,none
Line-E,2026-01-03 14:05:00,64.04524749686145,42.79547100717743,2.4930776612050938,13.593053325323822,100.62886773240808,43.05514112121287,0,none
Line-E,2026-01-03 14:10:00,58.99527791255342,48.57324930324992,2.819921939017778,15.19622355042528,102.93318193193537,52.16402813194762,0,none
Line-E,2026-01-03 14:15:00,58.53155882864905,46.00817734313622,2.953081955780952,14.66098871636062,103.30034825327384,56.1460276344924,0,none
Line-E,2026-01-03 14:20:00,59.4542397181996,45.83716697455882,2.597542837803784,13.24640073879856,103.77255033942002,54.57694182697513,0,none
Line-E,2026-01-03 14:25:00,60.48649248792767,47.0446004730021,2.5872955832304685,14.262908420158103,104.02824808621068,44.66120405248172,0,none
Line-E,2026-01-03 14:30:00,60.7981469303616,44.76025262215707,2.5618123019574472,14.037430418969148,102.02362157267446,48.641117809648215,0,none
Line-E,2026-01-03 14:35:00,63.49913058979629,45.58449508790386,2.087965574040725,14.47196590611009,101.56097536961047,48.07481412720389,0,none
Line-E,2026-01-03 14:40:00,61.29308719506693,43.16092117640963,2.410792314289915,15.8427106418813,106.01054230148482,50.606975732670165,0,none
Line-E,2026-01-03 14:45:00,59.55804829033292,42.86943813131146,2.763237235661013,15.993054753312862,102.5855881487474,45.58597716792395,0,none
Line-E,2026-01-03 14:50:00,61.55813374113325,45.83989239933926,2.592814447326345,15.122362558472757,104.1345091590614,44.69678274975052,0,none
Line-E,2026-01-03 14:55:00,60.35681624952129,46.703327817836325,2.490206297353128,13.337591597613471,103.8478235801012,48.22508544917576,0,none
Line-E,2026-01-03 15:00:00,58.82003181761778,47.88247967808836,2.333687921237328,15.468684031786076,101.15126025060992,43.9627511708912,0,none
Line-E,2026-01-03 15:05:00,62.04158929504036,48.30320990015876,2.52985958078691,13.850527755346388,101.07179136172203,45.70850742513822,0,none
Line-E,2026-01-03 15:10:00,61.90425610289016,43.950731872947685,2.680981355872015,14.479222848205664,103.81919907876912,45.482398811068514,0,none
Line-E,2026-01-03 15:15:00,61.55227395921597,47.1400414456559,2.4933922792745014,15.043883494029943,107.4590236497052,45.65514311818697,0,none
Line-E,2026-01-03 15:20:00,61.273842249599056,48.75005974152313,2.2296952485799006,12.466312521055686,98.45977878572032,44.61265454467927,0,none
Line-E,2026-01-03 15:25:00,59.99719518960614,47.48989505070173,2.256364509794768,12.718517207707793,100.96977993993956,48.79190844877023,0,none
Line-E,2026-01-03 15:30:00,60.97551974255243,47.26222004654805,2.7910374665675914,14.635643144692793,105.45496608951932,42.12013146464984,0,none
Line-E,2026-01-03 15:35:00,58.30840822845903,45.64793292243655,2.4819519716106537,14.53200691913773,99.9936200325346,47.74889174139664,0,none
Line-E,2026-01-03 15:40:00,57.90927554534184,46.6857173888227,2.7220488633208304,14.449136718459703,110.42775185939487,47.32566477353705,0,none
Line-E,2026-01-03 15:45:00,59.7403176720123,46.88642936534279,2.01751441157886,15.07779582545972,114.85141388792748,51.49037753587002,0,none
Line-E,2026-01-03 15:50:00,59.448270310517366,48.30776277272997,3.0161841549414863,14.08199806582736,103.6994794340592,46.566966824039966,0,none
Line-E,2026-01-03 15:55:00,61.21283184353895,45.680668958246855,2.40428983241194,15.308513208921736,102.74859411577538,47.20182455166539,0,none
Line-E,2026-01-03 16:00:00,61.08483807109116,50.29241174240271,2.6458679513292074,14.85210442255124,108.35780338297764,51.52740180605227,0,none
Line-E,2026-01-03 16:05:00,61.27325540573525,47.04832327029882,3.0574376072693785,14.82867869023629,106.6644545296858,47.457497859242615,0,none
Line-E,2026-01-03 16:10:00,60.31329138711851,46.22306626762786,2.8762674470594343,13.848588901142865,103.5441585898876,46.07128523614857,0,none
Line-E,2026-01-03 16:15:00,58.080529491520174,47.74501779213762,2.2497251996898324,15.020690554547253,104.48014555697378,39.85489517632324,0,none
Line-E,2026-01-03 16:20:00,58.73163448795149,47.68741506593514,2.2018459454630293,14.116586594524565,107.0258961480036,49.94278259650651,0,none
Line-E,2026-01-03 16:25:00,60.52458190565591,48.73831284928072,2.065230800157937,12.940386967584658,104.5129196477764,48.31637936943499,0,none
Line-E,2026-01-03 16:30:00,60.37453793843903,43.26004063080597,1.975112331981753,15.09993814112145,113.18239472611582,41.01138102093688,0,none
Line-E,2026-01-03 16:35:00,60.18414864078301,45.2220259744015,2.315980152719318,15.082731665254682,111.50474388622612,45.61748181243463,0,none
Line-E,2026-01-03 16:40:00,59.71162920692991,45.03285942469575,2.6023990291564303,15.28222146869948,100.37405933771456,48.248694655627695,0,none
Line-E,2026-01-03 16:45:00,59.9936839107875,49.50690950063338,2.244462339561165,14.946970121675772,110.33794477378176,46.9059739686306,0,none
Line-E,2026-01-03 16:50:00,62.57188313444152,45.937528408926056,2.4632028758501963,16.254042846094933,101.4908911735352,54.066182669206256,0,none
Line-E,2026-01-03 16:55:00,59.57565969926502,46.768500226228014,1.96417476099485,13.863444094509486,102.3688429810214,51.71602338860102,0,none
Line-E,2026-01-03 17:00:00,57.30853622683065,49.7814274172089,3.1311697315178,15.54836317716589,101.09733419108215,42.03356484776038,0,none
Line-E,2026-01-03 17:05:00,59.57881855853547,47.11541512350713,2.8300725949043906,13.921396758537975,100.52459049812067,46.70852299179434,0,none
Line-E,2026-01-03 17:10:00,58.94248388831027,44.73835330494899,2.76426992421621,14.1280960673476,103.5453274558631,52.2804345109606,0,none
Line-E,2026-01-03 17:15:00,59.16112280240302,44.26584033444513,2.475686535096156,14.967426064198598,102.40349651207306,44.1908448850116,0,none
Line-E,2026-01-03 17:20:00,57.24485499521264,48.46717624087416,2.386697191064351,15.54601954134344,109.84853756461374,48.523972598993126,0,none
Line-E,2026-01-03 17:25:00,59.819942532625184,47.58803261229356,2.1207984567748834,15.858444277565722,106.6098612089152,46.37008773295501,0,none
Line-E,2026-01-03 17:30:00,60.37498579441755,47.20389594639279,2.3485630806767896,14.09809344420146,107.92178871705124,41.66546868524597,0,none
Line-E,2026-01-03 17:35:00,59.2067532285954,45.025132706776525,2.4436316334486463,15.1957603049809,104.27262930926511,47.856764532166494,0,none
Line-E,2026-01-03 17:40:00,56.87577456911074,48.17413199277763,2.479684978561036,14.324552168559642,107.92965612753608,51.25214869609852,0,none
Line-E,2026-01-03 17:45:00,58.68144998837819,48.49468029025923,2.570323877554559,14.914579539726311,98.50283223661796,44.85226192142641,0,none
Line-E,2026-01-03 17:50:00,55.3678198731252,47.275855928381546,2.625369223009438,14.887399802206623,100.94799729194628,43.05782646069653,0,none
Line-E,2026-01-03 17:55:00,60.61946477686216,49.24875594107191,2.8673727451087583,14.577222189272195,102.54891569791496,47.43856990686863,0,none
Line-E,2026-01-03 18:00:00,60.35171704781187,47.26824645683998,2.6191123884434844,14.355622395161346,102.91967414616803,42.2916258483725,0,none
Line-E,2026-01-03 18:05:00,58.11999669130852,44.42946615608948,3.236330229303483,13.657637294779237,98.86149710791398,49.798706851731495,0,none
Line-E,2026-01-03 18:10:00,58.60627296210109,46.57012421566544,2.828998510667708,15.317071304031284,102.27457209934045,48.41461073994899,0,none
Line-E,2026-01-03 18:15:00,61.1249963654094,48.172262980598944,2.589932660331458,13.989341765198432,99.92984172754328,49.4453810857344,0,none
Line-E,2026-01-03 18:20:00,59.72993841952429,50.93836707645431,2.441040101149196,14.157016480218472,98.66516748110156,43.7032661152984,0,none
Line-E,2026-01-03 18:25:00,59.50106843096134,47.205888785003815,2.7355232477445277,14.554025534074611,99.7880711715543,48.73962384587196,0,none
Line-E,2026-01-03 18:30:00,58.26410173143368,45.492072965517,2.110784196456561,14.51824643294428,107.96865612766312,47.34211895532349,0,none
Line-E,2026-01-03 18:35:00,58.20351472862854,48.1077176831876,1.9821159984602503,13.427221094416918,101.07382912728112,44.89373823985654,0,none
Line-F,2026-01-01 00:00:00,67.39666085863558,53.09440859765689,3.397164021580097,17.164047388063405,104.66856780442797,46.81276216141501,0,none
Line-F,2026-01-01 00:05:00,67.8901522841068,56.66861593343238,2.9951882873826894,15.357249525676618,106.75199808389311,57.21887359873739,0,none
Line-F,2026-01-01 00:10:00,67.71629350251239,53.041369668897445,3.137890877423927,16.942079241889292,100.96372144576344,52.64258035032912,0,none
Line-F,2026-01-01 00:15:00,68.81157457474603,53.03386419366735,3.3138869536766347,16.73396634274259,104.33596642814582,50.32619555528827,0,none
Line-F,2026-01-01 00:20:00,72.29752696348953,53.22385161010511,3.51518074995688,17.924275685101758,106.66665604718077,52.9924749594237,0,none
Line-F,2026-01-01 00:25:00,66.46894144202761,55.5132251431279,3.414265412767464,16.519517702451967,102.02431669830024,52.68018609773556,0,none
Line-F,2026-01-01 00:30:00,67.26585949936923,54.82132893620821,3.4682456928719443,18.19324682005164,103.9807538256596,50.52072284247449,0,none
Line-F,2026-01-01 00:35:00,67.2302084973253,53.56608060395842,3.211087196947126,17.70453682769452,105.6852840008905,48.36619410323557,0,none
Line-F,2026-01-01 00:40:00,67.2456367426767,51.70461263435728,3.752695054193029,17.195166508484895,110.62784682456348,46.26553660099366,0,none
Line-F,2026-01-01 00:45:00,68.23503472754128,51.537197977850525,3.014971400904644,17.93182791223053,103.93251933319527,50.92859956360713,0,none
Line-F,2026-01-01 00:50:00,67.99246658548934,54.93888621065096,2.8325636822121574,17.118247592578925,103.85477270350924,45.67518603209066,0,none
Line-F,2026-01-01 00:55:00,68.60015877953694,53.62371573934744,3.106462525758581,16.457372968732024,104.33355123854808,52.25588131916879,0,none
Line-F,2026-01-01 01:00:00,69.41297827013571,55.41039192371935,3.491960102811514,16.09607717633911,100.28746014898744,48.90847221058689,0,none
Line-F,2026-01-01 01:05:00,69.42592702458343,56.26168431783014,3.4652861018765986,16.365988925635865,107.66870592805128,44.15991271868037,0,none
Line-F,2026-01-01 01:10:00,69.59819796357836,55.69262833538835,3.857696473667799,19.125029346927597,103.16605273833764,54.636633734774016,0,none
Line-F,2026-01-01 01:15:00,69.38752483371907,53.56535527534013,3.24410365483295,15.332565512702365,103.00258048104882,53.79700399764515,0,none
Line-F,2026-01-01 01:20:00,70.02913662798186,53.78379660819741,3.3191176677545955,17.872189890470068,101.2200088439495,52.77891363939101,0,none
Line-F,2026-01-01 01:25:00,70.06945188668142,55.40366775946648,3.4528801059532186,16.969688562944203,102.07698103611304,48.21707168439494,0,none
Line-F,2026-01-01 01:30:00,69.45916603928603,55.85450930566171,2.9801048427616217,18.392629626844904,101.19670679052848,54.19629131413271,0,none
Line-F,2026-01-01 01:35:00,69.63834388645417,52.70279620339953,3.097168806711225,16.54370987709728,106.1028905406356,50.43848303475263,0,none
Line-F,2026-01-01 01:40:00,69.28625253686042,55.7779587934108,2.82897596236922,16.86433405092623,100.72810866637602,49.37536878164602,0,none
Line-F,2026-01-01 01:45:00,69.78945768055488,49.891193831423,3.5241751315731644,17.37317809916205,104.9872125903057,53.99664720045124,0,none
Line-F,2026-01-01 01:50:00,67.59128571317468,52.33391927643165,3.4795825307702155,16.452335461325553,109.575911046547,50.41855521974965,0,none
Line-F,2026-01-01 01:55:00,68.54529596004328,57.329915606353865,3.049275184042901,16.456161366767493,101.56692230545715,51.7210058262227,0,none
Line-F,2026-01-01 02:00:00,73.52744121469638,54.74570261366416,3.1316917969019573,16.949364078085946,105.97415949047976,45.67716696658302,0,none
Line-F,2026-01-01 02:05:00,69.56240859235874,52.98530956146595,3.0919108281924257,17.522936095660857,99.12394685735636,47.89749269829464,0,none
Line-F,2026-01-01 02:10:00,73.59906040542724,56.414942862304514,3.214037680465358,16.08436939849633,106.92597761081142,54.73323247294593,0,none
Line-F,2026-01-01 02:15:00,70.16000127006544,51.51994694369883,2.606752159118966,16.208593138453303,107.78776478573847,58.41857667699833,0,none
Line-F,2026-01-01 02:20:00,71.15200841589414,55.29804124381062,2.8308921034214176,15.866975332328485,102.25316632939534,52.34492990415494,0,none
Line-F,2026-01-01 02:25:00,71.19040609773386,57.371479413650185,3.208169598835542,15.887333625495817,102.95154952293184,49.92852752648213,0,none
Line-F,2026-01-01 02:30:00,70.65638929593943,55.47138963119032,3.05917409199393,16.411378733491794,106.03637280770732,47.0159465160177,0,none
Line-F,2026-01-01 02:35:00,70.23245042858157,53.867583393964864,3.353357135746441,16.633182462265413,111.68926551694742,51.897628266979865,0,none
Line-F,2026-01-01 02:40:00,69.9811784507125,54.25047602231208,3.0099809607055668,16.720440912482466,110.13919457973708,52.83165880300619,0,none
Line-F,2026-01-01 02:45:00,68.68439521630039,54.22483316548655,3.030883850650776,16.151614494214414,107.47426324820005,52.12073444043622,0,none
Line-F,2026-01-01 02:50:00,73.20049771802091,55.15307888503938,3.004213893044916,16.500165202420945,96.88012455241788,48.456731730630175,0,none
Line-F,2026-01-01 02:55:00,70.95846867489519,55.51594189537779,2.907959237489079,16.618614135548828,111.14782440349022,57.01155526794674,0,none
Line-F,2026-01-01 03:00:00,70.0450387816502,54.7291567539596,3.5510706281084965,17.543231057989175,104.10342988426837,51.52575080409307,0,none
Line-F,2026-01-01 03:05:00,71.20322958449931,50.37974164696738,3.4111139473403425,16.460900779906467,109.648279148561,52.17204119660517,0,none
Line-F,2026-01-01 03:10:00,71.66326070412865,52.55363043196738,3.380653492796082,15.840205813277608,105.19850812822187,47.544014971348645,0,none
Line-F,2026-01-01 03:15:00,69.74789915673836,55.3923106528927,3.279374640854929,17.749531080501413,104.31805570895656,52.50368601788431,0,none
Line-F,2026-01-01 03:20:00,71.31504802152622,55.441548278085925,2.8635446413800083,17.55933793682973,102.37008058085904,50.95955601556008,0,none
Line-F,2026-01-01 03:25:00,71.30083416470444,55.90709983852033,3.701808922811341,16.81939575931571,107.16583814642634,53.28985621431566,0,none
Line-F,2026-01-01 03:30:00,69.11729439707273,55.82968485319632,3.4030918809278705,15.843037461589535,101.2607383365746,50.35305400631474,0,none
Line-F,2026-01-01 03:35:00,72.14437430685662,57.44938497974451,2.7434067322683733,16.183081276682973,109.73013021712124,54.87369281745461,0,none
Line-F,2026-01-01 03:40:00,73.46270902187753,51.67819224136287,3.3196483581727945,16.724850589453713,101.16925614549432,50.97788713078693,0,none
Line-F,2026-01-01 03:45:00,72.29754241600028,52.52831812789535,2.844444953244015,16.553037645867615,108.05648790133732,45.73561266796555,0,none
Line-F,2026-01-01 03:50:00,72.51630520830281,48.987635811962605,3.193620327978961,17.222114704952055,104.66465640275904,47.62960201933224,0,none
Line-F,2026-01-01 03:55:00,69.28551118814022,54.59807374201864,3.1599009882394906,15.1888434069643,103.84509618337624,52.35853231747744,0,none
Line-F,2026-01-01 04:00:00,74.76059175768454,57.31113235445643,3.010073676441648,16.382355129424198,108.34924743525708,52.78077720410276,0,none
Line-F,2026-01-01 04:05:00,71.29232742646163,54.15437276425532,3.150991635516593,17.45340764363143,101.36066648400087,46.07849575423844,0,none
Line-F,2026-01-01 04:10:00,70.974719345625,55.01805621151391,2.7543572003648054,16.684559037253237,101.71241936389744,56.84023063510234,0,none
Line-F,2026-01-01 04:15:00,70.25817970426927,55.84623042087919,3.0707434009768737,15.114180508514718,100.2385942507927,57.02953550674425,0,none
Line-F,2026-01-01 04:20:00,69.61713713494515,56.76742400367348,3.4910178817755018,15.430834711097578,104.50613123409494,50.48314629632131,0,none
Line-F,2026-01-01 04:25:00,73.9697874674142,58.40369831990863,3.121637209128266,17.96617391399078,102.59112619270245,50.93903982841527,0,none
Line-F,2026-01-01 04:30:00,71.82517149015364,54.98759386223054,3.542723287500433,16.994749801699676,101.3585816631474,55.62359895626511,0,none
Line-F,2026-01-01 04:35:00,71.24153186531117,56.64674978116926,2.704371679202663,16.77017527878685,102.29778828388106,48.23339694796196,0,none
Line-F,2026-01-01 04:40:00,71.83909683945762,53.04352772803559,3.197805615195519,16.096644291315187,94.03985516399848,49.30972785947208,0,none
Line-F,2026-01-01 04:45:00,72.11933044860301,55.97389869781668,2.9222510939607957,17.513821227353496,105.32690445218824,54.80398872816271,0,none
Line-F,2026-01-01 04:50:00,72.00381074690561,56.13415045983884,3.741435897857238,17.563368459855724,105.86602137904104,53.45648377253286,0,none
Line-F,2026-01-01 04:55:00,74.47301189037906,54.53641820933291,3.0057808756904776,16.07291083692669,112.42828809211017,53.64106133626863,0,none
Line-F,2026-01-01 05:00:00,74.3060426769255,55.88233653671192,3.1078752544489188,16.374283605991874,101.8002101778473,48.0929579996568,0,none
Line-F,2026-01-01 05:05:00,71.66267853178107,52.00693757728338,3.844931316028287,15.778196331804471,105.12376036102528,56.82686130606524,0,none
Line-F,2026-01-01 05:10:00,73.24540527256202,56.78520537814719,3.2561475575899363,18.174158475521292,101.78992760065864,52.11578374363127,0,none
Line-F,2026-01-01 05:15:00,72.64129743697372,52.36499725037089,3.21159201038534,19.054312681396567,101.90797258191915,53.446582610330495,0,none
Line-F,2026-01-01 05:20:00,72.94228251104325,55.39093872377357,2.8156865287313178,17.396560554637738,112.2073786024274,51.49830655170639,0,none
Line-F,2026-01-01 05:25:00,73.33427948682068,55.064718286548384,3.489452565946091,18.82361492950346,99.97309478612038,54.87863819044605,0,none
Line-F,2026-01-01 05:30:00,74.57446717155818,52.77288826512095,3.1040332779581137,16.821263971728847,102.65193193160924,51.267955829178646,0,none
Line-F,2026-01-01 05:35:00,70.53365680282648,57.09492281967872,3.181849812646581,18.824361900859547,104.92339206022854,50.28326374495189,0,none
Line-F,2026-01-01 05:40:00,75.04125576419653,55.89051973259716,3.288639543626199,17.339102158803104,106.14167993951855,56.6206157996605,0,none
Line-F,2026-01-01 05:45:00,72.41125746433919,52.47847098294139,3.3216459256131534,15.896181906741443,101.85784489774863,53.46238973987634,0,none
Line-F,2026-01-01 05:50:00,73.49337850941123,51.131823508298815,2.911805931436755,16.20879823308965,98.29906454110387,53.79617168319081,0,none
Line-F,2026-01-01 05:55:00,73.73102796451442,60.06615333118131,2.7169761651370568,16.690742787760442,97.63887776836076,54.439138319586895,0,none
Line-F,2026-01-01 06:00:00,71.76219381795643,54.11783841580104,3.0627116788339834,17.009751788128153,103.00941409876388,55.51400013703128,0,none
Line-F,2026-01-01 06:05:00,72.45337348201531,53.0278637376021,3.2450128947906225,17.671040960863806,104.9642657710516,54.26762387903065,0,none
Line-F,2026-01-01 06:10:00,71.11753397442375,51.367121984966246,3.223086645801775,16.143634768113223,108.86217162014871,57.71264968817803,0,none
Line-F,2026-01-01 06:15:00,73.4985236541101,57.00526618037937,3.334742875956308,16.765291807540905,101.26127716984364,48.53614564543639,0,none
Line-F,2026-01-01 06:20:00,72.64310728272542,56.47133401825655,3.076737315643192,19.01583199247381,108.1835616538576,50.94665237505123,0,none
Line-F,2026-01-01 06:25:00,72.09982487424975,53.49325961704508,2.762959163336045,16.84580040503522,103.56944579278743,54.68233005631404,0,none
Line-F,2026-01-01 06:30:00,73.15698428554363,56.96253745786195,3.3159453114632487,16.49704342979788,100.89695755073475,60.41048112469438,0,none
Line-F,2026-01-01 06:35:00,72.54358488949097,52.18367008444598,3.650668091076626,18.14701197096258,105.02535175985784,56.365336969307805,0,none
Line-F,2026-01-01 06:40:00,75.30117317803371,56.41827131535864,3.261552676729756,16.321435271191373,112.62919822760514,55.71806800287831,0,none
Line-F,2026-01-01 06:45:00,71.70430321568023,53.7229851750128,3.1674280992118504,16.822328627194448,111.75248129301173,48.880409866363806,0,none
Line-F,2026-01-01 06:50:00,70.53344315449964,54.4425293043604,3.543252877249736,17.982736682727573,102.09323694372635,53.9801471659338,0,none
Line-F,2026-01-01 06:55:00,72.95234681693772,55.47603250149315,2.9165257296288862,17.616743666402197,106.73488770299308,56.23946734473178,0,none
Line-F,2026-01-01 07:00:00,72.2631867907635,52.10960826348244,3.4370572454299424,17.98385820496429,105.0441704887844,50.21503781076624,0,none
Line-F,2026-01-01 07:05:00,72.55802531348907,54.41576160312896,3.629703340147973,17.588287302222145,107.19199034989065,51.44641203932688,0,none
Line-F,2026-01-01 07:10:00,74.04960455931503,57.73332602746447,3.4741033880847185,17.322780802259317,100.44115465425604,50.31264569752563,0,none
Line-F,2026-01-01 07:15:00,74.32679253981993,53.79485460026644,3.171392234780577,15.536122558925236,112.60534048550116,55.38763222009966,0,none
Line-F,2026-01-01 07:20:00,73.89444601385135,53.37679205953286,3.4490893245804566,16.168387446666653,105.8075547468032,53.48991678887884,0,none
Line-F,2026-01-01 07:25:00,69.34815533973395,52.07212924954674,3.473439497096928,15.28107216745305,111.20225589785257,60.01558854605444,0,none
Line-F,2026-01-01 07:30:00,71.6918170983265,55.95214517147083,3.375278567463573,16.741762096070254,108.13702606044475,50.66409139839102,0,none
Line-F,2026-01-01 07:35:00,71.63266092428044,56.03361219222967,3.262097126924761,16.11833025257823,103.43725751816076,51.82847196347021,0,none
Line-F,2026-01-01 07:40:00,73.05470607244511,55.14022654044686,3.205442438248467,16.954562968817918,103.89884090218465,56.53770605676304,0,none
Line-F,2026-01-01 07:45:00,72.02356547363628,55.97517122208895,3.266783226025009,16.6375636341369,108.84613113553644,52.08643091185266,0,none
Line-F,2026-01-01 07:50:00,71.28338808188543,56.929472782288286,3.3509958000598465,17.281220313211737,99.23130922376698,48.72214181612518,0,none
Line-F,2026-01-01 07:55:00,71.06451262886786,55.62990260225999,3.106440096058274,16.42864649902521,99.5067721665822,50.80092473236815,0,none
Line-F,2026-01-01 08:00:00,74.26578206583332,55.14180687218793,3.074645092914836,15.95517533708434,102.66952092016898,46.6858713344396,0,none
Line-F,2026-01-01 08:05:00,72.02605590317845,54.88619802175838,3.317600008154521,15.835381902754538,110.47027914347152,48.09935872241216,0,none
Line-F,2026-01-01 08:10:00,71.08052763242694,53.67691220931413,3.645559394428588,17.172943935058424,107.53702532479774,52.552208314280655,0,none
Line-F,2026-01-01 08:15:00,72.95673980889765,57.50397586319689,2.747242912644023,16.389183570105324,108.61994869979658,51.622518976160805,0,none
Line-F,2026-01-01 08:20:00,69.2507255263995,52.198735062040974,3.118288184068394,16.01745159131402,108.7165803643012,56.990852547092736,0,none
Line-F,2026-01-01 08:25:00,71.52890575889279,53.43251081173885,3.147063255657301,16.800674550497654,106.44627181052674,48.63771766160903,0,none
Line-F,2026-01-01 08:30:00,70.83442944835701,56.40000599080765,3.4251590957348075,17.268163997079114,109.7218138445094,53.502589370636855,0,none
Line-F,2026-01-01 08:35:00,70.48941578911894,55.36462280874432,3.2584127765251454,18.10003618697332,107.98719627027816,51.9060702880759,0,none
Line-F,2026-01-01 08:40:00,74.23216628473602,57.22209452126548,3.413608016852117,18.26783977913592,104.43412421451178,51.562287487752016,0,none
Line-F,2026-01-01 08:45:00,74.132520250669,53.59480339387625,3.073653219551254,18.40357339372049,100.98690927149754,56.4151010097347,0,none
Line-F,2026-01-01 08:50:00,71.52823750437625,54.48855948654075,2.867694011911977,18.100718422673157,108.53903108543987,53.20364678512145,0,none
Line-F,2026-01-01 08:55:00,70.93151338552863,51.21193294809358,3.00446027581709,17.783474963493564,108.76692578546196,50.86723395202033,0,none
Line-F,2026-01-01 09:00:00,73.59188420043269,53.7559907990857,3.171700917317096,15.83503838416707,100.64332349603733,55.552956657664495,0,none
Line-F,2026-01-01 09:05:00,72.42309140641576,55.89100221824711,3.6352512235510313,16.29294478855001,111.18249554814138,50.49465631507259,0,none
Line-F,2026-01-01 09:10:00,70.96593507519052,53.572412539660846,3.244601482590843,16.99491384883414,102.85083934065476,47.17659866892486,0,none
Line-F,2026-01-01 09:15:00,71.15845765464803,54.86756740090761,2.568791060617829,16.971348961196995,100.03427809193768,47.52254877923805,0,none
Line-F,2026-01-01 09:20:00,71.77632505272302,52.66059431165016,3.0849349522526515,17.458559112012015,113.13482128264944,55.7161924769757,0,none
Line-F,2026-01-01 09:25:00,72.76853708694401,54.5130731683655,3.358613785098148,17.02201230202554,109.19091975720104,50.467901146205634,0,none
Line-F,2026-01-01 09:30:00,71.34430161824088,52.93311889562685,2.9505332834495035,16.045689283495186,107.51105076027162,49.56246991930454,0,none
Line-F,2026-01-01 09:35:00,72.12209973082743,53.17638785903285,3.287172214458908,16.087931664801598,99.49346822944216,49.58828831443013,0,none
Line-F,2026-01-01 09:40:00,70.27814580410127,53.43008429839792,2.497964831379269,15.956315511080843,102.92994733548588,54.10345078521383,0,none
Line-F,2026-01-01 09:45:00,71.86453777212387,53.34033309092297,3.026146008040312,18.046848085729003,108.04809894160456,52.46285033394242,0,none
Line-F,2026-01-01 09:50:00,72.42379219291892,56.43831009545768,3.155900223173388,17.44159995293454,100.08454383493088,50.28447570054898,0,none
Line-F,2026-01-01 09:55:00,69.18976872279252,60.47245403041812,3.368711355398571,17.999377646136566,102.9824145537134,46.73246298516551,0,none
Line-F,2026-01-01 10:00:00,70.84232036296424,54.37711758740265,3.193304774503574,17.832109831735117,100.54578060615052,47.44854518209765,0,none
Line-F,2026-01-01 10:05:00,71.52635363961205,56.06581515415436,3.0621951537775978,15.914632827524274,106.5744867189847,53.309541564858726,0,none
Line-F,2026-01-01 10:10:00,70.26610993037261,54.69717320717769,2.9836941548597893,17.88360518350963,107.1979908816235,46.60227341842672,0,none
Line-F,2026-01-01 10:15:00,68.22744365809997,53.00759863303987,3.2478009926971136,17.365174969315458,97.17497034691974,51.80107340309824,0,none
Line-F,2026-01-01 10:20:00,70.89856541251268,53.65793148391177,3.2390634937594114,16.781646132711526,107.55169100049504,52.81107014342789,0,none
Line-F,2026-01-01 10:25:00,69.40386420252513,52.702560600510495,3.422843318070834,17.60292915858112,97.26641152155268,51.90858885301687,0,none
Line-F,2026-01-01 10:30:00,69.33209231435254,51.71398743711854,2.9188530372572155,18.8563722849072,104.81726125204358,47.76300264620443,0,none
Line-F,2026-01-01 10:35:00,68.80948881164247,54.58388138418623,2.8995275297987653,17.7123259028804,106.46490286245522,49.13767028563144,0,none
Line-F,2026-01-01 10:40:00,67.90800213633193,55.01187253182559,3.2365354630322813,17.11656867923017,105.979220396156,50.48353382694352,0,none
Line-F,2026-01-01 10:45:00,68.16882194220939,52.76857840805034,3.6597123845234423,17.105563419323794,103.90754275002544,52.71590293362473,0,none
Line-F,2026-01-01 10:50:00,71.05846808640767,55.19677615949046,2.6266531896933114,17.401869110970374,104.93577236137352,46.4560950415298,0,none
Line-F,2026-01-01 10:55:00,70.49122370421335,53.73567212459349,3.2799049168883325,17.29697550356963,100.60391623036826,48.42043634459993,0,none
Line-F,2026-01-01 11:00:00,67.60124725063045,55.810832074354245,3.232116098159429,17.228537645629764,100.85495573547291,48.37361116254918,0,none
Line-F,2026-01-01 11:05:00,67.19611307435981,56.526191461402725,2.857180193948454,15.36093886756682,98.48506728218248,51.98652810973943,0,none
Line-F,2026-01-01 11:10:00,70.61442152264223,55.687381830949015,3.446472551290216,17.884366684606004,100.39156690016476,54.06234420046041,0,none
Line-F,2026-01-01 11:15:00,68.11594179034863,55.50183020673502,3.038409022881348,16.103148132464167,105.36616586394486,47.195551478510914,0,none
Line-F,2026-01-01 11:20:00,69.1343581038135,52.84693438674152,3.788477557494284,17.308008548096023,107.02687320389671,46.85352917035298,0,none
Line-F,2026-01-01 11:25:00,69.13073917769474,55.23628283074578,3.171575453974541,17.162653768731552,105.72482780602664,43.53320018227802,0,none
Line-F,2026-01-01 11:30:00,68.86476506217106,55.06700119449924,2.6836972198679447,17.142459603486444,103.18015575274474,51.94646023949228,0,none
Line-F,2026-01-01 11:35:00,69.98509665027242,57.20899322656246,3.0391170185604364,16.30383577235102,101.6494279954399,44.82636942456014,0,none
Line-F,2026-01-01 11:40:00,67.496924157559,56.32276133943944,3.5696929428625306,16.093584716717878,106.73345127022368,46.54793455506838,0,none
Line-F,2026-01-01 11:45:00,68.61230088429801,52.55383617157803,3.5618136770228666,16.564908545022718,101.28962777893965,43.12227828583551,0,none
Line-F,2026-01-01 11:50:00,67.65342274006284,54.26901518639384,3.255436842478292,17.466710497820817,104.83833423269296,47.08212047934774,0,none
Line-F,2026-01-01 11:55:00,67.00663027527537,55.3438731162822,3.5627292517832947,16.056399016281368,109.6231541643943,51.867145335100034,0,none
Line-F,2026-01-01 12:00:00,67.42050410737394,56.01090129139259,3.5041151466200087,18.17294594416033,103.91993183486274,51.50503949221374,0,none
Line-F,2026-01-01 12:05:00,68.36273656948147,54.70129478337042,3.246990657838125,16.732290205345993,104.2128266934229,48.66959898762551,0,none
Line-F,2026-01-01 12:10:00,68.01929029675601,53.42663655633542,3.834181621495896,18.960335417008626,97.53137374839626,47.534921424884566,0,none
Line-F,2026-01-01 12:15:00,66.33149425613227,55.88714088593216,2.837941109467625,16.351193904607385,104.32293463382068,49.36387282804253,0,none
Line-F,2026-01-01 12:20:00,65.75245455862522,52.42766679121876,3.2352113710594264,16.92568025691888,110.33254602087676,46.26040700647028,0,none
Line-F,2026-01-01 12:25:00,67.98865675305835,51.54860914117698,3.2292194854975467,16.86290745312065,111.93998507229676,48.86583999980342,0,none
Line-F,2026-01-01 12:30:00,65.6500720481643,49.93747130301183,2.9698998157329006,16.980533925249787,111.77006630228078,43.55711555960271,0,none
Line-F,2026-01-01 12:35:00,66.2196961422189,55.26537307981612,2.8439984838286225,17.913182209319025,103.68877067744302,46.62782682290758,0,none
Line-F,2026-01-01 12:40:00,64.53253689543548,55.43582957846933,3.5044115920207983,16.97282168945805,111.08068404330989,50.48912698817007,0,none
Line-F,2026-01-01 12:45:00,65.02337495823804,52.151482826332014,3.230788731935991,17.16536151419527,98.51750509311638,49.72966361313104,0,none
Line-F,2026-01-01 12:50:00,66.97503529393133,55.67597433258766,3.5999623942355927,16.598626455019364,98.77874170938138,48.13581529280832,0,none
Line-F,2026-01-01 12:55:00,65.8671029587123,57.57176046069592,3.4691191633977425,15.74957128363771,107.31986172286264,48.6144884855996,0,none
Line-F,2026-01-01 13:00:00,66.76496660723289,52.79550791083021,2.9627096718445904,17.025355958571964,107.195505050153,49.12970824106954,0,none
Line-F,2026-01-01 13:05:00,62.897254784081085,55.7864245244574,3.1801073768691803,17.39884275588038,105.89322768235976,48.75148482710682,0,none
Line-F,2026-01-01 13:10:00,64.69369616135984,55.03798640784091,2.881828953727421,17.15189993514969,110.91952539289989,44.97472683790339,0,none
Line-F,2026-01-01 13:15:00,66.48881448616402,52.403409714909,3.0867256307174085,18.353141445360315,100.57012084882771,44.2494667758828,0,none
Line-F,2026-01-01 13:20:00,64.49010018897151,52.93806305837662,3.1454411140761747,18.039411899700536,96.53417255596166,53.147366568784925,0,none
Line-F,2026-01-01 13:25:00,68.89459982095363,56.951001240311285,3.11628604910583,17.84080127456362,107.44700605337596,45.674532346326586,0,none
Line-F,2026-01-01 13:30:00,66.54494899804138,52.56032002483679,2.6666894570152597,16.1394545785314,103.24846377917542,44.77793244549444,0,none
Line-F,2026-01-01 13:35:00,65.92533939627526,54.63546304572248,3.0921306870039604,17.108620768006794,107.88095399850512,45.241848713113846,0,none
Line-F,2026-01-01 13:40:00,63.89861295525523,53.90735727200497,3.3755234880057845,15.69178545742766,108.07101150878393,49.06833747503363,0,none
Line-F,2026-01-01 13:45:00,66.34816889016456,53.75873091014428,2.8431374193674483,16.179096856710387,102.9955466565855,44.87716051178917,0,none
Line-F,2026-01-01 13:50:00,66.67214725336251,53.41298748077159,3.3882347037966203,17.770200024002683,112.67756767239602,49.648647831227,0,none
Line-F,2026-01-01 13:55:00,65.70104036690047,54.43750428842985,3.199007189149104,17.377519792503858,101.14395753205817,49.157661447601896,0,none
Line-F,2026-01-01 14:00:00,67.40662135959104,56.122470818428496,2.928580563676652,16.471040691655475,112.90635918063828,47.708161893419664,0,none
Line-F,2026-01-01 14:05:00,63.62711702832805,54.02384881628192,3.2086465398645747,17.11187394514436,100.78957331200098,46.31380957829845,0,none
Line-F,2026-01-01 14:10:00,65.69184857141344,54.41760943322453,3.5012553136916464,17.300386107218024,104.63752504191991,46.59085080463647,0,none
Line-F,2026-01-01 14:15:00,63.29011352115042,54.482757335736046,3.407697121220435,17.02676402943066,107.29397681250956,48.573128421662815,0,none
Line-F,2026-01-01 14:20:00,63.42825884059025,54.64143128825458,3.021787561480867,15.85747348144994,109.7617049735187,47.65119867747537,0,none
Line-F,2026-01-01 14:25:00,63.62528733331099,51.77876223819692,3.1653911844807374,17.002870974913066,107.7366957702002,44.51122127778479,0,none
Line-F,2026-01-01 14:30:00,65.51590034354926,56.33319180915444,2.9149853111825363,17.32606759587501,105.21879345204113,46.99291361420197,0,none
Line-F,2026-01-01 14:35:00,62.66141426460478,54.629949478492186,3.0766275208179725,17.70072634954509,105.21558161619664,43.87508235261329,0,none
Line-F,2026-01-01 14:40:00,65.50503217355175,58.7743553119272,2.9095240283814627,15.655175604575208,107.94190007101652,49.0406203404628,0,none
Line-F,2026-01-01 14:45:00,62.35596998969636,56.6648415367787,3.3390209284844348,16.47629035371117,99.77873223536508,46.494393881631154,0,none
Line-F,2026-01-01 14:50:00,64.3004265463287,57.83289108734136,3.19514104405074,17.090103530653856,108.16707306100928,47.70019828719249,0,none
Line-F,2026-01-01 14:55:00,61.664653068664336,56.55482127422118,3.700493446894876,17.398936369666455,108.85687812651894,43.64473840017974,0,none
Line-F,2026-01-01 15:00:00,65.12206538992179,56.69666704518392,2.923455229159821,16.501593831704366,106.1024118050785,49.16134505650692,0,none
Line-F,2026-01-01 15:05:00,63.77235144629525,53.666833105649005,3.7860351894934494,16.513619527298072,105.77097578303866,43.172754778270566,0,none
Line-F,2026-01-01 15:10:00,62.67548886347396,52.69151757723741,3.5229394882986504,17.678200598104123,104.4811573025508,48.99527428441082,0,none
Line-F,2026-01-01 15:15:00,62.70598122400592,54.57772127467894,3.307028431618335,15.982912342855917,107.09921327349204,45.48993504892956,0,none
Line-F,2026-01-01 15:20:00,61.0964196408512,53.01669706675703,3.2787912384499847,15.171221429544534,105.28787250208546,41.5412420566583,0,none
Line-F,2026-01-01 15:25:00,62.7883165219891,56.74678844460223,2.979752626862214,15.983509241136511,107.98318954508473,44.36344705204349,0,none
Line-F,2026-01-01 15:30:00,63.54992213491992,56.55524514595108,3.4692180969124804,15.824174456027295,110.25688682065844,47.03580368500893,0,none
Line-F,2026-01-01 15:35:00,62.05348847544124,51.476668598693166,3.0435587564853908,16.472512572987103,103.24134575354428,44.98175064921537,0,none
Line-F,2026-01-01 15:40:00,60.94505602136708,55.09232999959009,2.693308288443037,16.818226397577494,103.9518625297752,48.0434782693229,0,none
Line-F,2026-01-01 15:45:00,61.82563491782499,56.43083790521844,3.1075696400248383,18.166077275152933,99.75092252872504,52.606567544295714,0,none
Line-F,2026-01-01 15:50:00,64.849563601902,55.55526773198325,3.2236104113995743,18.94015298065961,107.14843836479442,45.80786300433192,0,none
Line-F,2026-01-01 15:55:00,62.103281366967096,56.92180837349623,3.148145503332402,16.525793405572838,105.82041777989495,47.289545323644695,0,none
Line-F,2026-01-01 16:00:00,63.21475626807656,53.19526401856096,2.7257292687944794,16.342666810858873,106.55776644395289,51.78387899100608,0,none
Line-F,2026-01-01 16:05:00,61.41785671023449,56.41774865637616,3.344328641545654,17.31846156928751,99.3769976674664,40.11775496999585,0,none
Line-F,2026-01-01 16:10:00,64.51431081104374,54.56689551260988,3.493394337598986,17.127439462117913,107.4359048781792,41.76892072033227,0,none
Line-F,2026-01-01 16:15:00,64.8970636106701,55.33920258920792,2.814670638951766,17.921913046543136,110.5336114824348,42.42817668734209,0,none
Line-F,2026-01-01 16:20:00,62.6052757497913,54.14747835110223,3.2309491807445525,17.943799717631595,108.3847838216784,50.775931307618144,0,none
Line-F,2026-01-01 16:25:00,62.43807213221836,52.96131657848831,2.57885153497062,17.25934809150681,101.29911386243862,47.44290601065443,0,none
Line-F,2026-01-01 16:30:00,60.02230744790585,55.70032616332512,3.3322731985204994,16.76803788703626,102.63781035435883,40.60847472293963,0,none
Line-F,2026-01-01 16:35:00,64.97452767865171,54.14540005047078,3.052268400178915,15.936454694218137,110.6943680752582,44.83235687491788,0,none
Line-F,2026-01-01 16:40:00,61.24020088169674,56.54727840186803,3.4715778366985344,15.717120393380302,104.11558354234832,43.28994457143197,0,none
Line-F,2026-01-01 16:45:00,61.2904447925323,54.15406986456807,3.1058702344855296,18.49373945039546,102.27975066388984,44.707203087217685,0,none
Line-F,2026-01-01 16:50:00,62.50917527759993,52.56544879484164,3.5599315781935,15.784818895439535,104.89379741005176,41.53818640876504,0,none
Line-F,2026-01-01 16:55:00,61.84129362111724,57.87904305136758,3.0340012638989107,17.352068568875477,100.90819031172803,39.28319273261124,0,none
Line-F,2026-01-01 17:00:00,60.97459608091224,56.25849376635565,3.152489133287683,16.938075232486998,108.93551148797768,44.57280842128113,0,none
Line-F,2026-01-01 17:05:00,62.89528894855186,54.93513215836968,2.7610378320311737,15.725879993349931,99.4806059889669,46.1493441080376,0,none
Line-F,2026-01-01 17:10:00,58.24846121599334,58.32031913352774,3.207133120481222,15.755707422992169,100.34933532765731,42.66782643322258,0,none
Line-F,2026-01-01 17:15:00,62.41162507503109,56.66739261896616,3.364021765157055,16.8742250491747,99.178781724389,52.054838597409066,0,none
Line-F,2026-01-01 17:20:00,59.11089150402506,51.639313502230415,3.880729972763111,17.81585677482758,100.92503876399223,48.33497232855485,0,none
Line-F,2026-01-01 17:25:00,62.10436228869034,52.72592114221575,3.00814584805995,17.59691171401313,102.37472731452286,41.89020348861485,0,none
Line-F,2026-01-01 17:30:00,61.32612768364184,56.66938379131808,2.9998553063287217,18.14337531153796,104.45191167049218,45.257097388141176,0,none
Line-F,2026-01-01 17:35:00,59.6829347380118,53.22078979766961,3.572691122612965,17.78002796727334,98.98930575308924,43.69317241882068,0,none
Line-F,2026-01-01 17:40:00,60.11901288792396,53.38760928649461,3.892802079440614,16.912684917056197,101.7721622807063,45.30153881840827,0,none
Line-F,2026-01-01 17:45:00,63.673567871937806,55.676190811973335,3.146413739650814,16.400099047055253,104.44054941305822,44.299382641983385,0,none
Line-F,2026-01-01 17:50:00,66.14868633265812,56.68806312191963,3.0690572657305406,15.74389826421214,107.74909905452324,45.8482846994495,0,none
Line-F,2026-01-01 17:55:00,59.51006746883966,55.777099995276735,3.2846774837000603,16.90408380515324,102.33910422723966,37.98976291664546,0,none
Line-F,2026-01-01 18:00:00,62.73344860342296,57.01647457711952,2.8607622486089253,15.537696835277952,103.97515175681312,45.5708610836203,0,none
Line-F,2026-01-01 18:05:00,63.55658239553307,59.09175116805178,3.3167539945384146,17.708616404093576,103.92707245074396,41.74085751595224,0,none
Line-F,2026-01-01 18:10:00,63.77794044040628,51.114829799802365,3.634668181101624,17.878533319532178,108.23596640390272,46.0679580282894,0,none
Line-F,2026-01-01 18:15:00,61.58545960219621,55.46237434865815,3.2265756427122696,16.19120307197889,100.19554073835867,48.44548404236962,0,none
Line-F,2026-01-01 18:20:00,62.94402139669878,54.73740617573741,3.122767931312256,16.95762395084266,104.4856073521077,44.68990698602492,0,none
Line-F,2026-01-01 18:25:00,60.8588376557032,54.20125923753118,3.028502508558193,15.61978894930764,101.27444157286162,47.99880866824878,0,none
Line-F,2026-01-01 18:30:00,63.60146485648063,53.71494429563501,3.129516503838498,15.638683662423984,107.25033949428293,45.37464149269604,0,none
Line-F,2026-01-01 18:35:00,63.786621268893285,55.19127887878015,3.126936241576989,17.117263100535148,102.96440683346174,43.68449990389363,0,none
Line-F,2026-01-01 18:40:00,59.86594213397607,55.89423535863681,3.6180175686690537,16.32156042726263,105.96319682478811,45.0808511648465,0,none
Line-F,2026-01-01 18:45:00,66.27476429937147,50.07458091897371,3.111540176933382,17.081631590967188,99.95839501108718,42.03940229905447,0,none
Line-F,2026-01-01 18:50:00,59.42664790170099,57.1642162810056,2.8716317605673813,18.235133852457107,108.6615003095702,45.97677306756965,0,none
Line-F,2026-01-01 18:55:00,59.35836108618301,56.34440552138134,2.9308002416581926,16.632799675002804,110.63410341830028,40.47309478042558,0,none
Line-F,2026-01-01 19:00:00,62.66888239409042,54.63620495254419,2.8088954836923934,15.615145304634805,102.27102785363851,45.00269148722138,0,none
Line-F,2026-01-01 19:05:00,59.88233588574852,53.538922514941895,3.4761761010595498,15.776343851329008,106.84435686371704,46.17763257285225,0,none
Line-F,2026-01-01 19:10:00,59.9209620952816,55.01602136919219,2.980767027110569,16.197513408887485,113.66759461872203,40.81889917696037,0,none
Line-F,2026-01-01 19:15:00,63.59024959576958,53.84559367447163,3.2958248714759075,14.289961843842782,102.80885923292078,49.29182458232033,0,none
Line-F,2026-01-01 19:20:00,62.339088585649655,56.30220173439535,3.707518338774042,16.874323430359517,102.7978500175438,43.83225484550333,0,none
Line-F,2026-01-01 19:25:00,62.456957588097865,56.6326650262879,2.9374523155829806,15.846822404117704,111.07512578208302,42.70272921200147,0,none
Line-F,2026-01-01 19:30:00,62.87222625307175,56.141907866198025,3.3977636903736,18.063155361020023,106.39981628416568,48.67242076877423,0,none
Line-F,2026-01-01 19:35:00,62.34984439288814,53.7649487688795,3.316604564924447,17.313664374703617,109.44993755690552,41.08946515751525,0,none
Line-F,2026-01-01 19:40:00,61.99806985883103,53.79117041750982,3.050961512626358,16.220983878212113,107.85948458275334,43.32166309796164,0,none
Line-F,2026-01-01 19:45:00,63.50363844718377,56.28844827740542,3.668437392208131,17.224100120958937,107.31980482313016,52.09174263486788,0,none
Line-F,2026-01-01 19:50:00,60.91726048456492,53.83491992158836,3.0738896631206702,15.480626312562164,115.34847751663074,51.87877704074016,0,none
Line-F,2026-01-01 19:55:00,63.07296555391832,60.81799516334305,3.03027504381557,16.563864885839667,103.63457880014184,46.47405680744077,0,none
Line-F,2026-01-01 20:00:00,64.1217507200865,55.11886926694071,3.19895075210232,16.48264954916299,104.2735443765234,46.52295138721325,0,none
Line-F,2026-01-01 20:05:00,64.15038763237797,52.59335549168107,3.2906148492496343,16.672594922663414,101.78189729648442,48.70929118411144,0,none
Line-F,2026-01-01 20:10:00,62.73800260950659,55.31752575395486,3.3369753115327123,17.079199471102648,101.88863949137404,48.98213686058495,0,none
Line-F,2026-01-01 20:15:00,62.523009981816,52.52856953310375,3.1768877137648537,18.169400189035617,105.17135187716588,41.42390111389416,0,none
Line-F,2026-01-01 20:20:00,62.16710213417777,51.09575283750522,2.842994720707094,14.877815388554012,109.9429688069788,42.30591419378125,0,none
Line-F,2026-01-01 20:25:00,64.51063238970656,55.03469783350295,3.011756820564558,18.153845599349648,101.9804626772756,49.02016291547411,0,none
Line-F,2026-01-01 20:30:00,61.4199370628346,52.82104509722271,3.43014058021331,17.531689863277666,95.91161504903232,44.0273633209153,0,none
Line-F,2026-01-01 20:35:00,62.05052614196536,56.53455680339363,3.462448449693385,15.60172707171992,107.16419181847289,49.11374595861449,0,none
Line-F,2026-01-01 20:40:00,64.70180400957045,55.93081829541958,3.4945578243521083,17.247295164642924,107.32069686280563,44.1128429308102,0,none
Line-F,2026-01-01 20:45:00,63.82190269186881,54.244753101900656,3.6761760229226383,17.5375669229795,104.27629095359106,49.96157469638732,0,none
Line-F,2026-01-01 20:50:00,62.08781024567619,55.96025138094029,3.215167834661843,15.885773601515886,108.10334960738828,48.70455118137912,0,none
Line-F,2026-01-01 20:55:00,64.79243608993593,54.43214600881436,3.234903366087044,16.937448033473267,108.28129916580852,44.48056779114046,0,none
Line-F,2026-01-01 21:00:00,62.40448157802416,55.30027710363476,2.679055416322471,17.931595854339754,102.19694398363067,45.626660540469175,0,none
Line-F,2026-01-01 21:05:00,65.88298681207326,55.55945716749424,3.5408655155603004,17.44577860929981,105.7530986988888,47.45027643637682,0,none
Line-F,2026-01-01 21:10:00,61.3919443405034,55.47040103056238,3.499621632191071,17.15397408946324,105.3287190662226,42.85435479503496,0,none
Line-F,2026-01-01 21:15:00,65.36091931185518,54.28860432414393,3.116502173642385,17.061320781139028,105.06595800265254,47.13699992424208,0,none
Line-F,2026-01-01 21:20:00,68.00428007528593,54.96596536157207,3.509497888658167,16.778282744868765,105.38973263658988,45.399225217801565,0,none
Line-F,2026-01-01 21:25:00,64.73847112168976,54.53017015389848,2.8205293560539126,17.88004619825539,108.123584699227,44.871683802744194,0,none
Line-F,2026-01-01 21:30:00,63.67341000181642,54.18346288935139,2.7216939792210795,17.363433863020234,100.823138715953,49.657187471493366,0,none
Line-F,2026-01-01 21:35:00,63.675797675939954,51.77625883464076,3.913194336392828,17.238834884121587,103.3480193243866,41.71282921472949,0,none
Line-F,2026-01-01 21:40:00,68.79876560120536,54.96097382155877,2.809748419669123,17.010409343655876,102.93017466288882,50.26507869332997,0,none
Line-F,2026-01-01 21:45:00,60.914168286242926,58.46464966361731,3.12224027843905,17.51422025127133,108.05381169069749,50.55344805459513,0,none
Line-F,2026-01-01 21:50:00,61.43525181631203,54.45333725344986,3.2884510208604283,18.14927877389128,103.4903142759241,50.50010685110376,0,none
Line-F,2026-01-01 21:55:00,62.601255952165246,53.92712524839461,3.1347878293904907,17.530149236279485,102.92476446772952,46.97478233097168,0,none
Line-F,2026-01-01 22:00:00,63.89832457335701,56.80959993163962,3.091084180007435,17.03137244241823,101.83094515612072,46.97761247600672,0,none
Line-F,2026-01-01 22:05:00,65.51352738406278,57.55138402796384,2.774492265861776,16.486917448411027,105.61189758346616,43.83907751413897,0,none
Line-F,2026-01-01 22:10:00,66.76917984645927,49.87847995321516,3.793182952953556,16.24311935823137,97.63652373195792,52.5085122648548,0,none
Line-F,2026-01-01 22:15:00,64.49833868513306,53.94149517761437,3.3058675067648053,18.051578509680738,102.12049777375466,47.87287599926998,0,none
Line-F,2026-01-01 22:20:00,63.11134757043174,54.15431128244349,3.6819147937019303,16.73315094757741,106.01216268789776,54.92361180358651,0,none
Line-F,2026-01-01 22:25:00,66.38161256529969,49.03772513607461,3.4107777271613737,16.050953160961544,104.45008523186294,47.694749360545856,0,none
Line-F,2026-01-01 22:30:00,67.83711849356442,53.61876554312295,3.1359947104382546,15.654515607285074,103.06511956290208,50.591489657628514,0,none
Line-F,2026-01-01 22:35:00,67.54434470060657,56.011506018649456,3.060647111953678,15.8274025982208,100.88074884814982,45.50443115700173,0,none
Line-F,2026-01-01 22:40:00,65.93590857094999,51.131324272410495,2.760772925003494,17.36568289639295,108.17093794247464,46.79556997597649,0,none
Line-F,2026-01-01 22:45:00,63.58277365660457,56.26696093023736,3.2780606795228624,16.46943075336346,104.2070666571674,48.05076842312829,0,none
Line-F,2026-01-01 22:50:00,66.85884677674873,56.814551588731966,3.4143736804758724,17.42361033874593,109.8389454169194,43.74931051700948,0,none
Line-F,2026-01-01 22:55:00,63.028763111219845,54.58916145719187,3.2139504795675786,17.203561556326786,105.66216220742707,45.545058743858576,0,none
Line-F,2026-01-01 23:00:00,66.7286446457214,55.95698602974274,3.2211922481785185,17.219416449330506,111.16990846204357,51.11757414781209,0,none
Line-F,2026-01-01 23:05:00,65.13940664492553,54.92337918675381,3.042784181269443,16.363933259438905,106.4161811519771,49.46657047781537,0,none
Line-F,2026-01-01 23:10:00,64.94544774178861,52.63228589992656,3.71490098849357,16.94353180716646,103.09258139643212,43.64520773564677,0,none
Line-F,2026-01-01 23:15:00,67.33698959430761,57.9259119084678,3.496585274449731,17.397424815223257,106.2053730674634,46.84330191043189,0,none
Line-F,2026-01-01 23:20:00,65.48500463837453,53.82960380249397,3.2131131644357502,18.374530353541225,100.2311667899919,46.88224152585748,0,none
Line-F,2026-01-01 23:25:00,65.26364542888058,53.90812043564127,2.9477122978289407,16.55666968648447,100.62674870583012,47.06445350672436,0,none
Line-F,2026-01-01 23:30:00,65.20352200632242,54.75938992696994,3.6828384737241753,17.82953755972891,102.41065352668495,52.46696808082831,0,none
Line-F,2026-01-01 23:35:00,67.06153192166437,57.694771877492975,3.225239990120484,16.32764719715468,106.15280234135464,54.89362644785284,0,none
Line-F,2026-01-01 23:40:00,65.42036649479809,57.10878088155672,3.3577116532284697,17.834996770813245,105.93155609894892,47.532880041129765,0,none
Line-F,2026-01-01 23:45:00,66.3569688139474,54.49769426484146,3.372777765618888,16.8205153460747,109.09585452048704,44.89055023822749,0,none
Line-F,2026-01-01 23:50:00,69.47089540834133,54.39894463698996,2.849586165808943,16.277030696568872,108.31839353941498,49.608488909114286,0,none
Line-F,2026-01-01 23:55:00,70.10122767966057,55.96015873354598,2.5627609591075746,17.951478126665577,111.70871454288516,45.96474782781358,0,none
Line-F,2026-01-02 00:00:00,66.64962056491487,58.34160501012929,3.140768194572436,16.768001268771627,110.1668658384472,47.66429172278981,0,none
Line-F,2026-01-02 00:05:00,68.14097448598692,56.35645921483062,3.640774762283447,17.798302094680366,103.22755543662568,49.370907697037765,0,none
Line-F,2026-01-02 00:10:00,66.21432212288587,58.695084603774895,3.045658187355809,17.37281178941824,103.61523094000708,48.75807969722343,0,none
Line-F,2026-01-02 00:15:00,68.40511560689193,54.69890832242636,2.552085718975974,17.219587162048132,104.46104714817518,51.95216706679426,0,none
Line-F,2026-01-02 00:20:00,69.0950246396461,55.19935421718462,3.114326060739277,15.630813861733392,103.29129969931078,44.94204466606158,0,none
Line-F,2026-01-02 00:25:00,67.536244642103,57.00638908229442,3.238073137867733,18.2663294319686,104.50721976335105,48.89517788389871,0,none
Line-F,2026-01-02 00:30:00,69.25052335939799,53.02104712197761,3.1016031118431813,17.838395487236063,105.17906696687824,53.51809334273297,0,none
Line-F,2026-01-02 00:35:00,67.75359942318754,53.15299246579568,3.013292471924051,17.952554305151445,112.8290009018404,49.34949711038465,0,none
Line-F,2026-01-02 00:40:00,69.47249095913821,50.25325356395719,3.5041964215664585,17.59415712902139,103.17330662993048,51.66360581489677,0,none
Line-F,2026-01-02 00:45:00,69.58314393706188,55.59178361608598,2.757644992938989,17.166904009609283,102.7814502557204,51.07191730102576,0,none
Line-F,2026-01-02 00:50:00,69.50364907675973,57.80652356430204,2.970333680428638,16.487640622031183,107.5214523051168,45.327028915626485,0,none
Line-F,2026-01-02 00:55:00,68.10340296796062,51.474388438985486,3.40604558586502,17.206451304378092,106.34812394939284,48.361439370952986,0,none
Line-F,2026-01-02 01:00:00,67.82647578767352,51.5952067038929,3.8043055155325134,15.286053627831892,110.06868720736284,49.36640449315831,0,none
Line-F,2026-01-02 01:05:00,72.11612196308414,53.50707001249566,3.658988868401549,16.765715858023032,103.85668885897698,49.71820003418396,0,none
Line-F,2026-01-02 01:10:00,68.6274713650026,55.87186367972259,3.104557144918471,17.634510836754963,110.8076837750106,50.99922578453368,0,none
Line-F,2026-01-02 01:15:00,67.95436470069436,54.394586985346514,3.5684266558769195,16.38030560108506,97.9910685788642,50.990686249303245,0,none
Line-F,2026-01-02 01:20:00,71.79118068661506,55.10365177048358,3.0800818734496413,15.144780565146863,109.47162877199,46.23276140990311,0,none
Line-F,2026-01-02 01:25:00,66.77767695685493,53.72370026002873,3.397731713505244,16.337503524661557,101.91623888423442,50.34742174827613,0,none
Line-F,2026-01-02 01:30:00,68.37790548996757,52.92520586227178,3.090777225473447,16.92037987018834,106.40491947336264,55.60902899670836,0,none
Line-F,2026-01-02 01:35:00,69.45870208914604,52.61943169483779,3.2076223063569484,16.01137054742682,100.6833505755582,45.93528066535018,0,none
Line-F,2026-01-02 01:40:00,71.9619127090752,53.28796716271421,3.3756689526540207,16.927617760278206,97.38235939761664,50.8863324263535,0,none
Line-F,2026-01-02 01:45:00,70.55987080183547,50.86900073002391,3.151960859593335,19.29117609452012,105.31095957020128,54.34105167021588,0,none
Line-F,2026-01-02 01:50:00,70.19596362546741,55.47369721071895,3.6962544178132144,17.179331374016517,107.39946130088084,46.7560561327833,0,none
Line-F,2026-01-02 01:55:00,70.74500047539459,55.65781994014731,3.37800275368212,17.04099405577358,107.02068085698274,54.097258561587125,0,none
Line-F,2026-01-02 02:00:00,70.02846364013689,53.46299117805252,3.056277596810121,17.577342518446592,104.2253601584573,46.03742504560596,0,none
Line-F,2026-01-02 02:05:00,71.77358361210894,55.18971938735208,2.976425575868818,18.973153919153315,104.17559856956692,48.015853972052525,0,none
Line-F,2026-01-02 02:10:00,71.14268374113266,52.17826288650903,2.983230509458556,16.188005961751752,99.04394641283784,47.95690182333576,0,none
Line-F,2026-01-02 02:15:00,71.5166927215112,50.46005076047328,3.221597353155554,17.484202796710658,96.21293709695075,54.60258477705968,0,none
Line-F,2026-01-02 02:20:00,70.5539799177025,53.69021404128379,3.4698328404685133,17.48414401720159,101.91406225488072,48.890381328218936,0,none
Line-F,2026-01-02 02:25:00,72.55443133153274,57.75861491633126,3.1272369658725467,15.881117788240312,101.57585607339703,49.95770574680384,0,none
Line-F,2026-01-02 02:30:00,70.41094474586812,54.236208297064366,3.365921771131624,18.031171109398382,100.17034959374216,52.742951818224725,0,none
Line-F,2026-01-02 02:35:00,70.86942110959842,56.03553214612632,2.795122212651425,18.49378611087173,113.79514191430296,53.93334693060713,0,none
Line-F,2026-01-02 02:40:00,69.28037446227705,56.73919379215147,3.029068756219677,17.517673468651928,105.46976013126783,51.36809401720796,0,none
Line-F,2026-01-02 02:45:00,71.66278272752643,53.33043589102713,3.5021007703314173,18.70576469290368,105.51607049379136,49.66537947178522,0,none
Line-F,2026-01-02 02:50:00,72.90593949820321,56.31974254216623,3.2733037908324576,19.231951583746472,111.70086557007332,52.07761587992856,0,none
Line-F,2026-01-02 02:55:00,72.67912645819493,54.36407786720594,3.381600815631182,17.848983751248447,110.31250681261558,51.13365523056216,0,none
Line-F,2026-01-02 03:00:00,71.95142163716939,53.22929079834859,3.1762093671189477,17.73920189176299,104.9856348997868,51.4622504597845,0,none
Line-F,2026-01-02 03:05:00,70.7609343901187,57.25890325981148,3.09834901576108,17.526091917046347,99.89661350654804,49.9486784142328,0,none
Line-F,2026-01-02 03:10:00,70.89659966359407,56.192537883167454,3.8710893603615855,17.873799422108405,103.562048045722,50.94348793653617,0,none
Line-F,2026-01-02 03:15:00,73.31790652342801,55.30686920446965,3.361470725012526,16.144606849631156,107.5932770329328,53.28470250897935,0,none
Line-F,2026-01-02 03:20:00,73.48345265403448,54.12586989739055,2.683812717076566,16.43456615813853,107.0564556074402,50.1102823963611,0,none
Line-F,2026-01-02 03:25:00,70.58899554166386,55.52289957837879,2.755378520322766,16.591379330548634,107.46588709316796,51.964820118705454,0,none
Line-F,2026-01-02 03:30:00,69.81325728030185,55.99936416871982,3.973310720810847,15.998202385232489,98.90869054201596,45.6500034167993,0,none
Line-F,2026-01-02 03:35:00,71.63533713964132,53.94263646129485,3.1622207089372294,18.575580010848224,100.77671054677508,46.79220245460306,0,none
Line-F,2026-01-02 03:40:00,72.16931666455856,53.29651168564805,3.20384448367348,15.984648342949836,104.98939095579856,52.57841442775455,0,none
Line-F,2026-01-02 03:45:00,72.47386384816477,52.80957236194735,3.289075706010074,15.6689953833454,105.01348354342691,55.74181120399927,0,none
Line-F,2026-01-02 03:50:00,72.45079258415873,53.513586329355206,3.0844784286949687,17.312458019413864,96.7644932744253,51.44888876178486,0,none
Line-F,2026-01-02 03:55:00,71.04024118497755,58.26854690621239,2.5916819307206547,15.740388137157272,101.31249689638972,47.78873418056499,0,none
Line-F,2026-01-02 04:00:00,71.47201924238156,57.49853126154928,3.0951819826481057,17.30076795782306,104.69495008225668,55.28317139753605,0,none
Line-F,2026-01-02 04:05:00,70.64602635152389,54.66055991440996,3.366533918861557,17.381717871096992,106.8022385133726,49.82976924465711,0,none
Line-F,2026-01-02 04:10:00,71.30024959303682,55.73747039602873,2.9239561234642526,15.39994992519474,101.11959064399495,49.68987587072339,0,none
Line-F,2026-01-02 04:15:00,74.50956259605051,56.16932198387978,3.1185352425812174,17.244509596373916,110.4505165377522,54.94144238196651,0,none
Line-F,2026-01-02 04:20:00,70.56592687034556,55.68536168705143,3.353425355482671,16.125209213545254,107.7972598624398,50.12718687813722,0,none
Line-F,2026-01-02 04:25:00,72.60320130197049,57.11396858143495,2.8038532170470782,17.411290561453328,100.69146433291698,49.11357409374599,0,none
Line-F,2026-01-02 04:30:00,72.04022287250658,55.19900359632651,2.798574019157231,16.95955874560699,106.3794913841544,52.21044989417894,0,none
Line-F,2026-01-02 04:35:00,72.74037489062674,56.54174419163952,3.002416767796133,14.91419256285757,111.36670894605672,54.45129694685603,0,none
Line-F,2026-01-02 04:40:00,73.59951725316057,54.54853383542244,3.023398789198727,16.570214840743823,107.31077360948416,58.878176082177774,0,none
Line-F,2026-01-02 04:45:00,70.969695494908,58.99961136494698,3.1110590761068133,16.052715514800397,100.91882781214144,53.39371799726582,0,none
Line-F,2026-01-02 04:50:00,74.09509511084698,57.21804403492639,3.2068443829585243,17.06065049536835,101.3387666047775,54.77119060936886,0,none
Line-F,2026-01-02 04:55:00,70.30896217325173,53.257909676702674,3.121029843726746,18.15198362335573,107.86583556823412,53.96041785654281,0,none
Line-F,2026-01-02 05:00:00,69.90905530362878,55.18853067285074,3.120316044547108,16.649521444864885,101.4250199334647,54.10213338448029,0,none
Line-F,2026-01-02 05:05:00,73.16702727416501,53.934738117240094,3.4252970731007717,16.659045845664863,110.37898146576885,49.145514286475255,0,none
Line-F,2026-01-02 05:10:00,72.87506527048731,53.022266855282666,2.971420748196198,16.505595507734487,100.14571915847723,57.75671675815831,0,none
Line-F,2026-01-02 05:15:00,73.60883354655624,50.156692178375216,3.2832051392902986,17.15846261455271,107.21170509303356,58.931946352319805,0,none
Line-F,2026-01-02 05:20:00,71.9030943311293,51.35920812954753,3.414317233552145,16.117958896709276,103.21890058135456,57.91516381064345,0,none
Line-F,2026-01-02 05:25:00,72.03210807121708,53.4626598959688,2.8956667196255856,16.913262731567457,102.68615563971944,53.04100632914553,0,none
Line-F,2026-01-02 05:30:00,75.15384826849193,53.57540362305623,3.386263928321002,17.27333289947406,103.198474211124,51.69647520571584,0,none
Line-F,2026-01-02 05:35:00,74.40041901665205,57.570672448587786,2.9022316791970093,17.96243774663871,106.0969515929822,54.22217650297994,0,none
Line-F,2026-01-02 05:40:00,73.31463482054447,55.19584559651431,2.6484285658642164,15.624523507399026,96.62245203337936,53.35063943784263,0,none
Line-F,2026-01-02 05:45:00,73.30095142188719,54.14248512356943,2.969410282274074,16.62144299644097,105.49840343007423,54.02430804447306,0,none
Line-F,2026-01-02 05:50:00,73.82286317059814,53.36784217688661,3.2139660393121536,17.87744445904426,117.40535524463267,52.997164441798645,0,none
Line-F,2026-01-02 05:55:00,74.09703494253928,56.2941002022742,3.3761267234816827,16.92743338671297,102.8015720884081,52.763421699133794,0,none
Line-F,2026-01-02 06:00:00,72.09139191877685,52.21611329451114,3.1117870171421407,17.065376336780975,102.49193206206417,56.44095500254264,0,none
Line-F,2026-01-02 06:05:00,71.9500533807602,53.75104313324567,3.224410728128132,16.509322301823552,103.1239225626016,49.67204799073779,0,none
Line-F,2026-01-02 06:10:00,72.99043521590842,54.39893456156462,2.7494925583166783,16.51917219650398,99.9089944640206,50.07435954200867,0,none
Line-F,2026-01-02 06:15:00,72.68470559622529,53.13798083421911,3.0507509485868924,17.7513069095033,108.95808364925888,52.14799752350977,0,none
Line-F,2026-01-02 06:20:00,72.67497444955066,54.85213967627825,3.65615369712125,17.043403453026908,118.07461238057942,52.09357881772967,0,none
Line-F,2026-01-02 06:25:00,71.65220687819192,53.61407309541509,3.1719513809516764,16.66477014983034,101.21948620859436,53.75500465507118,0,none
Line-F,2026-01-02 06:30:00,73.14561305740389,57.65659906188003,3.324085075081204,18.50952936025903,103.74704312734876,52.863804294630086,0,none
Line-F,2026-01-02 06:35:00,74.6694474936151,56.52353994996447,3.704070407720547,16.41410845127688,102.96374267447231,53.411829657129545,0,none
Line-F,2026-01-02 06:40:00,73.48520623357302,51.98225814613698,3.0476324045676013,17.88759053053962,110.59191396352148,54.49526292657243,0,none
Line-F,2026-01-02 06:45:00,73.76953426020677,58.54021966611491,3.028363002634892,17.3333291067249,108.13406378497258,52.06179975108647,0,none
Line-F,2026-01-02 06:50:00,69.73919826565994,57.48793157870314,3.6361426945945423,16.313410267684258,105.88289107435752,47.890665647899645,0,none
Line-F,2026-01-02 06:55:00,71.55833558693043,59.747758936380336,2.962290528236358,17.42601345436852,107.9448896150992,56.62099058920639,0,none
Line-F,2026-01-02 07:00:00,71.89855422591675,54.24660013361641,3.479623122641523,17.45933390759098,103.82857367096808,50.53441674379744,0,none
Line-F,2026-01-02 07:05:00,72.77339361420978,55.72593476418313,2.984223722844439,17.857867780179284,105.91327252946178,54.8083012589329,0,none
Line-F,2026-01-02 07:10:00,74.92476175944239,52.77534526174905,3.327995968381501,16.716586773282582,103.84198215025164,48.0471021178566,0,none
Line-F,2026-01-02 07:15:00,71.03026697194443,55.31124477003295,3.272509539690183,16.73159225068436,108.9428818119668,50.5442080332686,0,none
Line-F,2026-01-02 07:20:00,74.05788556070402,53.61494333907577,3.0526774379096917,16.585510015404633,107.59602686529084,51.159107901881896,0,none
Line-F,2026-01-02 07:25:00,74.00324484580673,55.01085036195851,2.645834705689497,15.309408285672244,110.79353014452496,51.93631987487856,0,none
Line-F,2026-01-02 07:30:00,74.06301514276056,56.05676575504998,2.9502819529609385,15.311313879833545,106.8925068986888,51.167791925398085,0,none
Line-F,2026-01-02 07:35:00,73.66559991837191,53.85721600655136,3.0225543896036764,16.81892767467665,104.54757156215582,60.42698389061743,0,none
Line-F,2026-01-02 07:40:00,72.85475096315554,55.13189414717982,3.095680682883267,17.01759517721091,103.82650104432216,55.240376015714304,0,none
Line-F,2026-01-02 07:45:00,72.42677071060089,54.192421441536005,3.4653823667635435,16.46093385285898,116.84790311465404,48.38931647132393,0,none
Line-F,2026-01-02 07:50:00,71.80827132910736,56.76408327591052,2.7814217891760813,17.177227003444393,108.26659405009998,51.2746763526234,0,none
Line-F,2026-01-02 07:55:00,71.53194011942601,57.83184684585152,2.8100859394124487,16.520844710230822,103.15615128199408,51.430969277616256,0,none
Line-F,2026-01-02 08:00:00,75.27765408787465,53.82371193466712,2.688362261494108,17.699729452191114,109.0128317304403,53.05933587771014,0,none
Line-F,2026-01-02 08:05:00,72.95767189549152,56.42523822934393,2.947706164411307,17.490586813683663,103.62389386585312,53.88108720106086,0,none
Line-F,2026-01-02 08:10:00,70.6090363480611,53.49109938153622,3.677162620221034,16.68653954547832,107.40433945190506,51.08673860278255,0,none
Line-F,2026-01-02 08:15:00,70.63431109516458,52.224259490434605,3.259977237929665,16.612634349004804,106.51317475903387,53.7199759160476,0,none
Line-F,2026-01-02 08:20:00,71.89351170714122,55.44379919018688,3.248192437933607,15.608014361702534,109.70903543753754,49.88386667648819,0,none
Line-F,2026-01-02 08:25:00,69.36933351337973,55.89755719428543,3.065380002653978,16.484109306800196,104.39996990975372,50.58432924954819,0,none
Line-F,2026-01-02 08:30:00,71.73571496864064,51.46055368775024,3.29736630584199,17.924443907744852,106.35465065646191,49.56964044494636,0,none
Line-F,2026-01-02 08:35:00,71.39977969736694,54.78003932635878,3.0241148265261013,17.748967474285646,106.7375546023175,52.36628683391326,0,none
Line-F,2026-01-02 08:40:00,71.1807190871623,55.79275700701494,3.614793775031327,16.71618690853439,99.48124197140004,49.01886697664804,0,none
Line-F,2026-01-02 08:45:00,71.10197531935341,53.19306881417328,3.054000379806828,18.18569189976085,107.80137201268374,54.52244111764014,0,none
Line-F,2026-01-02 08:50:00,71.339466275421,54.316016173202456,3.2260550506119765,16.743394826418307,100.44876988401238,53.99959382955166,0,none
Line-F,2026-01-02 08:55:00,71.96406564328593,55.65301608438376,3.194924643154275,16.348140439449374,102.86589443778767,51.1190340384485,0,none
Line-F,2026-01-02 09:00:00,69.60468472095086,55.67312934015651,3.364253763455263,16.141870820811775,105.32514919507032,48.53681757054665,0,none
Line-F,2026-01-02 09:05:00,70.90371038471856,54.044933906515766,3.756790907467976,16.62375758841801,105.9077257255822,49.23804163200159,0,none
Line-F,2026-01-02 09:10:00,69.09554534701398,54.35756754165713,3.2313114875310527,16.328231181818577,100.83240833748862,53.0958650592652,0,none
Line-F,2026-01-02 09:15:00,70.40449760057376,54.58673219354265,2.802131586540206,15.947992827804192,96.6218436721045,54.3170424213783,0,none
Line-F,2026-01-02 09:20:00,72.75729403681552,54.16995448777273,3.347810841251429,17.5107707049615,101.38942895657536,59.32038363846634,0,none
Line-F,2026-01-02 09:25:00,71.01990535243883,55.66171703129687,3.2230305777865134,15.446782927891196,101.06810878138155,48.623367143042174,0,none
Line-F,2026-01-02 09:30:00,69.98306444594306,53.55551087067539,3.1632914868048987,16.478788802513467,110.16593101025308,46.18084717491696,0,none
Line-F,2026-01-02 09:35:00,72.02059102925423,52.476441140191625,2.634187726217175,17.075793397359938,101.62178789775552,49.53925697868856,0,none
Line-F,2026-01-02 09:40:00,71.80912507241051,52.59190210472299,3.1554121076992185,16.225000686253466,99.57891742820613,54.104888318955965,0,none
Line-F,2026-01-02 09:45:00,71.29478978223054,50.71681737588972,3.418707002503249,17.71917968231663,100.363725164651,46.210561458814766,0,none
Line-F,2026-01-02 09:50:00,70.58387448691852,55.15193310928406,2.8620921853837085,17.07515315791445,105.0167074726965,48.1180364910947,0,none
Line-F,2026-01-02 09:55:00,68.64093161695452,54.77440668397409,2.2656346191245023,17.781868325547016,100.39569566985304,48.32592782895976,0,none
Line-F,2026-01-02 10:00:00,69.55802228985785,52.74888013025861,3.0417923868081687,16.825246701376543,111.42026630259912,55.56627898430549,0,none
Line-F,2026-01-02 10:05:00,67.49824701345136,51.69065162795356,2.666922933935826,15.60945722295887,110.29701118960654,53.584385345611885,0,none
Line-F,2026-01-02 10:10:00,68.78937668320158,54.20446361658869,3.2604578222974085,15.934706936570034,106.65629583031956,53.70115164531045,0,none
Line-F,2026-01-02 10:15:00,71.03229932611666,54.75069673806664,3.538475032958184,18.04762252166306,110.6210380327611,52.3351347449864,0,none
Line-F,2026-01-02 10:20:00,69.3939301152719,51.328655826401885,3.4439009865754824,17.3002600136531,100.16608283596835,52.2645877417912,0,none
Line-F,2026-01-02 10:25:00,70.97512064727604,49.41851560270535,2.764057445230347,15.596162417764756,109.55915139665146,49.571366131332006,0,none
Line-F,2026-01-02 10:30:00,70.03895255598893,53.28112817641849,2.879770485548496,15.489370138076476,108.46478639063518,45.47267697844044,0,none
Line-F,2026-01-02 10:35:00,67.54604022884715,54.60320549345082,2.9222357102361824,16.55735768688291,98.66127240028776,46.43114248577456,0,none
Line-F,2026-01-02 10:40:00,68.82999841645427,53.661929096251065,3.4502742800787964,16.493275140517497,103.86994457700185,53.37537647167731,0,none
Line-F,2026-01-02 10:45:00,71.47351370285524,54.86409360476756,2.960029326961524,17.16873736932391,109.99575612127602,52.40719886343388,0,none
Line-F,2026-01-02 10:50:00,73.25559696203301,57.03932530423774,2.9489721432294065,16.536342926325975,109.14959144866916,47.92579723466146,0,none
Line-F,2026-01-02 10:55:00,69.51680353867096,58.47119973615207,2.918989952801415,18.36240667887024,101.252016453742,47.20276331867317,0,none
Line-F,2026-01-02 11:00:00,70.57015823298096,54.78155068740194,2.944357129780953,16.873976996017205,107.42856548742203,54.55829308230295,0,none
Line-F,2026-01-02 11:05:00,67.61843124743203,56.56715857076721,3.160505241905888,17.27325990455523,107.6279289801902,47.343870119564166,0,none
Line-F,2026-01-02 11:10:00,66.47267551705418,53.15219677530322,3.783137204108373,16.83713359253308,101.00003257562072,47.03568242811445,0,none
Line-F,2026-01-02 11:15:00,68.51832522999146,55.50572906646663,3.6689246724638647,16.96101046247877,103.30684014339302,50.666298284811006,0,none
Line-F,2026-01-02 11:20:00,72.12815159263812,51.41194177918595,3.365243637256969,17.500542073665493,103.42648378540908,50.28753242381862,0,none
Line-F,2026-01-02 11:25:00,67.3918911937773,59.53797535732836,2.7404194460687115,17.688203261628985,106.60430470780588,51.403552135060224,0,none
Line-F,2026-01-02 11:30:00,67.514642694901,55.14199482986791,2.905454911343161,16.13331841851821,96.47978665509628,52.7407443119718,0,none
Line-F,2026-01-02 11:35:00,65.82558677344534,56.28230210238404,3.233135030595668,17.969268234012908,100.29690514610256,48.221486322807365,0,none
Line-F,2026-01-02 11:40:00,67.493185810066,55.40153555685633,4.168666210103832,16.071572978384484,104.54047074293544,49.00396449622136,0,none
Line-F,2026-01-02 11:45:00,67.86579399970479,53.5170770846172,3.2586308118180547,16.723113153364007,102.2561713079565,47.62306229041799,0,none
Line-F,2026-01-02 11:50:00,66.1243950733581,55.23828306338883,3.579259659113081,16.31284394103092,109.85529645188542,53.28727605769561,0,none
Line-F,2026-01-02 11:55:00,63.93380372091849,55.35055994535925,2.9356708583818536,16.47431109553215,96.69474061000798,46.64324107301237,0,none
Line-F,2026-01-02 12:00:00,66.71010036793379,52.601187479882746,2.8423031892482555,15.250926539771031,98.11095491726356,46.5091194744773,0,none
Line-F,2026-01-02 12:05:00,68.0769715977318,59.100781598946966,2.978751752787415,17.32550518042435,104.9554483547716,44.85887757153056,0,none
Line-F,2026-01-02 12:10:00,68.82459293185482,53.50350934046663,3.231378944014432,16.41068010969953,102.35151270963652,48.33680245949912,0,none
Line-F,2026-01-02 12:15:00,68.24116962223142,56.93560803661133,2.3028731546947925,16.87292795594224,104.10670407786768,43.97185504246024,0,none
Line-F,2026-01-02 12:20:00,67.92943668876744,52.31855283629824,3.568490053145168,16.96434231449266,111.3050530636514,46.47307009930537,0,none
Line-F,2026-01-02 12:25:00,68.8473572865406,54.1654530478823,2.861065993350214,17.813006029289777,102.13841608751136,54.388013666060814,0,none
Line-F,2026-01-02 12:30:00,67.42890319476953,54.85561954328698,3.0928440612446613,16.185897509449998,100.72154519549296,46.54389418497529,0,none
Line-F,2026-01-02 12:35:00,64.58984200351736,52.69795198624424,3.972627542581754,18.461521369470688,105.78059925275409,48.153961286717234,0,none
Line-F,2026-01-02 12:40:00,66.84270319853958,54.36453889005043,2.85026039457232,18.00473547427917,102.0125083623984,50.531341300396576,0,none
Line-F,2026-01-02 12:45:00,67.43306818942787,52.54007580084346,3.010209157931098,17.85126874532139,103.22851789408143,46.82662625755496,0,none
Line-F,2026-01-02 12:50:00,64.08763956668362,56.38844468129258,3.412369723182906,17.11777748775925,107.71126150987982,49.2576469109474,0,none
Line-F,2026-01-02 12:55:00,65.79942721411541,51.911273862217776,3.1251253903777902,18.37898631305877,103.46465842040334,46.10210588222744,0,none
Line-F,2026-01-02 13:00:00,68.0450032382125,54.695039716676895,3.322784604680627,16.60298226400737,111.00890737612062,44.781177976896245,0,none
Line-F,2026-01-02 13:05:00,64.81622947245793,54.27235332166822,2.780424116738073,16.84024983472196,101.34912034452574,52.22684397313053,0,none
Line-F,2026-01-02 13:10:00,65.97399306448986,52.02898538022946,2.9569351752877693,17.361317573194736,105.06766101644652,52.04029233735931,0,none
Line-F,2026-01-02 13:15:00,63.74331148216836,56.2290362288455,3.126950351076284,17.58078441308566,107.70721800057478,41.93732487734083,0,none
Line-F,2026-01-02 13:20:00,65.40823227095106,53.16104218812527,3.408023843094849,16.76883154021623,99.30022882415608,42.88657691041804,0,none
Line-F,2026-01-02 13:25:00,65.20283808728752,54.38600342968911,2.8571986522191968,17.75511425607649,108.88091069199707,43.02574957097744,0,none
Line-F,2026-01-02 13:30:00,65.12224582896279,56.913398481035536,2.9897680551561017,17.785890931800914,103.28148188559852,51.70768332570473,0,none
Line-F,2026-01-02 13:35:00,65.69278299317855,55.03181581523188,3.409659032432669,16.745534497792168,105.64313415159546,52.08933591116231,0,none
Line-F,2026-01-02 13:40:00,65.89876891384199,54.19771723804682,3.4934206031884365,16.350036301726224,102.2574250274074,46.02582283960805,0,none
Line-F,2026-01-02 13:45:00,63.303298644047054,55.875765359948,2.885270027303461,18.330478958541686,101.0838651599295,52.42125752365259,0,none
Line-F,2026-01-02 13:50:00,67.31094112224767,55.83701403780236,3.583129116809832,15.636580377517584,101.66644969352105,52.79362570000687,0,none
Line-F,2026-01-02 13:55:00,63.96347281474649,53.691320846924434,3.158948381912809,16.378651880438944,102.59421994051596,48.66138166396069,0,none
Line-F,2026-01-02 14:00:00,64.96065496071299,53.9512990087594,3.047379622229333,15.695051115275934,100.09369810352833,45.53807800876279,0,none
Line-F,2026-01-02 14:05:00,64.67467413948387,53.44550114345543,3.050259045249758,16.433297330915988,100.38101379753478,48.61848589903506,0,none
Line-F,2026-01-02 14:10:00,66.23648280429158,54.57164934583943,3.620770442814613,16.878819383086196,107.71927089953591,49.30594619626992,0,none
Line-F,2026-01-02 14:15:00,66.22523996436631,54.02208919614552,3.634408837319056,15.773016615207435,104.33510709922368,49.029087149073966,0,none
Line-F,2026-01-02 14:20:00,64.80556003766584,55.88846831543746,3.1465719077650145,18.10470529996588,108.12887429525652,49.51796308483968,0,none
Line-F,2026-01-02 14:25:00,65.55421159017968,55.2972437578108,2.94023845522796,17.122591403374194,106.32905187568618,43.25458528862574,0,none
Line-F,2026-01-02 14:30:00,63.8859067993064,55.59143268215533,3.5335242722102533,17.186609125694062,102.30641094656158,43.81849773997378,0,none
Line-F,2026-01-02 14:35:00,64.29647454420272,55.32710455972622,3.1390246826687327,16.871520216967603,96.42935212941896,45.09623752681064,0,none
Line-F,2026-01-02 14:40:00,64.0051460051525,54.78805569842552,2.803833395314627,17.7500220959352,108.5738198106139,46.1832659352847,0,none
Line-F,2026-01-02 14:45:00,65.76153416544477,56.53210337368785,3.805546648056036,16.953274570111045,108.462373651557,44.092348487253496,0,none
Line-F,2026-01-02 14:50:00,63.16109876826887,54.19662916602641,3.2661883361905177,18.34819085864929,106.642293412401,44.949714045416975,0,none
Line-F,2026-01-02 14:55:00,64.38750460995635,54.81291345470625,3.3873175550381487,18.87617406299699,107.85525831282472,51.78971934863302,0,none
Line-F,2026-01-02 15:00:00,59.783836245669306,53.47050697648864,2.8571136940709208,16.888528347506732,103.31726125749236,40.47368104613516,0,none
Line-F,2026-01-02 15:05:00,64.87404720846,53.29139791465968,3.2457924049480416,18.801876656287654,106.6383814690087,41.27779427636276,0,none
Line-F,2026-01-02 15:10:00,63.24482613706489,52.39304696503893,2.996631634545281,15.194336877286633,108.0068987417599,46.22754644044661,0,none
Line-F,2026-01-02 15:15:00,61.92139093194213,56.860736334738384,3.207923771678918,16.74438005527265,108.66887531397713,48.90344498800509,0,none
Line-F,2026-01-02 15:20:00,65.04872208105488,58.981425036473325,3.0039641893551123,16.666727825690565,106.48908820704072,47.66009967488721,0,none
Line-F,2026-01-02 15:25:00,65.83282086236086,54.49743251359048,3.153387672536107,18.01796514693962,108.686419785703,46.4381617581756,0,none
Line-F,2026-01-02 15:30:00,65.27712216226358,51.40262910880052,3.148178924541607,17.25592882620297,106.0686861761754,43.55997290445757,0,none
Line-F,2026-01-02 15:35:00,64.29812779078193,52.22134783646104,3.755290629463338,16.618133513660133,103.897765404491,45.58357148411015,0,none
Line-F,2026-01-02 15:40:00,63.178242143568006,57.51868681591768,3.511928518769448,16.400246274437304,100.40253038364015,51.15696345889544,0,none
Line-F,2026-01-02 15:45:00,62.15053169248335,55.99800145238073,3.730098729116811,17.409339869255593,103.06767302021036,44.62007254432233,0,none
Line-F,2026-01-02 15:50:00,64.95273381113876,54.93908149171087,2.6161606812991405,16.546092587568534,105.98391446718786,43.78415327536933,0,none
Line-F,2026-01-02 15:55:00,64.98720545013333,53.30140718499096,3.4458863140133245,16.556777951663467,108.01939843538908,44.92013621124229,0,none
Line-F,2026-01-02 16:00:00,61.82008887312666,53.53948897005856,3.092524841118687,16.215788951775693,100.34879289268994,42.2105342581382,0,none
Line-F,2026-01-02 16:05:00,60.32490671780488,55.55773125345745,3.623098512787179,17.47296966142072,103.0808317063678,48.4196567481611,0,none
Line-F,2026-01-02 16:10:00,58.86203511071037,55.87515906925208,3.0250186206697185,16.981120266253175,106.60294792013104,46.43427061678419,0,none
Line-F,2026-01-02 16:15:00,60.24401253578967,56.88979209779468,3.3869841116506585,17.35465645254474,103.53830675265866,49.61368660580958,0,none
Line-F,2026-01-02 16:20:00,61.24988907419335,53.41459766383096,3.134797789921551,18.978594125637265,101.43535546240574,45.703104308227765,0,none
Line-F,2026-01-02 16:25:00,62.75677975263397,59.47580921799237,2.706324872589427,16.449141477297772,112.0260636556963,49.42373168655261,0,none
Line-F,2026-01-02 16:30:00,61.79580931017701,54.918979866833375,3.0849069170653034,16.670281094885148,107.94128764173811,48.806099284934845,0,none
Line-F,2026-01-02 16:35:00,59.99628595060096,53.189404927064174,3.4259855046986005,16.957078867214864,111.51170611534116,40.35233763292837,0,none
Line-F,2026-01-02 16:40:00,62.13783828857692,54.32966015628341,3.284798721945985,18.16182440915435,106.43880863235292,41.74951115921884,0,none
Line-F,2026-01-02 16:45:00,63.24843096462343,55.17273396902167,3.2827280117115576,16.797233164571576,102.68541920765838,42.56045033869487,0,none
Line-F,2026-01-02 16:50:00,63.18983694583919,55.62678103327519,2.7944144541088,16.668712239227247,103.4482189349364,45.814802719048814,0,none
Line-F,2026-01-02 16:55:00,64.72875176821415,54.06158487517924,3.324930954281044,17.032289214725754,106.80996578423516,41.0261943669433,0,none
Line-F,2026-01-02 17:00:00,62.9954169523448,55.68185284056843,3.0240146292716243,18.437124549447766,105.67744630902207,46.86748550424881,0,none
Line-F,2026-01-02 17:05:00,63.3182993755652,55.363810192880166,2.961662107193644,16.91019116010538,108.63779597412294,42.3157172992418,0,none
Line-F,2026-01-02 17:10:00,61.117681692303655,49.74364844206308,3.4205104295255064,18.225030671963275,103.28612851025552,46.87153349759541,0,none
Line-F,2026-01-02 17:15:00,61.92729534180706,55.73624948252901,3.0904018363458343,17.483209777470737,105.773067867564,43.85369544373974,0,none
Line-F,2026-01-02 17:20:00,62.49006823396883,56.94593438901964,2.946085122760516,17.401298004296095,104.55647304817272,45.01526879432323,0,none
Line-F,2026-01-02 17:25:00,60.987908915309546,54.14454576461997,2.926135213800018,16.643836852525236,103.73096869787936,44.9168318084559,0,none
Line-F,2026-01-02 17:30:00,63.43403297839723,53.447955145374216,3.4494387158481965,17.1409032141467,106.26337945089364,43.08438737409029,0,none
Line-F,2026-01-02 17:35:00,61.47180866483507,54.28029148882687,3.001319475712144,16.327765573145086,108.39586296319004,44.03614126578652,0,none
Line-F,2026-01-02 17:40:00,62.33149077941465,52.970172921883695,2.9985008357599487,16.509084900001707,104.73468075863208,43.93170287878001,0,none
Line-F,2026-01-02 17:45:00,63.80754561977548,57.11380873462252,3.828216775171213,16.024266287230432,105.39007575198848,41.60119832065939,0,none
Line-F,2026-01-02 17:50:00,61.31694011458312,55.000713545182585,3.414983735360729,17.336083905898143,103.37300436595903,46.44441218861292,0,none
Line-F,2026-01-02 17:55:00,61.34551982809101,54.690753649721415,3.9220185319298526,17.099315645718697,105.84420387144375,47.4971356170605,0,none
Line-F,2026-01-02 18:00:00,59.52705870609634,54.800021796397566,3.5095819535839494,16.630480275883805,103.2952580807684,50.05454125654872,0,none
Line-F,2026-01-02 18:05:00,60.685826246337776,54.79264237637822,3.507787064818333,17.451492172313007,102.30514277701504,46.57598357800834,0,none
Line-F,2026-01-02 18:10:00,63.754720570698666,55.42844872495022,2.8136195642474884,17.004465747010105,100.73593580736056,43.53899485154528,0,none
Line-F,2026-01-02 18:15:00,62.17866134930348,57.35838073111758,3.362645622618481,16.66987840982886,110.64866494882284,36.38447467292463,0,none
Line-F,2026-01-02 18:20:00,64.53553798186121,55.29125564006821,2.8493995798772414,15.92422558786444,109.54023198417237,47.58243635201366,0,none
Line-F,2026-01-02 18:25:00,61.55574575440493,57.10815306730883,3.153692774417997,17.022907598405144,115.27299222038232,43.98365640537455,0,none
Line-F,2026-01-02 18:30:00,64.05674681756932,53.34157174857152,3.075530461648366,17.31802559535857,107.99529312354056,48.26454594871448,0,none
Line-F,2026-01-02 18:35:00,61.39256975502813,52.2604330897202,3.1549048725144364,16.61365586389894,110.19250034504242,41.36412758268844,0,none
Line-F,2026-01-02 18:40:00,64.25452812542102,55.565285865366256,2.762073315363072,17.507718131411064,101.70103365051916,46.020994417579935,0,none
Line-F,2026-01-02 18:45:00,63.50035504584627,55.45596137345527,2.9070923321464,16.89510623249174,102.75103625108484,49.11849530502419,0,none
Line-F,2026-01-02 18:50:00,60.785753585287615,53.107672779193,2.649822403188603,16.134032356933055,104.45305201003568,45.01041135980514,0,none
Line-F,2026-01-02 18:55:00,63.36384440330801,53.9273508727482,3.1058940748152977,16.734841839515163,102.88427006631905,42.15808047438004,0,none
Line-F,2026-01-02 19:00:00,63.25280676214273,54.57630158868302,2.541986863650759,17.94224903071415,104.40002917182916,45.41347439479244,0,none
Line-F,2026-01-02 19:05:00,61.75975219330895,51.39070210616584,2.723179389330694,16.261268860402186,99.69757899696424,53.02086253567877,0,none
Line-F,2026-01-02 19:10:00,65.04943511186433,57.03873402325774,3.6018898010332934,17.023673339084716,108.8309245302608,45.62955506556641,0,none
Line-F,2026-01-02 19:15:00,62.47278806418374,52.80016589727929,2.518061133599541,18.14041858916522,102.22423059460417,44.88960305772241,0,none
Line-F,2026-01-02 19:20:00,62.98928849181169,57.19395306891813,3.6159550308325272,16.633252132001996,103.61859876828832,50.05811240323867,0,none
Line-F,2026-01-02 19:25:00,61.53346362416972,49.576194990781325,3.267343441383592,17.95449333303968,107.27171281617731,51.26756652601507,0,none
Line-F,2026-01-02 19:30:00,60.85497187013045,56.0950160834481,2.587593789462758,17.054159702139142,99.18973221915758,47.40809019678054,0,none
Line-F,2026-01-02 19:35:00,62.30145549356731,55.20043978553037,2.9102628727507502,17.80443513981765,102.44911223649562,42.31720645873827,0,none
Line-F,2026-01-02 19:40:00,64.68149572365562,52.68293531846631,3.148489231563817,16.418372501489554,104.7483736514003,43.47262332512293,0,none
Line-F,2026-01-02 19:45:00,63.26107160883088,54.77400280638953,2.561881472512709,18.819673516526823,100.61310455307508,46.73589326392386,0,none
Line-F,2026-01-02 19:50:00,63.52014626502235,50.995006293109945,3.299321228797821,15.735572771592684,101.42319464067864,43.0384107877554,0,none
Line-F,2026-01-02 19:55:00,65.69234277408198,58.18597923307363,3.131310934286276,15.90313665278351,106.29141941777362,48.37624301499623,0,none
Line-F,2026-01-02 20:00:00,63.31230425523408,57.1365270179108,3.112389871598237,16.29983010737899,105.48887611977658,43.96510619141693,0,none
Line-F,2026-01-02 20:05:00,62.62258258110184,53.29883291947,3.028721537587094,17.92029177323731,105.0464971956182,46.17118047065182,0,none
Line-F,2026-01-02 20:10:00,63.69499487033762,54.626700473336,3.246375238719569,16.30775015215356,108.54787860023605,48.70599536423657,0,none
Line-F,2026-01-02 20:15:00,60.577544244333936,50.90711955973165,3.06965057902801,17.915105999114985,104.84621615191432,45.409698721656575,0,none
Line-F,2026-01-02 20:20:00,59.54839667248436,53.29323959565437,3.277918547845842,17.437781077929934,99.84861384342636,49.00282649923266,0,none
Line-F,2026-01-02 20:25:00,62.63488200944861,53.82739091908221,2.488639597360641,17.114454410284953,104.64106584744466,42.89236569579123,0,none
Line-F,2026-01-02 20:30:00,64.92940505728897,53.02927124753222,3.089716865715515,15.970051451949576,105.16334427402067,44.466517527343285,0,none
Line-F,2026-01-02 20:35:00,63.81324129568525,56.34414527891997,3.5934026400803964,17.424141109987715,108.25503252278344,43.58421580028511,0,none
Line-F,2026-01-02 20:40:00,62.47797503973094,54.04254536587363,3.359506512219729,17.38809559782806,106.84298075614488,42.5763387832884,0,none
Line-F,2026-01-02 20:45:00,63.92783482906909,54.14333918662852,3.524068061673677,18.30680278352526,103.71085397786771,48.38948304696244,0,none
Line-F,2026-01-02 20:50:00,65.34978080719831,53.69827407036949,2.62843715079054,18.020135286330017,104.482897929442,46.36211737637171,0,none
Line-F,2026-01-02 20:55:00,63.827729488986826,57.37170908242606,3.648628468740496,15.236747403427518,104.35890958381697,46.73462257603289,0,none
Line-F,2026-01-02 21:00:00,64.1364305800609,55.74008423471196,3.6221692019711824,16.75762395542972,105.65666443352256,45.778850188874486,0,none
Line-F,2026-01-02 21:05:00,63.625097735175935,53.14761943779775,3.229981646031362,16.500429743554793,103.569632768232,47.50974949425024,0,none
Line-F,2026-01-02 21:10:00,61.8105435490065,56.893788367411766,3.167146960928012,18.868914217776847,105.43825744564992,44.46900574276109,0,none
Line-F,2026-01-02 21:15:00,66.17179047574975,54.47877670145944,3.0855084591539224,17.1701715052229,107.68131000004296,46.45373863999112,0,none
Line-F,2026-01-02 21:20:00,66.5093445812481,52.88838287050211,3.4289865077716097,16.178859471099294,105.78889320183993,45.751275044694445,0,none
Line-F,2026-01-02 21:25:00,64.05998737068103,49.59532145870071,2.8207667090426813,16.640714417518346,100.48275970678516,47.27470012525544,0,none
Line-F,2026-01-02 21:30:00,63.53399155018889,55.83442896089932,2.381334170413761,17.404408303890698,106.7035503507131,54.56730333577266,0,none
Line-F,2026-01-02 21:35:00,65.80480040246123,52.71413643224637,2.721630726909016,16.237015477071054,101.33024569358751,46.42969889359792,0,none
Line-F,2026-01-02 21:40:00,62.89642407583013,52.75098649558274,3.422234702739668,17.98755057051036,97.2415222299783,49.58669522396756,0,none
Line-F,2026-01-02 21:45:00,65.33558920827589,56.408339432036,3.245098568105796,16.077883033661415,106.64138237098538,50.23949059836404,0,none
Line-F,2026-01-02 21:50:00,64.7646798706616,56.432334194755086,3.0884753919411425,16.97738003731146,108.9556090286675,47.08152790926777,0,none
Line-F,2026-01-02 21:55:00,66.5711571315619,58.844062281123314,2.9480692652467044,16.198587612294276,103.5606369216968,44.30115583999235,0,none
Line-F,2026-01-02 22:00:00,65.82133615007511,58.42968209935153,3.0443915036447096,17.04766385972456,96.58025575672038,41.34798978166026,0,none
Line-F,2026-01-02 22:05:00,64.82604964337835,51.15244130047696,3.1143632398401127,18.903661222663963,105.27417121678228,47.05674725922,0,none
Line-F,2026-01-02 22:10:00,64.00511730258208,55.29249144886742,2.763745769159306,18.19570958259777,99.73350491547896,47.65768063853188,0,none
Line-F,2026-01-02 22:15:00,65.09878394963445,54.64142803339699,3.102205127940799,18.48674090315429,106.15771767895616,42.88022536582444,0,none
Line-F,2026-01-02 22:20:00,67.05927334036954,58.37411371193844,3.2769219599358297,17.301244744871134,104.3885215282008,50.361986828023205,0,none
Line-F,2026-01-02 22:25:00,64.00144395560406,55.02733710769808,2.7369915807111207,16.021405864398467,102.6814780171088,46.7896696131279,0,none
Line-F,2026-01-02 22:30:00,65.22469518796439,54.50431076368746,3.039059608598458,18.181680376904275,108.12878802699836,48.3010650896159,0,none
Line-F,2026-01-02 22:35:00,66.61953640936687,52.92069606038935,2.4588781492040326,16.88981716841814,109.5748608319012,49.300628263697575,0,none
Line-F,2026-01-02 22:40:00,66.58174603041543,54.22436223997707,3.0301769169787183,14.964104885116509,109.37169683843015,48.20094638149437,0,none
Line-F,2026-01-02 22:45:00,63.9816113758648,54.624400589562526,2.8180464623516217,15.74997213366122,99.04186590021084,41.90266644708141,0,none
Line-F,2026-01-02 22:50:00,66.43201616593464,54.231439761331465,3.5889216288356725,16.11377728567845,105.92547653627616,45.9638069329749,0,none
Line-F,2026-01-02 22:55:00,65.57989268314988,56.31467659824717,3.105027241861098,16.98411708755493,104.34099717026706,47.16682466137684,0,none
Line-F,2026-01-02 23:00:00,66.08622197055395,54.94552110908536,3.4272525805636604,16.22597693490151,100.26736605580015,45.74587682345796,0,none
Line-F,2026-01-02 23:05:00,67.15832613766838,54.25889591528017,3.162999964695574,16.625076734473215,109.58970588900272,44.724231853846,0,none
Line-F,2026-01-02 23:10:00,64.298016102264,55.16436152303574,3.142346398883914,16.136642456016453,103.059840138113,47.01436335217697,0,none
Line-F,2026-01-02 23:15:00,69.65307092905745,57.88071686641744,3.0089219649904626,17.443491043369473,102.22151366334413,45.87362483135212,0,none
Line-F,2026-01-02 23:20:00,66.27978900417432,52.63163659767306,2.733817715581893,18.616866227985977,103.50446972010695,50.917955090179305,0,none
Line-F,2026-01-02 23:25:00,67.40908057875608,53.35482886418772,3.023590562442066,16.50667313125597,105.62850379377646,45.77831943067662,0,none
Line-F,2026-01-02 23:30:00,62.86875266701288,55.202056627607575,3.0159151465358813,16.484415346428417,99.89496593343392,50.18631969270741,0,none
Line-F,2026-01-02 23:35:00,65.33604772651829,56.81059190023705,2.937406545781696,16.877527361625752,108.20275609827615,45.292914573585655,0,none
Line-F,2026-01-02 23:40:00,68.73941650830832,56.45935311171656,3.057666122561639,17.322963337487696,103.06705288157744,52.763211183230766,0,none
Line-F,2026-01-02 23:45:00,68.10878086970459,54.40389965765757,2.9203703060148727,16.350328139206617,108.32377001514868,54.73727660385897,0,none
Line-F,2026-01-02 23:50:00,68.31737857488898,57.23479080876523,2.958445698133607,16.606974506684406,103.65161765858748,40.03662242436685,0,none
Line-F,2026-01-02 23:55:00,66.08291345410427,55.95260715790316,2.8811764391572257,16.11142310582975,105.0639768921948,45.3858344452151,0,none
Line-F,2026-01-03 00:00:00,67.76157849469215,52.47316507918532,3.3145898770455764,17.013479215926772,104.41162934724667,40.334875561229154,0,none
Line-F,2026-01-03 00:05:00,66.26914647649117,52.74465712977017,3.398596901715921,16.743785993724646,104.42769982892142,47.64028314809986,0,none
Line-F,2026-01-03 00:10:00,65.62087754925301,52.50795150170972,3.382976630208081,17.839658120731762,95.4180151057738,50.04682597067797,0,none
Line-F,2026-01-03 00:15:00,70.87808646546516,55.05997887490496,3.1455636788042565,17.316536070518936,109.29168373749329,53.41482152231999,0,none
Line-F,2026-01-03 00:20:00,70.94117552698025,55.56278213415156,3.704324716387717,17.12903477703527,106.26225671409225,54.17131179221032,0,none
Line-F,2026-01-03 00:25:00,65.18346166680304,54.28798584232285,3.296542636204067,16.342182393983048,103.91339342479918,46.59688066120124,0,none
Line-F,2026-01-03 00:30:00,69.00603739067162,56.44746069911949,3.2067954168272754,17.801970775031744,109.20287579819932,48.70731640549258,0,none
Line-F,2026-01-03 00:35:00,69.75581365461217,55.37203790006748,2.969965807888776,17.04858011991317,104.13392207133931,51.91430092324549,0,none
Line-F,2026-01-03 00:40:00,70.7154109335212,56.9438882290798,2.991041652624116,16.501989497061647,102.20591007254308,50.758984994031735,0,none
Line-F,2026-01-03 00:45:00,65.72215794189805,50.248112281302014,2.7771703621072925,17.70257638719259,106.38607714131764,51.487322203060295,0,none
Line-F,2026-01-03 00:50:00,69.55828410378705,53.05690616018544,3.519030537303071,17.817987148112422,109.06531206339474,50.51698607261317,0,none
Line-F,2026-01-03 00:55:00,70.12337651285392,53.4122097279043,3.77646533760241,17.46515200294042,104.63485259252126,48.64002896771258,0,none
Line-F,2026-01-03 01:00:00,66.56437912852678,55.688416794794925,3.001050250612868,19.57980245100424,109.49008823121711,51.850030841165065,0,none
Line-F,2026-01-03 01:05:00,68.22691279636913,55.49188451906542,3.4910916231907336,15.676051686648096,106.65099018028268,48.61367003084976,0,none
Line-F,2026-01-03 01:10:00,69.58009174656661,57.29636047650259,3.43354971140161,16.80973234106377,107.28063968940393,52.025478596648725,0,none
Line-F,2026-01-03 01:15:00,69.8769712112275,55.12067750743182,2.97238113246468,16.63645197567388,114.30489309475826,46.23304538324429,0,none
Line-F,2026-01-03 01:20:00,69.77062830077854,52.63415709710021,3.559977122031091,15.925870093993868,109.49743999366645,49.13295937748303,0,none
Line-F,2026-01-03 01:25:00,67.23619249148341,53.54145927778799,2.994352520147725,17.973108471254417,103.78365211929864,44.07261676605259,0,none
Line-F,2026-01-03 01:30:00,68.7089848022563,55.78941537907431,3.12839224006451,16.74476312129138,103.140311973802,52.01181863748301,0,none
Line-F,2026-01-03 01:35:00,71.64067381944112,54.954670258577394,3.309580049383736,18.14535132181748,103.7287882249231,56.85829196711777,0,none
Line-F,2026-01-03 01:40:00,66.3789582949935,53.84396728946551,3.168946476583571,17.5956264685171,109.20128181553451,44.40795439612434,0,none
Line-F,2026-01-03 01:45:00,70.161400551002,50.01977464909354,3.2278733418439423,15.727979428782044,106.39229746186184,55.00188057007904,0,none
Line-F,2026-01-03 01:50:00,67.47461097337273,58.18950365371631,2.8928897980736235,17.760921145027844,101.57349356806547,48.872139326487634,0,none
Line-F,2026-01-03 01:55:00,69.76849046007806,56.030854268605765,3.2488066868387566,16.301343012247248,99.67400123881282,46.95612107274039,0,none
Line-F,2026-01-03 02:00:00,70.6381875516933,52.749295632637846,3.0641067316321893,17.053103980141067,103.82945766862083,51.74214065445067,0,none
Line-F,2026-01-03 02:05:00,70.02302688493847,52.168342610977554,2.943683139318658,16.211654837929515,100.09677356338275,49.99672288692995,0,none
Line-F,2026-01-03 02:10:00,67.98906635339016,51.80834633910352,2.5861369983080014,16.54959912625712,109.58112622369389,51.09989412591018,0,none
Line-F,2026-01-03 02:15:00,71.33407285452324,51.7450228772359,3.209827790482832,18.002396996874165,108.75579359640486,48.23800186368804,0,none
Line-F,2026-01-03 02:20:00,73.38630670923325,55.48073298044232,3.5379086511089546,18.18545670599172,106.023991918806,48.52705018279741,0,none
Line-F,2026-01-03 02:25:00,72.88709794250371,54.47417906970251,3.5422185432063737,15.79744894407646,104.93168659789258,42.453272113400345,0,none
Line-F,2026-01-03 02:30:00,71.4890754136124,53.16125478614696,3.5200323596745333,15.402926505886231,113.00105201037591,47.532228190315685,0,none
Line-F,2026-01-03 02:35:00,74.92860756243084,51.8419214522235,3.000364736819405,17.8720119305207,100.99243914805136,53.04602440727647,0,none
Line-F,2026-01-03 02:40:00,69.24929672218717,54.85391672002995,3.7919989091840898,16.637183513630433,106.48350919653022,50.83131709248044,0,none
Line-F,2026-01-03 02:45:00,70.4343322287269,53.79678868658135,3.1015570275594837,16.187453156509832,104.21576666686578,50.30930197693996,0,none
Line-F,2026-01-03 02:50:00,71.94222876839655,53.69701185980461,3.451077576709581,16.056799145096313,108.32779753132384,55.40533665060069,0,none
Line-F,2026-01-03 02:55:00,72.7444930975997,60.485182296653925,2.8076444973356853,17.890268391473622,103.10961305897264,54.31538485276095,0,none
Line-F,2026-01-03 03:00:00,71.12825532247015,56.51196820366408,2.910193440917974,18.13109907049545,102.38662373176793,49.1101337980821,0,none
Line-F,2026-01-03 03:05:00,72.37171255779393,52.06195673050992,3.64688884618494,16.31430838119124,111.92122580919114,53.26382188932018,0,none
Line-F,2026-01-03 03:10:00,73.39270005634054,54.34673675335656,3.2860138852028755,17.539743596548767,105.05049788927673,50.35861360007518,0,none
Line-F,2026-01-03 03:15:00,72.47021952805702,54.34192425592361,3.284164307805548,16.49698498360345,110.10385858098527,57.43362402512573,0,none
Line-F,2026-01-03 03:20:00,72.54359148080168,55.76012801696017,2.8211976678272563,15.968225649191211,98.8276058251961,50.43617906469339,0,none
Line-F,2026-01-03 03:25:00,73.32827776888229,53.21206603664827,3.1439040432888112,17.313981952709547,103.97580121939126,49.345653368176784,0,none
Line-F,2026-01-03 03:30:00,70.74968581043464,49.40573563131079,2.976487847075381,17.169680587061425,107.1113220036056,51.20552737279054,0,none
Line-F,2026-01-03 03:35:00,71.82978880217028,55.892192196083535,3.4370253755909506,16.639130647604194,106.38545678218716,50.89665589118035,0,none
Line-F,2026-01-03 03:40:00,70.98515030024438,53.252994994846254,3.350136775482353,17.860498686771127,105.9540523964234,50.05861612283544,0,none
Line-F,2026-01-03 03:45:00,71.75792182667871,54.6280071627707,3.042028177359028,16.670124224141073,101.08826548033592,47.0250997403168,0,none
Line-F,2026-01-03 03:50:00,71.95364730324836,56.02551792566188,2.8377253968969467,15.968183751943766,107.01826769334303,51.92016717455157,0,none
Line-F,2026-01-03 03:55:00,71.22939477137498,57.58096655389115,3.397189795561484,17.60855882480073,104.71173904462157,47.80739893663808,0,none
Line-F,2026-01-03 04:00:00,71.96875321760123,54.24223184271706,3.2120011560910497,17.55670152079044,102.66790467338484,60.00034819415927,0,none
Line-F,2026-01-03 04:05:00,72.46988409620648,50.66203631410133,3.0061972985197847,15.947425432620491,104.95753953246218,53.27170496901601,0,none
Line-F,2026-01-03 04:10:00,70.12434972273446,55.37323464527229,2.496194550325598,18.473123358792886,105.16961758314773,55.08389267180691,0,none
Line-F,2026-01-03 04:15:00,72.67804631685529,52.94469148480831,2.88751208340857,15.25595644146598,110.48237167618224,47.75530797302913,0,none
Line-F,2026-01-03 04:20:00,72.03786862023361,55.00472024275902,3.0800135986596047,16.073132584513896,98.9576315582826,48.66291508846299,0,none
Line-F,2026-01-03 04:25:00,71.95537513707971,52.60147207176748,3.451896629083976,17.287251907721682,107.35026210621793,48.55496153144831,0,none
Line-F,2026-01-03 04:30:00,75.52348863641087,53.48811225780022,3.9082162768462,18.25533476809785,107.32177748656348,54.5791737714282,0,none
Line-F,2026-01-03 04:35:00,74.06660717067739,55.60277602037226,2.8474928077192603,15.718408009059468,109.3597828984741,54.03060558989355,0,none
Line-F,2026-01-03 04:40:00,71.08943583615587,55.00998256642745,3.0335142603151,15.88994819810763,107.48129070428654,53.139703011506086,0,none
Line-F,2026-01-03 04:45:00,73.37730827164654,53.651381728552806,3.044536897587782,17.769196058398727,102.47205909589958,48.74641223305808,0,none
Line-F,2026-01-03 04:50:00,70.57401552581761,54.3266077298214,3.3812829642756723,15.830463517398243,111.740708194917,57.66606827143173,0,none
Line-F,2026-01-03 04:55:00,73.67529634161468,54.985275978916064,3.546468274168058,16.406005006402278,103.68948670892956,55.48057350565851,0,none
Line-F,2026-01-03 05:00:00,74.10881460943277,56.40730961266182,3.6200134503660015,16.58845815471447,106.4589338123664,50.11524043707122,0,none
Line-F,2026-01-03 05:05:00,74.43316882146662,55.9486510446213,3.1608430072165628,17.54013402880899,103.91394122346333,52.03853033751285,0,none
Line-F,2026-01-03 05:10:00,71.19496111634312,54.19701288477621,2.9605678448570565,18.40124469656164,103.49624678141134,51.80580825039415,0,none
Line-F,2026-01-03 05:15:00,70.85825243500089,55.64407518335975,2.9480502561270883,16.712490930602485,106.36377722998034,51.29716637833311,0,none
Line-F,2026-01-03 05:20:00,72.8789900500204,54.880279957083744,3.2682539435512457,16.974993051915394,98.74218774563435,49.14793085676371,0,none
Line-F,2026-01-03 05:25:00,72.48996871142124,56.01185868652068,2.717685288603476,16.975285092174303,101.45604544030049,49.69351081920791,0,none
Line-F,2026-01-03 05:30:00,71.43553819066935,54.44837514704339,2.869801113366698,16.0545638483275,99.38540286351255,50.33410089158678,0,none
Line-F,2026-01-03 05:35:00,72.74250757514254,52.282339940764615,3.0045260319456544,18.057636984791788,101.28256647757824,52.30020701414202,0,none
Line-F,2026-01-03 05:40:00,74.37386639091437,56.01257936423617,3.309856175521188,17.325371177522065,102.65397958533622,50.63805972974189,0,none
Line-F,2026-01-03 05:45:00,73.30052030052937,54.037019762517794,3.288857130923898,16.326274612368817,103.06544387684193,55.07622485478833,0,none
Line-F,2026-01-03 05:50:00,72.57031216485157,56.33964062479535,2.786501010809405,15.594023892374398,97.15185621129096,50.16128028167831,0,none
Line-F,2026-01-03 05:55:00,72.16834466868629,53.28771736034218,2.9966623890909423,15.04124183377505,107.4175629600442,54.91820085859223,0,none
Line-F,2026-01-03 06:00:00,71.97414491921782,54.762491307498486,3.603392083196924,16.70025698986885,99.38537127485996,52.92062664837002,0,none
Line-F,2026-01-03 06:05:00,71.98020662400523,54.77922009731198,2.9494006028023603,15.375470928606523,104.10197088747792,57.17283391538611,0,none
Line-F,2026-01-03 06:10:00,71.57473138200983,53.74502733181695,3.235490697335014,16.78576278918957,105.91238357547223,54.57856622716919,0,none
Line-F,2026-01-03 06:15:00,74.9497689642734,55.063471217528,2.515915537436737,16.56937111591827,101.57875057321073,54.35522113765823,0,none
Line-F,2026-01-03 06:20:00,72.67039572775313,53.27318182594732,3.1741445857125017,15.650008236082956,103.67402316071308,50.45634887061247,0,none
Line-F,2026-01-03 06:25:00,73.09233747986295,54.73215787874443,3.0415561683036687,16.140586463467898,117.33937140244684,53.93174228494319,0,none
Line-F,2026-01-03 06:30:00,71.55935688384625,58.44220059294688,2.601379048149838,16.95131459548684,99.76577225353836,56.66671084471056,0,none
Line-F,2026-01-03 06:35:00,75.87046816239062,56.14215032049962,3.0370624786342693,16.534370713309052,101.7882609863205,55.15813567805333,0,none
Line-F,2026-01-03 06:40:00,74.00385540674885,54.04665381195634,3.126723679608596,16.837976746488273,105.1054351475477,51.81758905088256,0,none
Line-F,2026-01-03 06:45:00,73.91501961336422,55.88392817962311,3.3426136399965483,16.873722162911974,108.18784332662828,50.95036155765781,0,none
Line-F,2026-01-03 06:50:00,72.39853462624858,58.13581781181683,3.038046269606298,16.614119176873363,103.18445744416611,51.38823786986716,0,none
Line-F,2026-01-03 06:55:00,70.74383527099133,55.24365905362797,3.4272265288360937,16.628973622679545,107.2873049087792,52.641701919713,0,none
Line-F,2026-01-03 07:00:00,73.51553311379794,51.77429091404255,2.7066355208991912,16.684970589387415,103.22940336903548,53.85002561996766,0,none
Line-F,2026-01-03 07:05:00,72.99493219117089,54.150011392233154,2.809061894454012,16.87220215355353,105.88646683029906,58.126141987180254,0,none
Line-F,2026-01-03 07:10:00,70.39154872937017,56.05618350928766,2.9860732423418823,15.582379828442509,105.58057268623112,49.934307953881714,0,none
Line-F,2026-01-03 07:15:00,71.39618043320782,55.43749909127587,3.372340613986334,17.232348910211112,100.51821712026708,50.35682965103285,0,none
Line-F,2026-01-03 07:20:00,74.15593814141639,52.63856871872906,3.071735231807208,17.01449588454985,107.5921992306459,51.75177445573987,0,none
Line-F,2026-01-03 07:25:00,71.51391921195736,53.70640451453745,2.504207023924109,17.924210577506642,108.63339841259392,59.11203768888586,0,none
Line-F,2026-01-03 07:30:00,71.94457657374467,54.47178729511177,2.946382875722434,16.21775962404138,106.82864096014724,50.82550995549183,0,none
Line-F,2026-01-03 07:35:00,69.93339396551872,56.77768044611733,3.2256528618387743,16.951600885741236,101.96818503013098,51.46859925571336,0,none
Line-F,2026-01-03 07:40:00,73.81979839518056,55.04870624211522,3.304232614089667,17.24671649917695,107.15314385457646,47.88715172761616,0,none
Line-F,2026-01-03 07:45:00,76.55418403519921,53.975400916379385,2.7155672489654994,17.36464580211617,101.59653158749366,51.44942735540963,0,none
Line-F,2026-01-03 07:50:00,73.84206921809816,57.93957650855032,3.45673702841347,16.98016085893214,102.59417808826367,56.1980118216558,0,none
Line-F,2026-01-03 07:55:00,74.05793623584498,54.91984216387713,2.691456417910362,16.535994632063,100.25746175580926,49.86696379802463,0,none
Line-F,2026-01-03 08:00:00,75.14428674080523,52.320927113898925,2.9106929491272857,15.794397347377686,116.90725384676344,50.2184653614772,0,none
Line-F,2026-01-03 08:05:00,70.25228181706987,56.76038601146812,3.623784994378493,17.233252077683904,106.9353032592318,53.277647810419765,0,none
Line-F,2026-01-03 08:10:00,71.25570282442217,53.76549888185134,2.9091177603855525,15.716991347367394,110.70441999892635,48.98774180121414,0,none
Line-F,2026-01-03 08:15:00,70.55258436442641,51.08262714603549,3.206514726521557,16.901106161996722,108.25235465718916,56.37721372842085,0,none
Line-F,2026-01-03 08:20:00,71.67454919227112,56.81964071835217,3.611465646772945,16.73074739038558,95.48980851766626,47.07330197420224,0,none
Line-F,2026-01-03 08:25:00,72.77453218045206,54.13253605090223,2.9467524000337035,16.37708674080521,101.88986369060464,54.52088375490772,0,none
Line-F,2026-01-03 08:30:00,68.47063957051354,52.66776664088462,3.552992471548837,15.60660230329936,102.51307091075373,49.87692043466284,0,none
Line-F,2026-01-03 08:35:00,69.78981851345401,54.91672054856418,2.661890371137999,16.497691356474,107.75635383273226,51.90782302589811,0,none
Line-F,2026-01-03 08:40:00,70.51980314140079,53.45275050872647,2.972652478925704,16.446501892103587,99.93994521915316,54.680775170218745,0,none
Line-F,2026-01-03 08:45:00,70.44299007538137,52.91542820392674,3.054274410530331,17.557637203572945,103.8980029999947,49.91640332655734,0,none
Line-F,2026-01-03 08:50:00,72.63190301317073,57.01863899596618,3.441134358402134,15.851079449253826,101.16028732679436,56.02071830231352,0,none
Line-F,2026-01-03 08:55:00,71.4688954983187,53.62096260590251,2.822913630117608,17.363303552194612,104.1381993004934,57.44911033850801,0,none
Line-F,2026-01-03 09:00:00,68.15184363218667,53.18169473602831,3.2795125747667617,16.918622464212106,109.75230082717972,49.23572103637641,0,none
Line-F,2026-01-03 09:05:00,69.66048869554479,56.95972281772497,3.176425067451171,16.413246683017185,102.4151554055694,49.48642977776423,0,none
Line-F,2026-01-03 09:10:00,72.84040931145687,56.50534159569533,3.349775228486876,17.194511186477094,104.72019365339182,49.699204854321714,0,none
Line-F,2026-01-03 09:15:00,72.3163689411111,56.15678042087993,3.4863600955704914,18.37254704125871,107.39276094746192,56.61719293735845,0,none
Line-F,2026-01-03 09:20:00,71.4573372013747,54.33726075197311,3.09759313823762,17.263973037369,102.87458366177214,49.20199130465942,0,none
Line-F,2026-01-03 09:25:00,72.71871776825098,54.63372868088901,3.090537367643271,15.931865681953528,100.57023288667958,47.016531388878334,0,none
Line-F,2026-01-03 09:30:00,69.98677504646162,54.986608075719786,3.252635354303549,16.34045301286883,104.06412719213046,52.64805926272294,0,none
Line-F,2026-01-03 09:35:00,71.3800804953267,57.14216830646543,3.355552685987333,17.413511976499755,109.31323732673596,50.32127552044979,0,none
Line-F,2026-01-03 09:40:00,72.35282750520413,53.026463176824855,3.119719380579116,16.497216762130872,110.5056572114613,56.27930133100468,0,none
Line-F,2026-01-03 09:45:00,69.56440549748176,55.22339987355597,3.047951721989133,15.326913661671584,98.60939369894534,52.24608490631899,0,none
Line-F,2026-01-03 09:50:00,70.22371803615259,52.34133245771132,3.2985940178259465,17.372422303448786,105.44518446749736,47.82448032100064,0,none
Line-F,2026-01-03 09:55:00,70.78970037730005,50.88226064967372,3.70751852813046,18.259380627704036,107.6004448622766,56.41932241988213,0,none
Line-F,2026-01-03 10:00:00,74.48907353725157,54.18031608139639,3.002057847721583,17.03673788129368,99.4482777138447,46.66962680284048,0,none
Line-F,2026-01-03 10:05:00,69.72315330296036,56.79278778486079,3.618853372324743,17.17174470000053,101.01619184039802,48.8270813038208,0,none
Line-F,2026-01-03 10:10:00,71.00930757048413,52.96840535478729,3.424289527644367,17.811351779064555,108.61812025522592,55.45088093880894,0,none
Line-F,2026-01-03 10:15:00,69.79922247427903,55.13071311118476,3.1415187628242007,16.898451053499286,105.42876689453784,45.843080388131455,0,none
Line-F,2026-01-03 10:20:00,68.9895549720091,54.85505319307818,2.662468478261591,17.976105775700713,99.94475344676296,47.05583417264064,0,none
Line-F,2026-01-03 10:25:00,68.91261217592313,51.256411015688506,3.619153575068656,17.597219269417998,103.27204937715034,50.5477318525359,0,none
Line-F,2026-01-03 10:30:00,70.43373953359165,55.27852922471595,3.130101561400957,17.05304991636793,102.4098806313914,51.85141858822352,0,none
Line-F,2026-01-03 10:35:00,72.65462419117736,56.22910536133524,3.2736507886309067,16.5867515217802,109.87099045858324,48.33693540379248,0,none
Line-F,2026-01-03 10:40:00,68.03989765670315,54.10273787262686,3.0584867943861025,16.766737308904784,112.40502197086884,53.303123563318486,0,none
Line-F,2026-01-03 10:45:00,70.56780732839522,55.37481046971924,2.877218973942792,16.43906159291625,101.8250351456696,47.21639570688004,0,none
Line-F,2026-01-03 10:50:00,72.80894856873243,53.10988836898713,3.193437384249255,18.104563522559925,106.05239145179875,44.96799657826365,0,none
Line-F,2026-01-03 10:55:00,68.50025834121351,54.02616735211342,2.944387780545536,16.39764426151166,100.85690853447848,46.84960514671828,0,none
Line-F,2026-01-03 11:00:00,66.83742440988473,54.99544484871346,3.490832592465165,17.592468194901222,103.11060285608175,50.2746016310825,0,none
Line-F,2026-01-03 11:05:00,69.55852734843128,56.41342590614726,3.282338531647713,17.207076456919154,103.20210068609032,44.48738464378824,0,none
Line-F,2026-01-03 11:10:00,70.55467116796648,53.67948654246938,3.055338797312513,17.05356980929804,96.53199141298386,49.56813660566366,0,none
Line-F,2026-01-03 11:15:00,67.92790980030281,54.0581528939468,3.292555574518464,17.00900432992568,106.59594145153828,51.67969736647999,0,none
Line-F,2026-01-03 11:20:00,68.685101372792,53.25919525574941,3.149686722801269,17.72529870157934,109.88599748570395,47.42455602942327,0,none
Line-F,2026-01-03 11:25:00,68.16696560213413,56.15760721303,2.533105232703013,17.959208112277633,103.5717807693943,51.40511820895879,0,none
Line-F,2026-01-03 11:30:00,68.70754033001604,56.86275192571823,2.9152038019112125,16.970095495876166,103.06682882456764,52.49262184588522,0,none
Line-F,2026-01-03 11:35:00,66.59468385796308,57.51915098046882,2.740593637949442,18.4514509131461,106.91989228839756,49.87089840899042,0,none
Line-F,2026-01-03 11:40:00,69.05740290879785,56.16960189265598,2.59517577569826,17.075946549881238,102.42881165587472,46.61409052157818,0,none
Line-F,2026-01-03 11:45:00,68.11685065132619,54.83887687392971,3.284122265363157,17.113556646002266,95.11999794699206,47.56676268987536,0,none
Line-F,2026-01-03 11:50:00,67.5812328162136,54.70504953388373,3.142616679064657,17.508305917123668,105.71907928015484,44.238746093564686,0,none
Line-F,2026-01-03 11:55:00,68.56066725758812,54.35740218995859,3.977586478438777,18.050143819973474,106.04182030063446,46.52486980220751,0,none
Line-F,2026-01-03 12:00:00,66.20296708423007,56.435629199549126,3.7095855129246633,17.600889320174076,102.69961545779096,46.58774749735369,0,none
Line-F,2026-01-03 12:05:00,68.18850718157739,59.11563371081262,2.4819143606801486,16.494563343934253,101.0182312264366,46.49386502293558,0,none
Line-F,2026-01-03 12:10:00,65.39500118570474,54.750806757017486,3.1046340985225065,16.63676696866651,98.43539597502397,42.7419703613726,0,none
Line-F,2026-01-03 12:15:00,65.93724910516526,56.35738101417087,2.980059067078657,15.605369013064731,112.1416123160176,50.8270571099447,0,none
Line-F,2026-01-03 12:20:00,67.60664512756567,52.655517676484735,3.133505783658351,17.33655334622899,108.85637374154706,46.29273789881122,0,none
Line-F,2026-01-03 12:25:00,67.06916355066912,54.02384179663014,3.3933878271127247,17.34001985553519,107.91110967156789,46.6339774690721,0,none
Line-F,2026-01-03 12:30:00,64.61927511587642,57.96712661787608,3.2391110446182885,16.681744051318823,102.5547608353901,47.10388881619259,0,none
Line-F,2026-01-03 12:35:00,66.1462303997667,56.39523364956198,3.2042574668489374,19.11432151983284,108.5675863732822,47.01879613294879,0,none
Line-F,2026-01-03 12:40:00,68.039279891451,51.89578074693709,3.496908723065548,16.930973994736796,109.60800369322848,49.254917546094845,0,none
Line-F,2026-01-03 12:45:00,65.47237783692698,57.564187157826765,3.5387607108142367,17.178702930616183,106.79401139880848,57.0302479051738,0,none
Line-F,2026-01-03 12:50:00,67.74269207382385,52.509037580688336,3.504051697348878,15.869246333534864,107.36676347161077,49.37241529425228,0,none
Line-F,2026-01-03 12:55:00,64.52045232892476,54.150048708433495,3.5494254357737334,17.992810338315696,107.91938459022064,49.93216765957752,0,none
Line-F,2026-01-03 13:00:00,66.85527208076653,58.48054199108406,3.705637809755048,17.801043836525782,107.00719695965095,46.19549864403061,0,none
Line-F,2026-01-03 13:05:00,65.71618923827883,51.79364396959808,3.5796168153684937,16.115458387632405,105.69541113138123,48.561252677551536,0,none
Line-F,2026-01-03 13:10:00,65.923590709124,57.0349544312686,2.9647009050944853,17.789978877031043,104.86883184104572,53.69849749637065,0,none
Line-F,2026-01-03 13:15:00,68.55442858995507,55.763949002870106,3.693603462355127,17.788539804864374,103.01404775979378,41.98104369244897,0,none
Line-F,2026-01-03 13:20:00,64.98279393874712,56.89404913611135,3.026524245820577,16.42629291274349,101.86305212777954,47.5798167879187,0,none
Line-F,2026-01-03 13:25:00,63.59330564746276,53.05164896140709,4.136959467367961,16.4867731517293,107.6539849291122,47.71861364934309,0,none
Line-F,2026-01-03 13:30:00,64.65858251416185,56.27402601796968,2.9652560250289213,16.161752679294363,104.98852223860388,46.739644030369554,0,none
Line-F,2026-01-03 13:35:00,64.65480185449815,52.70638596894656,2.796785893628612,17.744974637120595,106.06194865162009,47.97010376806409,0,none
Line-F,2026-01-03 13:40:00,64.54841731735961,55.09553472524896,3.1377152814649096,17.38353644001231,111.76656898315002,46.55109102775012,0,none
Line-F,2026-01-03 13:45:00,65.35070901613462,58.26624352691095,3.3724812663089607,17.435723037621596,102.78654367163485,46.39422769882039,0,none
Line-F,2026-01-03 13:50:00,62.69355282484781,52.908555214833335,3.185764590134521,17.997879100526355,109.75179260843012,49.323472853545184,0,none
Line-F,2026-01-03 13:55:00,67.32467666133536,55.49388655945645,3.510157477602653,18.015508187606795,100.05246774304862,46.52458082778195,0,none
Line-F,2026-01-03 14:00:00,67.77070891971128,56.43483154311264,2.8597069230607075,17.680624815143357,103.00115065549426,43.71001216163692,0,none
Line-F,2026-01-03 14:05:00,65.02944137557297,49.56095758289393,2.697701787270673,17.257269198164522,104.26568036195349,44.57773056808393,0,none
Line-F,2026-01-03 14:10:00,64.89949594788337,54.32245289952928,3.6954508120550074,16.374709941640603,107.82524303348364,41.8240691946577,0,none
Line-F,2026-01-03 14:15:00,65.7604237861839,56.51195244598126,2.8907875092612727,17.086859028663742,99.72783047579088,48.21996865517595,0,none
Line-F,2026-01-03 14:20:00,65.54995405349734,53.38702095677731,2.6913419311084064,17.87601927999439,102.19090522628322,46.91802809198462,0,none
Line-F,2026-01-03 14:25:00,63.121903229852585,56.91291063428916,3.863629635026416,16.87003242525142,99.45246176144104,47.28593500671495,0,none
Line-F,2026-01-03 14:30:00,63.508198077755104,55.33517507507353,2.6934686031682986,17.799030798787232,110.42424688649837,48.04545122400501,0,none
Line-F,2026-01-03 14:35:00,64.4422252140786,53.00182177042289,2.786405208737704,18.44906690531261,98.10689638633468,46.64111448915578,0,none
Line-F,2026-01-03 14:40:00,67.04381886427382,53.31330336224594,3.058782997644181,16.772834680383617,107.4193398381729,49.299320587554014,0,none
Line-F,2026-01-03 14:45:00,63.418950137005545,53.30313930366052,2.9919700175809347,17.808193792622596,99.25371354949604,44.70944218111242,0,none
Line-F,2026-01-03 14:50:00,65.16747558505165,55.136810642317165,3.5957637944868583,16.27455929102525,107.65369539444896,45.11661570608621,0,none
Line-F,2026-01-03 14:55:00,64.02172526737185,53.52276120848985,4.170906224355678,17.6814990309687,106.61850047052104,48.59955782526725,0,none
Line-F,2026-01-03 15:00:00,60.35147468516828,54.35168931251863,3.187552964363458,18.03837965910833,95.12358042768282,46.75795910732358,0,none
Line-F,2026-01-03 15:05:00,62.96265106013944,55.719790990008974,3.1458060338076272,19.54663887039919,95.9596148461521,50.08604573347668,0,none
Line-F,2026-01-03 15:10:00,65.00922890559531,57.25013379516511,3.110278214622439,16.99698361375342,100.11819488436188,44.543541556169245,0,none
Line-F,2026-01-03 15:15:00,65.15640113400048,53.69710290514088,3.2752430768763428,16.636043511355705,96.1059252773136,44.51421629306768,0,none
Line-F,2026-01-03 15:20:00,62.57711369500579,55.86070005970468,3.146442144456392,17.225163415902024,103.4637079108799,47.85116826295988,0,none
Line-F,2026-01-03 15:25:00,60.679448463839634,55.016907821371404,3.4787382891850243,17.22046016724014,105.5048509893989,44.84154594367294,0,none
Line-F,2026-01-03 15:30:00,64.19728357151797,56.48517423444951,2.860826902543875,17.76568845006809,109.13445639318232,43.07333540848214,0,none
Line-F,2026-01-03 15:35:00,63.98432433628394,52.692443810708646,3.127228615035261,17.121803256464258,102.42840864546768,47.53414212901758,0,none
Line-F,2026-01-03 15:40:00,63.8758505207135,53.99396918295742,2.9171341750586453,18.04458117519652,100.19137010679684,49.80339488286752,0,none
Line-F,2026-01-03 15:45:00,62.3764413720186,56.94630321079292,2.846250437203131,17.404696857793507,102.35208261858516,42.93244736073407,0,none
Line-F,2026-01-03 15:50:00,61.4342175198035,53.6178593809836,3.3564751889185245,15.77428290852658,109.89354882716492,44.18840767923026,0,none
Line-F,2026-01-03 15:55:00,60.69958114023808,54.78338203883961,3.157131337268158,17.828887117400555,103.19568608816944,44.26780359754834,0,none
Line-F,2026-01-03 16:00:00,63.63707021510958,58.038064556272005,3.472365908779316,17.81075617473291,101.96530055520763,49.38241655165949,0,none
Line-F,2026-01-03 16:05:00,65.14349395361525,54.478635324257766,3.0621041672226204,18.23836635329661,99.73647012016946,46.39139059988025,0,none
Line-F,2026-01-03 16:10:00,60.980369685940175,54.812071723678216,2.818078251269537,15.966058804691,103.32309587315224,52.600729377223374,0,none
Line-F,2026-01-03 16:15:00,62.89338427702943,56.259487964654085,3.299999493168192,17.45994561217198,106.62666975512585,48.98611580671546,0,none
Line-F,2026-01-03 16:20:00,60.45733702208194,54.1891074013905,3.551192959143732,17.942391781168862,108.27843223509664,44.26161818934058,0,none
Line-F,2026-01-03 16:25:00,59.89136864810444,54.69764548911624,2.760764928775504,15.951511903511348,107.7254245059792,43.518160098102776,0,none
Line-F,2026-01-03 16:30:00,61.70845183197408,49.56617892644525,2.872191258235108,17.16808565286794,101.60440453926743,44.5048773346327,0,none
Line-F,2026-01-03 16:35:00,61.72194288340085,54.33393734132475,3.3663934137660294,16.842236606254595,110.04941329057434,47.94631331234103,0,none
Line-F,2026-01-03 16:40:00,62.98894991145611,55.31609472090455,2.941494909516391,14.77705434226309,105.16247597514982,39.54743713695363,0,none
Line-F,2026-01-03 16:45:00,63.09974809432302,55.84732646905358,3.075165003962983,18.002141536986965,106.21725003082577,44.49730760450022,0,none
Line-F,2026-01-03 16:50:00,62.56386210338243,53.02638487447171,2.8189414597091327,16.61702004742829,106.46440073166666,42.12539491333757,0,none
Line-F,2026-01-03 16:55:00,64.92495220430834,56.0441908537293,3.244829193993529,15.47748331757711,108.41502477631542,45.12377838071484,0,none
Line-F,2026-01-03 17:00:00,62.95988817902569,57.6406633476711,3.0292404622726434,15.335245408083855,105.2706836909094,44.05128766253367,0,none
Line-F,2026-01-03 17:05:00,63.263742421151726,53.24011053536453,2.946567098039897,16.133194174328377,103.52308937834472,47.34769259872162,0,none
Line-F,2026-01-03 17:10:00,60.938070376010806,57.35053665505753,2.732014383645552,16.06775239123701,110.42533573089054,45.360678390204136,0,none
Line-F,2026-01-03 17:15:00,62.43134670743726,56.02632007852584,2.387100193439162,15.374409193058522,102.4153489434953,48.78069350858296,0,none
Line-F,2026-01-03 17:20:00,65.00097431657242,55.34131346220505,3.107188368712521,16.50339675870335,99.1009977299714,50.65742063173056,0,none
Line-F,2026-01-03 17:25:00,62.77540439195405,54.188668284296654,3.241542611968916,15.667481582215313,103.87036783919216,39.5208922484171,0,none
Line-F,2026-01-03 17:30:00,61.13625549434503,52.40640286355999,3.501071514025349,16.438968099825708,107.48780320013276,47.00020546752235,0,none
Line-F,2026-01-03 17:35:00,58.86943815740437,52.24206403050625,3.368969667189504,17.09088751108365,108.259737969754,47.23524179308395,0,none
Line-F,2026-01-03 17:40:00,64.11287133987042,54.76526295393035,2.8647698569188127,16.57824943556963,111.14596312501052,41.439512369976654,0,none
Line-F,2026-01-03 17:45:00,62.15258134019966,52.56703046629448,3.368889655607378,17.546533347589452,108.62920300765067,41.34054898313916,0,none
Line-F,2026-01-03 17:50:00,62.5557884076606,54.79315146261888,3.195099289954683,16.715983198586898,101.94951083878182,48.35290718199133,0,none
Line-F,2026-01-03 17:55:00,59.9706912001284,53.27094271889287,3.4766072271080217,18.05901109792235,103.00028226459406,42.84628240019968,0,none
Line-F,2026-01-03 18:00:00,62.0393939036313,51.61716748810126,3.333067585581909,16.865557484846395,106.593001623619,42.85401004326598,0,none
Line-F,2026-01-03 18:05:00,62.60914435364255,55.457233773274055,3.1676720480854663,17.622207026399767,103.23815916536276,43.44058350442814,0,none
Line-F,2026-01-03 18:10:00,63.139992211737,53.64429399932663,2.7733898483894874,17.184456512066777,105.56519220561182,48.140229269706055,0,none
Line-F,2026-01-03 18:15:00,61.1078634026489,53.46146928964582,2.8136521385787896,18.0039070687355,108.41866460769168,46.476148278502286,0,none
Line-F,2026-01-03 18:20:00,62.85704088270445,50.262904459765046,3.0447480765781765,15.8105194979954,102.85439097409552,42.02829044144255,0,none
Line-F,2026-01-03 18:25:00,62.43632754939541,54.877852803325545,3.117386370968049,16.845039856606274,110.3709643073668,46.31855005799236,0,none
Line-F,2026-01-03 18:30:00,62.79447717223709,54.68102115300397,3.255283323878914,16.97391686630832,105.65828283567052,50.85162628093432,0,none
Line-F,2026-01-03 18:35:00,59.01563344852433,52.99477976211109,3.3508305029046426,17.5896485143652,107.72269105913328,53.15536834871935,0,none
